park_name,park_unit,state,year,month,month_name,date,visitor_count,average_temperature_f,precipitation_in,latitude,climate_zone
Arches,ARCH,UT,2007,1,January,2007-01-01,66228,57,0.7,38.73,desert
Arches,ARCH,UT,2007,2,February,2007-02-01,71485,60,0.7,38.73,desert
Arches,ARCH,UT,2007,3,March,2007-03-01,80946,67,0.8,38.73,desert
Arches,ARCH,UT,2007,4,April,2007-04-01,73587,75,0.9,38.73,desert
Arches,ARCH,UT,2007,5,May,2007-05-01,70959,80,1.1,38.73,desert
Arches,ARCH,UT,2007,6,June,2007-06-01,42313,84,1,38.73,desert
Arches,ARCH,UT,2007,7,July,2007-07-01,29435,86,0.9,38.73,desert
Arches,ARCH,UT,2007,8,August,2007-08-01,34165,86,0.9,38.73,desert
Arches,ARCH,UT,2007,9,September,2007-09-01,66228,84,0.9,38.73,desert
Arches,ARCH,UT,2007,10,October,2007-10-01,98291,77,0.9,38.73,desert
Arches,ARCH,UT,2007,11,November,2007-11-01,110381,68,0.9,38.73,desert
Arches,ARCH,UT,2007,12,December,2007-12-01,116163,61,0.8,38.73,desert
Arches,ARCH,UT,2008,1,January,2008-01-01,71511,57,0.7,38.73,desert
Arches,ARCH,UT,2008,2,February,2008-02-01,77187,60,0.7,38.73,desert
Arches,ARCH,UT,2008,3,March,2008-03-01,87403,67,0.8,38.73,desert
Arches,ARCH,UT,2008,4,April,2008-04-01,79457,75,0.9,38.73,desert
Arches,ARCH,UT,2008,5,May,2008-05-01,76619,80,1.1,38.73,desert
Arches,ARCH,UT,2008,6,June,2008-06-01,45688,84,1,38.73,desert
Arches,ARCH,UT,2008,7,July,2008-07-01,31783,86,0.9,38.73,desert
Arches,ARCH,UT,2008,8,August,2008-08-01,36891,86,0.9,38.73,desert
Arches,ARCH,UT,2008,9,September,2008-09-01,71511,84,0.9,38.73,desert
Arches,ARCH,UT,2008,10,October,2008-10-01,106132,77,0.9,38.73,desert
Arches,ARCH,UT,2008,11,November,2008-11-01,119185,68,0.9,38.73,desert
Arches,ARCH,UT,2008,12,December,2008-12-01,125428,61,0.8,38.73,desert
Arches,ARCH,UT,2009,1,January,2009-01-01,76710,57,0.7,38.73,desert
Arches,ARCH,UT,2009,2,February,2009-02-01,82798,60,0.7,38.73,desert
Arches,ARCH,UT,2009,3,March,2009-03-01,93756,67,0.8,38.73,desert
Arches,ARCH,UT,2009,4,April,2009-04-01,85233,75,0.9,38.73,desert
Arches,ARCH,UT,2009,5,May,2009-05-01,82189,80,1.1,38.73,desert
Arches,ARCH,UT,2009,6,June,2009-06-01,49009,84,1,38.73,desert
Arches,ARCH,UT,2009,7,July,2009-07-01,34093,86,0.9,38.73,desert
Arches,ARCH,UT,2009,8,August,2009-08-01,39572,86,0.9,38.73,desert
Arches,ARCH,UT,2009,9,September,2009-09-01,76710,84,0.9,38.73,desert
Arches,ARCH,UT,2009,10,October,2009-10-01,113847,77,0.9,38.73,desert
Arches,ARCH,UT,2009,11,November,2009-11-01,127849,68,0.9,38.73,desert
Arches,ARCH,UT,2009,12,December,2009-12-01,134546,61,0.8,38.73,desert
Arches,ARCH,UT,2010,1,January,2010-01-01,78103,57,0.7,38.73,desert
Arches,ARCH,UT,2010,2,February,2010-02-01,84301,60,0.7,38.73,desert
Arches,ARCH,UT,2010,3,March,2010-03-01,95459,67,0.8,38.73,desert
Arches,ARCH,UT,2010,4,April,2010-04-01,86781,75,0.9,38.73,desert
Arches,ARCH,UT,2010,5,May,2010-05-01,83681,80,1.1,38.73,desert
Arches,ARCH,UT,2010,6,June,2010-06-01,49899,84,1,38.73,desert
Arches,ARCH,UT,2010,7,July,2010-07-01,34712,86,0.9,38.73,desert
Arches,ARCH,UT,2010,8,August,2010-08-01,40291,86,0.9,38.73,desert
Arches,ARCH,UT,2010,9,September,2010-09-01,78103,84,0.9,38.73,desert
Arches,ARCH,UT,2010,10,October,2010-10-01,115914,77,0.9,38.73,desert
Arches,ARCH,UT,2010,11,November,2010-11-01,130171,68,0.9,38.73,desert
Arches,ARCH,UT,2010,12,December,2010-12-01,136990,61,0.8,38.73,desert
Arches,ARCH,UT,2011,1,January,2011-01-01,80132,57,0.7,38.73,desert
Arches,ARCH,UT,2011,2,February,2011-02-01,86491,60,0.7,38.73,desert
Arches,ARCH,UT,2011,3,March,2011-03-01,97939,67,0.8,38.73,desert
Arches,ARCH,UT,2011,4,April,2011-04-01,89035,75,0.9,38.73,desert
Arches,ARCH,UT,2011,5,May,2011-05-01,85855,80,1.1,38.73,desert
Arches,ARCH,UT,2011,6,June,2011-06-01,51195,84,1,38.73,desert
Arches,ARCH,UT,2011,7,July,2011-07-01,35614,86,0.9,38.73,desert
Arches,ARCH,UT,2011,8,August,2011-08-01,41338,86,0.9,38.73,desert
Arches,ARCH,UT,2011,9,September,2011-09-01,80132,84,0.9,38.73,desert
Arches,ARCH,UT,2011,10,October,2011-10-01,118926,77,0.9,38.73,desert
Arches,ARCH,UT,2011,11,November,2011-11-01,133553,68,0.9,38.73,desert
Arches,ARCH,UT,2011,12,December,2011-12-01,140548,61,0.8,38.73,desert
Arches,ARCH,UT,2012,1,January,2012-01-01,82428,57,0.7,38.73,desert
Arches,ARCH,UT,2012,2,February,2012-02-01,88969,60,0.7,38.73,desert
Arches,ARCH,UT,2012,3,March,2012-03-01,100745,67,0.8,38.73,desert
Arches,ARCH,UT,2012,4,April,2012-04-01,91586,75,0.9,38.73,desert
Arches,ARCH,UT,2012,5,May,2012-05-01,88315,80,1.1,38.73,desert
Arches,ARCH,UT,2012,6,June,2012-06-01,52662,84,1,38.73,desert
Arches,ARCH,UT,2012,7,July,2012-07-01,36634,86,0.9,38.73,desert
Arches,ARCH,UT,2012,8,August,2012-08-01,42522,86,0.9,38.73,desert
Arches,ARCH,UT,2012,9,September,2012-09-01,82428,84,0.9,38.73,desert
Arches,ARCH,UT,2012,10,October,2012-10-01,122333,77,0.9,38.73,desert
Arches,ARCH,UT,2012,11,November,2012-11-01,137379,68,0.9,38.73,desert
Arches,ARCH,UT,2012,12,December,2012-12-01,144575,61,0.8,38.73,desert
Arches,ARCH,UT,2013,1,January,2013-01-01,83374,57,0.7,38.73,desert
Arches,ARCH,UT,2013,2,February,2013-02-01,89991,60,0.7,38.73,desert
Arches,ARCH,UT,2013,3,March,2013-03-01,101901,67,0.8,38.73,desert
Arches,ARCH,UT,2013,4,April,2013-04-01,92637,75,0.9,38.73,desert
Arches,ARCH,UT,2013,5,May,2013-05-01,89329,80,1.1,38.73,desert
Arches,ARCH,UT,2013,6,June,2013-06-01,53267,84,1,38.73,desert
Arches,ARCH,UT,2013,7,July,2013-07-01,37055,86,0.9,38.73,desert
Arches,ARCH,UT,2013,8,August,2013-08-01,43010,86,0.9,38.73,desert
Arches,ARCH,UT,2013,9,September,2013-09-01,83374,84,0.9,38.73,desert
Arches,ARCH,UT,2013,10,October,2013-10-01,123737,77,0.9,38.73,desert
Arches,ARCH,UT,2013,11,November,2013-11-01,138956,68,0.9,38.73,desert
Arches,ARCH,UT,2013,12,December,2013-12-01,146235,61,0.8,38.73,desert
Arches,ARCH,UT,2014,1,January,2014-01-01,98919,57,0.7,38.73,desert
Arches,ARCH,UT,2014,2,February,2014-02-01,106770,60,0.7,38.73,desert
Arches,ARCH,UT,2014,3,March,2014-03-01,120901,67,0.8,38.73,desert
Arches,ARCH,UT,2014,4,April,2014-04-01,109910,75,0.9,38.73,desert
Arches,ARCH,UT,2014,5,May,2014-05-01,105984,80,1.1,38.73,desert
Arches,ARCH,UT,2014,6,June,2014-06-01,63198,84,1,38.73,desert
Arches,ARCH,UT,2014,7,July,2014-07-01,43964,86,0.9,38.73,desert
Arches,ARCH,UT,2014,8,August,2014-08-01,51030,86,0.9,38.73,desert
Arches,ARCH,UT,2014,9,September,2014-09-01,98919,84,0.9,38.73,desert
Arches,ARCH,UT,2014,10,October,2014-10-01,146808,77,0.9,38.73,desert
Arches,ARCH,UT,2014,11,November,2014-11-01,164865,68,0.9,38.73,desert
Arches,ARCH,UT,2014,12,December,2014-12-01,173500,61,0.8,38.73,desert
Arches,ARCH,UT,2015,1,January,2015-01-01,107733,57,0.7,38.73,desert
Arches,ARCH,UT,2015,2,February,2015-02-01,116283,60,0.7,38.73,desert
Arches,ARCH,UT,2015,3,March,2015-03-01,131674,67,0.8,38.73,desert
Arches,ARCH,UT,2015,4,April,2015-04-01,119703,75,0.9,38.73,desert
Arches,ARCH,UT,2015,5,May,2015-05-01,115428,80,1.1,38.73,desert
Arches,ARCH,UT,2015,6,June,2015-06-01,68829,84,1,38.73,desert
Arches,ARCH,UT,2015,7,July,2015-07-01,47881,86,0.9,38.73,desert
Arches,ARCH,UT,2015,8,August,2015-08-01,55577,86,0.9,38.73,desert
Arches,ARCH,UT,2015,9,September,2015-09-01,107733,84,0.9,38.73,desert
Arches,ARCH,UT,2015,10,October,2015-10-01,159890,77,0.9,38.73,desert
Arches,ARCH,UT,2015,11,November,2015-11-01,179555,68,0.9,38.73,desert
Arches,ARCH,UT,2015,12,December,2015-12-01,188960,61,0.8,38.73,desert
Arches,ARCH,UT,2016,1,January,2016-01-01,122090,57,0.7,38.73,desert
Arches,ARCH,UT,2016,2,February,2016-02-01,131780,60,0.7,38.73,desert
Arches,ARCH,UT,2016,3,March,2016-03-01,149221,67,0.8,38.73,desert
Arches,ARCH,UT,2016,4,April,2016-04-01,135656,75,0.9,38.73,desert
Arches,ARCH,UT,2016,5,May,2016-05-01,130811,80,1.1,38.73,desert
Arches,ARCH,UT,2016,6,June,2016-06-01,78002,84,1,38.73,desert
Arches,ARCH,UT,2016,7,July,2016-07-01,54262,86,0.9,38.73,desert
Arches,ARCH,UT,2016,8,August,2016-08-01,62983,86,0.9,38.73,desert
Arches,ARCH,UT,2016,9,September,2016-09-01,122090,84,0.9,38.73,desert
Arches,ARCH,UT,2016,10,October,2016-10-01,181197,77,0.9,38.73,desert
Arches,ARCH,UT,2016,11,November,2016-11-01,203484,68,0.9,38.73,desert
Arches,ARCH,UT,2016,12,December,2016-12-01,214142,61,0.8,38.73,desert
Badlands,BADL,SD,2007,1,January,2007-01-01,31033,NA,2.1,NA,NA
Badlands,BADL,SD,2007,2,February,2007-02-01,35466,NA,1.9,NA,NA
Badlands,BADL,SD,2007,3,March,2007-03-01,48766,NA,2.4,NA,NA
Badlands,BADL,SD,2007,4,April,2007-04-01,62066,NA,2.7,NA,NA
Badlands,BADL,SD,2007,5,May,2007-05-01,79799,NA,3.1,NA,NA
Badlands,BADL,SD,2007,6,June,2007-06-01,101965,NA,3,NA,NA
Badlands,BADL,SD,2007,7,July,2007-07-01,124132,NA,2.7,NA,NA
Badlands,BADL,SD,2007,8,August,2007-08-01,115265,NA,2.6,NA,NA
Badlands,BADL,SD,2007,9,September,2007-09-01,93099,NA,2.5,NA,NA
Badlands,BADL,SD,2007,10,October,2007-10-01,75366,NA,2.5,NA,NA
Badlands,BADL,SD,2007,11,November,2007-11-01,62066,NA,2.5,NA,NA
Badlands,BADL,SD,2007,12,December,2007-12-01,57633,NA,2.3,NA,NA
Badlands,BADL,SD,2008,1,January,2008-01-01,29601,NA,2.1,NA,NA
Badlands,BADL,SD,2008,2,February,2008-02-01,33829,NA,1.9,NA,NA
Badlands,BADL,SD,2008,3,March,2008-03-01,46515,NA,2.4,NA,NA
Badlands,BADL,SD,2008,4,April,2008-04-01,59201,NA,2.7,NA,NA
Badlands,BADL,SD,2008,5,May,2008-05-01,76116,NA,3.1,NA,NA
Badlands,BADL,SD,2008,6,June,2008-06-01,97259,NA,3,NA,NA
Badlands,BADL,SD,2008,7,July,2008-07-01,118403,NA,2.7,NA,NA
Badlands,BADL,SD,2008,8,August,2008-08-01,109945,NA,2.6,NA,NA
Badlands,BADL,SD,2008,9,September,2008-09-01,88802,NA,2.5,NA,NA
Badlands,BADL,SD,2008,10,October,2008-10-01,71887,NA,2.5,NA,NA
Badlands,BADL,SD,2008,11,November,2008-11-01,59201,NA,2.5,NA,NA
Badlands,BADL,SD,2008,12,December,2008-12-01,54973,NA,2.3,NA,NA
Badlands,BADL,SD,2009,1,January,2009-01-01,32687,NA,2.1,NA,NA
Badlands,BADL,SD,2009,2,February,2009-02-01,37357,NA,1.9,NA,NA
Badlands,BADL,SD,2009,3,March,2009-03-01,51365,NA,2.4,NA,NA
Badlands,BADL,SD,2009,4,April,2009-04-01,65374,NA,2.7,NA,NA
Badlands,BADL,SD,2009,5,May,2009-05-01,84053,NA,3.1,NA,NA
Badlands,BADL,SD,2009,6,June,2009-06-01,107401,NA,3,NA,NA
Badlands,BADL,SD,2009,7,July,2009-07-01,130749,NA,2.7,NA,NA
Badlands,BADL,SD,2009,8,August,2009-08-01,121409,NA,2.6,NA,NA
Badlands,BADL,SD,2009,9,September,2009-09-01,98061,NA,2.5,NA,NA
Badlands,BADL,SD,2009,10,October,2009-10-01,79383,NA,2.5,NA,NA
Badlands,BADL,SD,2009,11,November,2009-11-01,65374,NA,2.5,NA,NA
Badlands,BADL,SD,2009,12,December,2009-12-01,60705,NA,2.3,NA,NA
Badlands,BADL,SD,2010,1,January,2010-01-01,34222,NA,2.1,NA,NA
Badlands,BADL,SD,2010,2,February,2010-02-01,39111,NA,1.9,NA,NA
Badlands,BADL,SD,2010,3,March,2010-03-01,53778,NA,2.4,NA,NA
Badlands,BADL,SD,2010,4,April,2010-04-01,68444,NA,2.7,NA,NA
Badlands,BADL,SD,2010,5,May,2010-05-01,88000,NA,3.1,NA,NA
Badlands,BADL,SD,2010,6,June,2010-06-01,112444,NA,3,NA,NA
Badlands,BADL,SD,2010,7,July,2010-07-01,136889,NA,2.7,NA,NA
Badlands,BADL,SD,2010,8,August,2010-08-01,127111,NA,2.6,NA,NA
Badlands,BADL,SD,2010,9,September,2010-09-01,102667,NA,2.5,NA,NA
Badlands,BADL,SD,2010,10,October,2010-10-01,83111,NA,2.5,NA,NA
Badlands,BADL,SD,2010,11,November,2010-11-01,68444,NA,2.5,NA,NA
Badlands,BADL,SD,2010,12,December,2010-12-01,63556,NA,2.3,NA,NA
Badlands,BADL,SD,2011,1,January,2011-01-01,30476,NA,2.1,NA,NA
Badlands,BADL,SD,2011,2,February,2011-02-01,34830,NA,1.9,NA,NA
Badlands,BADL,SD,2011,3,March,2011-03-01,47891,NA,2.4,NA,NA
Badlands,BADL,SD,2011,4,April,2011-04-01,60952,NA,2.7,NA,NA
Badlands,BADL,SD,2011,5,May,2011-05-01,78367,NA,3.1,NA,NA
Badlands,BADL,SD,2011,6,June,2011-06-01,100135,NA,3,NA,NA
Badlands,BADL,SD,2011,7,July,2011-07-01,121904,NA,2.7,NA,NA
Badlands,BADL,SD,2011,8,August,2011-08-01,113196,NA,2.6,NA,NA
Badlands,BADL,SD,2011,9,September,2011-09-01,91428,NA,2.5,NA,NA
Badlands,BADL,SD,2011,10,October,2011-10-01,74013,NA,2.5,NA,NA
Badlands,BADL,SD,2011,11,November,2011-11-01,60952,NA,2.5,NA,NA
Badlands,BADL,SD,2011,12,December,2011-12-01,56598,NA,2.3,NA,NA
Badlands,BADL,SD,2012,1,January,2012-01-01,30919,NA,2.1,NA,NA
Badlands,BADL,SD,2012,2,February,2012-02-01,35336,NA,1.9,NA,NA
Badlands,BADL,SD,2012,3,March,2012-03-01,48587,NA,2.4,NA,NA
Badlands,BADL,SD,2012,4,April,2012-04-01,61838,NA,2.7,NA,NA
Badlands,BADL,SD,2012,5,May,2012-05-01,79507,NA,3.1,NA,NA
Badlands,BADL,SD,2012,6,June,2012-06-01,101592,NA,3,NA,NA
Badlands,BADL,SD,2012,7,July,2012-07-01,123677,NA,2.7,NA,NA
Badlands,BADL,SD,2012,8,August,2012-08-01,114843,NA,2.6,NA,NA
Badlands,BADL,SD,2012,9,September,2012-09-01,92758,NA,2.5,NA,NA
Badlands,BADL,SD,2012,10,October,2012-10-01,75090,NA,2.5,NA,NA
Badlands,BADL,SD,2012,11,November,2012-11-01,61838,NA,2.5,NA,NA
Badlands,BADL,SD,2012,12,December,2012-12-01,57421,NA,2.3,NA,NA
Badlands,BADL,SD,2013,1,January,2013-01-01,31233,NA,2.1,NA,NA
Badlands,BADL,SD,2013,2,February,2013-02-01,35695,NA,1.9,NA,NA
Badlands,BADL,SD,2013,3,March,2013-03-01,49080,NA,2.4,NA,NA
Badlands,BADL,SD,2013,4,April,2013-04-01,62466,NA,2.7,NA,NA
Badlands,BADL,SD,2013,5,May,2013-05-01,80313,NA,3.1,NA,NA
Badlands,BADL,SD,2013,6,June,2013-06-01,102623,NA,3,NA,NA
Badlands,BADL,SD,2013,7,July,2013-07-01,124932,NA,2.7,NA,NA
Badlands,BADL,SD,2013,8,August,2013-08-01,116008,NA,2.6,NA,NA
Badlands,BADL,SD,2013,9,September,2013-09-01,93699,NA,2.5,NA,NA
Badlands,BADL,SD,2013,10,October,2013-10-01,75852,NA,2.5,NA,NA
Badlands,BADL,SD,2013,11,November,2013-11-01,62466,NA,2.5,NA,NA
Badlands,BADL,SD,2013,12,December,2013-12-01,58004,NA,2.3,NA,NA
Badlands,BADL,SD,2014,1,January,2014-01-01,30383,NA,2.1,NA,NA
Badlands,BADL,SD,2014,2,February,2014-02-01,34724,NA,1.9,NA,NA
Badlands,BADL,SD,2014,3,March,2014-03-01,47745,NA,2.4,NA,NA
Badlands,BADL,SD,2014,4,April,2014-04-01,60767,NA,2.7,NA,NA
Badlands,BADL,SD,2014,5,May,2014-05-01,78128,NA,3.1,NA,NA
Badlands,BADL,SD,2014,6,June,2014-06-01,99831,NA,3,NA,NA
Badlands,BADL,SD,2014,7,July,2014-07-01,121533,NA,2.7,NA,NA
Badlands,BADL,SD,2014,8,August,2014-08-01,112852,NA,2.6,NA,NA
Badlands,BADL,SD,2014,9,September,2014-09-01,91150,NA,2.5,NA,NA
Badlands,BADL,SD,2014,10,October,2014-10-01,73788,NA,2.5,NA,NA
Badlands,BADL,SD,2014,11,November,2014-11-01,60767,NA,2.5,NA,NA
Badlands,BADL,SD,2014,12,December,2014-12-01,56426,NA,2.3,NA,NA
Badlands,BADL,SD,2015,1,January,2015-01-01,34627,NA,2.1,NA,NA
Badlands,BADL,SD,2015,2,February,2015-02-01,39574,NA,1.9,NA,NA
Badlands,BADL,SD,2015,3,March,2015-03-01,54414,NA,2.4,NA,NA
Badlands,BADL,SD,2015,4,April,2015-04-01,69255,NA,2.7,NA,NA
Badlands,BADL,SD,2015,5,May,2015-05-01,89042,NA,3.1,NA,NA
Badlands,BADL,SD,2015,6,June,2015-06-01,113776,NA,3,NA,NA
Badlands,BADL,SD,2015,7,July,2015-07-01,138510,NA,2.7,NA,NA
Badlands,BADL,SD,2015,8,August,2015-08-01,128616,NA,2.6,NA,NA
Badlands,BADL,SD,2015,9,September,2015-09-01,103882,NA,2.5,NA,NA
Badlands,BADL,SD,2015,10,October,2015-10-01,84095,NA,2.5,NA,NA
Badlands,BADL,SD,2015,11,November,2015-11-01,69255,NA,2.5,NA,NA
Badlands,BADL,SD,2015,12,December,2015-12-01,64308,NA,2.3,NA,NA
Badlands,BADL,SD,2016,1,January,2016-01-01,34869,NA,2.1,NA,NA
Badlands,BADL,SD,2016,2,February,2016-02-01,39851,NA,1.9,NA,NA
Badlands,BADL,SD,2016,3,March,2016-03-01,54794,NA,2.4,NA,NA
Badlands,BADL,SD,2016,4,April,2016-04-01,69738,NA,2.7,NA,NA
Badlands,BADL,SD,2016,5,May,2016-05-01,89664,NA,3.1,NA,NA
Badlands,BADL,SD,2016,6,June,2016-06-01,114570,NA,3,NA,NA
Badlands,BADL,SD,2016,7,July,2016-07-01,139477,NA,2.7,NA,NA
Badlands,BADL,SD,2016,8,August,2016-08-01,129514,NA,2.6,NA,NA
Badlands,BADL,SD,2016,9,September,2016-09-01,104608,NA,2.5,NA,NA
Badlands,BADL,SD,2016,10,October,2016-10-01,84682,NA,2.5,NA,NA
Badlands,BADL,SD,2016,11,November,2016-11-01,69738,NA,2.5,NA,NA
Badlands,BADL,SD,2016,12,December,2016-12-01,64757,NA,2.3,NA,NA
Biscayne,BISC,FL,2007,1,January,2007-01-01,18110,NA,2.1,NA,NA
Biscayne,BISC,FL,2007,2,February,2007-02-01,20698,NA,1.9,NA,NA
Biscayne,BISC,FL,2007,3,March,2007-03-01,28459,NA,2.4,NA,NA
Biscayne,BISC,FL,2007,4,April,2007-04-01,36221,NA,2.7,NA,NA
Biscayne,BISC,FL,2007,5,May,2007-05-01,46570,NA,3.1,NA,NA
Biscayne,BISC,FL,2007,6,June,2007-06-01,59506,NA,3,NA,NA
Biscayne,BISC,FL,2007,7,July,2007-07-01,72442,NA,2.7,NA,NA
Biscayne,BISC,FL,2007,8,August,2007-08-01,67267,NA,2.6,NA,NA
Biscayne,BISC,FL,2007,9,September,2007-09-01,54331,NA,2.5,NA,NA
Biscayne,BISC,FL,2007,10,October,2007-10-01,43983,NA,2.5,NA,NA
Biscayne,BISC,FL,2007,11,November,2007-11-01,36221,NA,2.5,NA,NA
Biscayne,BISC,FL,2007,12,December,2007-12-01,33634,NA,2.3,NA,NA
Biscayne,BISC,FL,2008,1,January,2008-01-01,24012,NA,2.1,NA,NA
Biscayne,BISC,FL,2008,2,February,2008-02-01,27442,NA,1.9,NA,NA
Biscayne,BISC,FL,2008,3,March,2008-03-01,37733,NA,2.4,NA,NA
Biscayne,BISC,FL,2008,4,April,2008-04-01,48024,NA,2.7,NA,NA
Biscayne,BISC,FL,2008,5,May,2008-05-01,61746,NA,3.1,NA,NA
Biscayne,BISC,FL,2008,6,June,2008-06-01,78897,NA,3,NA,NA
Biscayne,BISC,FL,2008,7,July,2008-07-01,96049,NA,2.7,NA,NA
Biscayne,BISC,FL,2008,8,August,2008-08-01,89188,NA,2.6,NA,NA
Biscayne,BISC,FL,2008,9,September,2008-09-01,72037,NA,2.5,NA,NA
Biscayne,BISC,FL,2008,10,October,2008-10-01,58315,NA,2.5,NA,NA
Biscayne,BISC,FL,2008,11,November,2008-11-01,48024,NA,2.5,NA,NA
Biscayne,BISC,FL,2008,12,December,2008-12-01,44594,NA,2.3,NA,NA
Biscayne,BISC,FL,2009,1,January,2009-01-01,15321,NA,2.1,NA,NA
Biscayne,BISC,FL,2009,2,February,2009-02-01,17510,NA,1.9,NA,NA
Biscayne,BISC,FL,2009,3,March,2009-03-01,24076,NA,2.4,NA,NA
Biscayne,BISC,FL,2009,4,April,2009-04-01,30642,NA,2.7,NA,NA
Biscayne,BISC,FL,2009,5,May,2009-05-01,39397,NA,3.1,NA,NA
Biscayne,BISC,FL,2009,6,June,2009-06-01,50341,NA,3,NA,NA
Biscayne,BISC,FL,2009,7,July,2009-07-01,61284,NA,2.7,NA,NA
Biscayne,BISC,FL,2009,8,August,2009-08-01,56907,NA,2.6,NA,NA
Biscayne,BISC,FL,2009,9,September,2009-09-01,45963,NA,2.5,NA,NA
Biscayne,BISC,FL,2009,10,October,2009-10-01,37208,NA,2.5,NA,NA
Biscayne,BISC,FL,2009,11,November,2009-11-01,30642,NA,2.5,NA,NA
Biscayne,BISC,FL,2009,12,December,2009-12-01,28453,NA,2.3,NA,NA
Biscayne,BISC,FL,2010,1,January,2010-01-01,16366,NA,2.1,NA,NA
Biscayne,BISC,FL,2010,2,February,2010-02-01,18704,NA,1.9,NA,NA
Biscayne,BISC,FL,2010,3,March,2010-03-01,25719,NA,2.4,NA,NA
Biscayne,BISC,FL,2010,4,April,2010-04-01,32733,NA,2.7,NA,NA
Biscayne,BISC,FL,2010,5,May,2010-05-01,42085,NA,3.1,NA,NA
Biscayne,BISC,FL,2010,6,June,2010-06-01,53775,NA,3,NA,NA
Biscayne,BISC,FL,2010,7,July,2010-07-01,65466,NA,2.7,NA,NA
Biscayne,BISC,FL,2010,8,August,2010-08-01,60790,NA,2.6,NA,NA
Biscayne,BISC,FL,2010,9,September,2010-09-01,49099,NA,2.5,NA,NA
Biscayne,BISC,FL,2010,10,October,2010-10-01,39747,NA,2.5,NA,NA
Biscayne,BISC,FL,2010,11,November,2010-11-01,32733,NA,2.5,NA,NA
Biscayne,BISC,FL,2010,12,December,2010-12-01,30395,NA,2.3,NA,NA
Biscayne,BISC,FL,2011,1,January,2011-01-01,16663,NA,2.1,NA,NA
Biscayne,BISC,FL,2011,2,February,2011-02-01,19043,NA,1.9,NA,NA
Biscayne,BISC,FL,2011,3,March,2011-03-01,26184,NA,2.4,NA,NA
Biscayne,BISC,FL,2011,4,April,2011-04-01,33325,NA,2.7,NA,NA
Biscayne,BISC,FL,2011,5,May,2011-05-01,42847,NA,3.1,NA,NA
Biscayne,BISC,FL,2011,6,June,2011-06-01,54749,NA,3,NA,NA
Biscayne,BISC,FL,2011,7,July,2011-07-01,66651,NA,2.7,NA,NA
Biscayne,BISC,FL,2011,8,August,2011-08-01,61890,NA,2.6,NA,NA
Biscayne,BISC,FL,2011,9,September,2011-09-01,49988,NA,2.5,NA,NA
Biscayne,BISC,FL,2011,10,October,2011-10-01,40467,NA,2.5,NA,NA
Biscayne,BISC,FL,2011,11,November,2011-11-01,33325,NA,2.5,NA,NA
Biscayne,BISC,FL,2011,12,December,2011-12-01,30945,NA,2.3,NA,NA
Biscayne,BISC,FL,2012,1,January,2012-01-01,17346,NA,2.1,NA,NA
Biscayne,BISC,FL,2012,2,February,2012-02-01,19825,NA,1.9,NA,NA
Biscayne,BISC,FL,2012,3,March,2012-03-01,27259,NA,2.4,NA,NA
Biscayne,BISC,FL,2012,4,April,2012-04-01,34693,NA,2.7,NA,NA
Biscayne,BISC,FL,2012,5,May,2012-05-01,44605,NA,3.1,NA,NA
Biscayne,BISC,FL,2012,6,June,2012-06-01,56995,NA,3,NA,NA
Biscayne,BISC,FL,2012,7,July,2012-07-01,69386,NA,2.7,NA,NA
Biscayne,BISC,FL,2012,8,August,2012-08-01,64430,NA,2.6,NA,NA
Biscayne,BISC,FL,2012,9,September,2012-09-01,52039,NA,2.5,NA,NA
Biscayne,BISC,FL,2012,10,October,2012-10-01,42127,NA,2.5,NA,NA
Biscayne,BISC,FL,2012,11,November,2012-11-01,34693,NA,2.5,NA,NA
Biscayne,BISC,FL,2012,12,December,2012-12-01,32215,NA,2.3,NA,NA
Biscayne,BISC,FL,2013,1,January,2013-01-01,17040,NA,2.1,NA,NA
Biscayne,BISC,FL,2013,2,February,2013-02-01,19474,NA,1.9,NA,NA
Biscayne,BISC,FL,2013,3,March,2013-03-01,26777,NA,2.4,NA,NA
Biscayne,BISC,FL,2013,4,April,2013-04-01,34079,NA,2.7,NA,NA
Biscayne,BISC,FL,2013,5,May,2013-05-01,43816,NA,3.1,NA,NA
Biscayne,BISC,FL,2013,6,June,2013-06-01,55988,NA,3,NA,NA
Biscayne,BISC,FL,2013,7,July,2013-07-01,68159,NA,2.7,NA,NA
Biscayne,BISC,FL,2013,8,August,2013-08-01,63290,NA,2.6,NA,NA
Biscayne,BISC,FL,2013,9,September,2013-09-01,51119,NA,2.5,NA,NA
Biscayne,BISC,FL,2013,10,October,2013-10-01,41382,NA,2.5,NA,NA
Biscayne,BISC,FL,2013,11,November,2013-11-01,34079,NA,2.5,NA,NA
Biscayne,BISC,FL,2013,12,December,2013-12-01,31645,NA,2.3,NA,NA
Biscayne,BISC,FL,2014,1,January,2014-01-01,18401,NA,2.1,NA,NA
Biscayne,BISC,FL,2014,2,February,2014-02-01,21030,NA,1.9,NA,NA
Biscayne,BISC,FL,2014,3,March,2014-03-01,28916,NA,2.4,NA,NA
Biscayne,BISC,FL,2014,4,April,2014-04-01,36802,NA,2.7,NA,NA
Biscayne,BISC,FL,2014,5,May,2014-05-01,47317,NA,3.1,NA,NA
Biscayne,BISC,FL,2014,6,June,2014-06-01,60461,NA,3,NA,NA
Biscayne,BISC,FL,2014,7,July,2014-07-01,73604,NA,2.7,NA,NA
Biscayne,BISC,FL,2014,8,August,2014-08-01,68347,NA,2.6,NA,NA
Biscayne,BISC,FL,2014,9,September,2014-09-01,55203,NA,2.5,NA,NA
Biscayne,BISC,FL,2014,10,October,2014-10-01,44688,NA,2.5,NA,NA
Biscayne,BISC,FL,2014,11,November,2014-11-01,36802,NA,2.5,NA,NA
Biscayne,BISC,FL,2014,12,December,2014-12-01,34173,NA,2.3,NA,NA
Biscayne,BISC,FL,2015,1,January,2015-01-01,17786,NA,2.1,NA,NA
Biscayne,BISC,FL,2015,2,February,2015-02-01,20327,NA,1.9,NA,NA
Biscayne,BISC,FL,2015,3,March,2015-03-01,27949,NA,2.4,NA,NA
Biscayne,BISC,FL,2015,4,April,2015-04-01,35571,NA,2.7,NA,NA
Biscayne,BISC,FL,2015,5,May,2015-05-01,45735,NA,3.1,NA,NA
Biscayne,BISC,FL,2015,6,June,2015-06-01,58439,NA,3,NA,NA
Biscayne,BISC,FL,2015,7,July,2015-07-01,71143,NA,2.7,NA,NA
Biscayne,BISC,FL,2015,8,August,2015-08-01,66061,NA,2.6,NA,NA
Biscayne,BISC,FL,2015,9,September,2015-09-01,53357,NA,2.5,NA,NA
Biscayne,BISC,FL,2015,10,October,2015-10-01,43194,NA,2.5,NA,NA
Biscayne,BISC,FL,2015,11,November,2015-11-01,35571,NA,2.5,NA,NA
Biscayne,BISC,FL,2015,12,December,2015-12-01,33031,NA,2.3,NA,NA
Biscayne,BISC,FL,2016,1,January,2016-01-01,18015,NA,2.1,NA,NA
Biscayne,BISC,FL,2016,2,February,2016-02-01,20588,NA,1.9,NA,NA
Biscayne,BISC,FL,2016,3,March,2016-03-01,28309,NA,2.4,NA,NA
Biscayne,BISC,FL,2016,4,April,2016-04-01,36030,NA,2.7,NA,NA
Biscayne,BISC,FL,2016,5,May,2016-05-01,46324,NA,3.1,NA,NA
Biscayne,BISC,FL,2016,6,June,2016-06-01,59192,NA,3,NA,NA
Biscayne,BISC,FL,2016,7,July,2016-07-01,72059,NA,2.7,NA,NA
Biscayne,BISC,FL,2016,8,August,2016-08-01,66912,NA,2.6,NA,NA
Biscayne,BISC,FL,2016,9,September,2016-09-01,54044,NA,2.5,NA,NA
Biscayne,BISC,FL,2016,10,October,2016-10-01,43750,NA,2.5,NA,NA
Biscayne,BISC,FL,2016,11,November,2016-11-01,36030,NA,2.5,NA,NA
Biscayne,BISC,FL,2016,12,December,2016-12-01,33456,NA,2.3,NA,NA
Black Canyon of the Gunnison,BLCA,CO,2007,1,January,2007-01-01,7685,NA,2.1,NA,NA
Black Canyon of the Gunnison,BLCA,CO,2007,2,February,2007-02-01,8783,NA,1.9,NA,NA
Black Canyon of the Gunnison,BLCA,CO,2007,3,March,2007-03-01,12077,NA,2.4,NA,NA
Black Canyon of the Gunnison,BLCA,CO,2007,4,April,2007-04-01,15370,NA,2.7,NA,NA
Black Canyon of the Gunnison,BLCA,CO,2007,5,May,2007-05-01,19762,NA,3.1,NA,NA
Black Canyon of the Gunnison,BLCA,CO,2007,6,June,2007-06-01,25251,NA,3,NA,NA
Black Canyon of the Gunnison,BLCA,CO,2007,7,July,2007-07-01,30741,NA,2.7,NA,NA
Black Canyon of the Gunnison,BLCA,CO,2007,8,August,2007-08-01,28545,NA,2.6,NA,NA
Black Canyon of the Gunnison,BLCA,CO,2007,9,September,2007-09-01,23055,NA,2.5,NA,NA
Black Canyon of the Gunnison,BLCA,CO,2007,10,October,2007-10-01,18664,NA,2.5,NA,NA
Black Canyon of the Gunnison,BLCA,CO,2007,11,November,2007-11-01,15370,NA,2.5,NA,NA
Black Canyon of the Gunnison,BLCA,CO,2007,12,December,2007-12-01,14272,NA,2.3,NA,NA
Black Canyon of the Gunnison,BLCA,CO,2008,1,January,2008-01-01,5606,NA,2.1,NA,NA
Black Canyon of the Gunnison,BLCA,CO,2008,2,February,2008-02-01,6407,NA,1.9,NA,NA
Black Canyon of the Gunnison,BLCA,CO,2008,3,March,2008-03-01,8810,NA,2.4,NA,NA
Black Canyon of the Gunnison,BLCA,CO,2008,4,April,2008-04-01,11213,NA,2.7,NA,NA
Black Canyon of the Gunnison,BLCA,CO,2008,5,May,2008-05-01,14417,NA,3.1,NA,NA
Black Canyon of the Gunnison,BLCA,CO,2008,6,June,2008-06-01,18421,NA,3,NA,NA
Black Canyon of the Gunnison,BLCA,CO,2008,7,July,2008-07-01,22426,NA,2.7,NA,NA
Black Canyon of the Gunnison,BLCA,CO,2008,8,August,2008-08-01,20824,NA,2.6,NA,NA
Black Canyon of the Gunnison,BLCA,CO,2008,9,September,2008-09-01,16819,NA,2.5,NA,NA
Black Canyon of the Gunnison,BLCA,CO,2008,10,October,2008-10-01,13616,NA,2.5,NA,NA
Black Canyon of the Gunnison,BLCA,CO,2008,11,November,2008-11-01,11213,NA,2.5,NA,NA
Black Canyon of the Gunnison,BLCA,CO,2008,12,December,2008-12-01,10412,NA,2.3,NA,NA
Black Canyon of the Gunnison,BLCA,CO,2009,1,January,2009-01-01,6001,NA,2.1,NA,NA
Black Canyon of the Gunnison,BLCA,CO,2009,2,February,2009-02-01,6858,NA,1.9,NA,NA
Black Canyon of the Gunnison,BLCA,CO,2009,3,March,2009-03-01,9430,NA,2.4,NA,NA
Black Canyon of the Gunnison,BLCA,CO,2009,4,April,2009-04-01,12002,NA,2.7,NA,NA
Black Canyon of the Gunnison,BLCA,CO,2009,5,May,2009-05-01,15431,NA,3.1,NA,NA
Black Canyon of the Gunnison,BLCA,CO,2009,6,June,2009-06-01,19717,NA,3,NA,NA
Black Canyon of the Gunnison,BLCA,CO,2009,7,July,2009-07-01,24003,NA,2.7,NA,NA
Black Canyon of the Gunnison,BLCA,CO,2009,8,August,2009-08-01,22289,NA,2.6,NA,NA
Black Canyon of the Gunnison,BLCA,CO,2009,9,September,2009-09-01,18002,NA,2.5,NA,NA
Black Canyon of the Gunnison,BLCA,CO,2009,10,October,2009-10-01,14573,NA,2.5,NA,NA
Black Canyon of the Gunnison,BLCA,CO,2009,11,November,2009-11-01,12002,NA,2.5,NA,NA
Black Canyon of the Gunnison,BLCA,CO,2009,12,December,2009-12-01,11144,NA,2.3,NA,NA
Black Canyon of the Gunnison,BLCA,CO,2010,1,January,2010-01-01,6172,NA,2.1,NA,NA
Black Canyon of the Gunnison,BLCA,CO,2010,2,February,2010-02-01,7054,NA,1.9,NA,NA
Black Canyon of the Gunnison,BLCA,CO,2010,3,March,2010-03-01,9699,NA,2.4,NA,NA
Black Canyon of the Gunnison,BLCA,CO,2010,4,April,2010-04-01,12344,NA,2.7,NA,NA
Black Canyon of the Gunnison,BLCA,CO,2010,5,May,2010-05-01,15871,NA,3.1,NA,NA
Black Canyon of the Gunnison,BLCA,CO,2010,6,June,2010-06-01,20280,NA,3,NA,NA
Black Canyon of the Gunnison,BLCA,CO,2010,7,July,2010-07-01,24688,NA,2.7,NA,NA
Black Canyon of the Gunnison,BLCA,CO,2010,8,August,2010-08-01,22925,NA,2.6,NA,NA
Black Canyon of the Gunnison,BLCA,CO,2010,9,September,2010-09-01,18516,NA,2.5,NA,NA
Black Canyon of the Gunnison,BLCA,CO,2010,10,October,2010-10-01,14989,NA,2.5,NA,NA
Black Canyon of the Gunnison,BLCA,CO,2010,11,November,2010-11-01,12344,NA,2.5,NA,NA
Black Canyon of the Gunnison,BLCA,CO,2010,12,December,2010-12-01,11462,NA,2.3,NA,NA
Black Canyon of the Gunnison,BLCA,CO,2011,1,January,2011-01-01,5892,NA,2.1,NA,NA
Black Canyon of the Gunnison,BLCA,CO,2011,2,February,2011-02-01,6733,NA,1.9,NA,NA
Black Canyon of the Gunnison,BLCA,CO,2011,3,March,2011-03-01,9258,NA,2.4,NA,NA
Black Canyon of the Gunnison,BLCA,CO,2011,4,April,2011-04-01,11784,NA,2.7,NA,NA
Black Canyon of the Gunnison,BLCA,CO,2011,5,May,2011-05-01,15150,NA,3.1,NA,NA
Black Canyon of the Gunnison,BLCA,CO,2011,6,June,2011-06-01,19359,NA,3,NA,NA
Black Canyon of the Gunnison,BLCA,CO,2011,7,July,2011-07-01,23567,NA,2.7,NA,NA
Black Canyon of the Gunnison,BLCA,CO,2011,8,August,2011-08-01,21884,NA,2.6,NA,NA
Black Canyon of the Gunnison,BLCA,CO,2011,9,September,2011-09-01,17675,NA,2.5,NA,NA
Black Canyon of the Gunnison,BLCA,CO,2011,10,October,2011-10-01,14309,NA,2.5,NA,NA
Black Canyon of the Gunnison,BLCA,CO,2011,11,November,2011-11-01,11784,NA,2.5,NA,NA
Black Canyon of the Gunnison,BLCA,CO,2011,12,December,2011-12-01,10942,NA,2.3,NA,NA
Black Canyon of the Gunnison,BLCA,CO,2012,1,January,2012-01-01,6740,NA,2.1,NA,NA
Black Canyon of the Gunnison,BLCA,CO,2012,2,February,2012-02-01,7703,NA,1.9,NA,NA
Black Canyon of the Gunnison,BLCA,CO,2012,3,March,2012-03-01,10591,NA,2.4,NA,NA
Black Canyon of the Gunnison,BLCA,CO,2012,4,April,2012-04-01,13480,NA,2.7,NA,NA
Black Canyon of the Gunnison,BLCA,CO,2012,5,May,2012-05-01,17331,NA,3.1,NA,NA
Black Canyon of the Gunnison,BLCA,CO,2012,6,June,2012-06-01,22146,NA,3,NA,NA
Black Canyon of the Gunnison,BLCA,CO,2012,7,July,2012-07-01,26960,NA,2.7,NA,NA
Black Canyon of the Gunnison,BLCA,CO,2012,8,August,2012-08-01,25034,NA,2.6,NA,NA
Black Canyon of the Gunnison,BLCA,CO,2012,9,September,2012-09-01,20220,NA,2.5,NA,NA
Black Canyon of the Gunnison,BLCA,CO,2012,10,October,2012-10-01,16368,NA,2.5,NA,NA
Black Canyon of the Gunnison,BLCA,CO,2012,11,November,2012-11-01,13480,NA,2.5,NA,NA
Black Canyon of the Gunnison,BLCA,CO,2012,12,December,2012-12-01,12517,NA,2.3,NA,NA
Black Canyon of the Gunnison,BLCA,CO,2013,1,January,2013-01-01,6155,NA,2.1,NA,NA
Black Canyon of the Gunnison,BLCA,CO,2013,2,February,2013-02-01,7034,NA,1.9,NA,NA
Black Canyon of the Gunnison,BLCA,CO,2013,3,March,2013-03-01,9672,NA,2.4,NA,NA
Black Canyon of the Gunnison,BLCA,CO,2013,4,April,2013-04-01,12310,NA,2.7,NA,NA
Black Canyon of the Gunnison,BLCA,CO,2013,5,May,2013-05-01,15827,NA,3.1,NA,NA
Black Canyon of the Gunnison,BLCA,CO,2013,6,June,2013-06-01,20223,NA,3,NA,NA
Black Canyon of the Gunnison,BLCA,CO,2013,7,July,2013-07-01,24619,NA,2.7,NA,NA
Black Canyon of the Gunnison,BLCA,CO,2013,8,August,2013-08-01,22861,NA,2.6,NA,NA
Black Canyon of the Gunnison,BLCA,CO,2013,9,September,2013-09-01,18464,NA,2.5,NA,NA
Black Canyon of the Gunnison,BLCA,CO,2013,10,October,2013-10-01,14947,NA,2.5,NA,NA
Black Canyon of the Gunnison,BLCA,CO,2013,11,November,2013-11-01,12310,NA,2.5,NA,NA
Black Canyon of the Gunnison,BLCA,CO,2013,12,December,2013-12-01,11430,NA,2.3,NA,NA
Black Canyon of the Gunnison,BLCA,CO,2014,1,January,2014-01-01,6407,NA,2.1,NA,NA
Black Canyon of the Gunnison,BLCA,CO,2014,2,February,2014-02-01,7322,NA,1.9,NA,NA
Black Canyon of the Gunnison,BLCA,CO,2014,3,March,2014-03-01,10067,NA,2.4,NA,NA
Black Canyon of the Gunnison,BLCA,CO,2014,4,April,2014-04-01,12813,NA,2.7,NA,NA
Black Canyon of the Gunnison,BLCA,CO,2014,5,May,2014-05-01,16474,NA,3.1,NA,NA
Black Canyon of the Gunnison,BLCA,CO,2014,6,June,2014-06-01,21050,NA,3,NA,NA
Black Canyon of the Gunnison,BLCA,CO,2014,7,July,2014-07-01,25626,NA,2.7,NA,NA
Black Canyon of the Gunnison,BLCA,CO,2014,8,August,2014-08-01,23796,NA,2.6,NA,NA
Black Canyon of the Gunnison,BLCA,CO,2014,9,September,2014-09-01,19220,NA,2.5,NA,NA
Black Canyon of the Gunnison,BLCA,CO,2014,10,October,2014-10-01,15559,NA,2.5,NA,NA
Black Canyon of the Gunnison,BLCA,CO,2014,11,November,2014-11-01,12813,NA,2.5,NA,NA
Black Canyon of the Gunnison,BLCA,CO,2014,12,December,2014-12-01,11898,NA,2.3,NA,NA
Black Canyon of the Gunnison,BLCA,CO,2015,1,January,2015-01-01,7321,NA,2.1,NA,NA
Black Canyon of the Gunnison,BLCA,CO,2015,2,February,2015-02-01,8367,NA,1.9,NA,NA
Black Canyon of the Gunnison,BLCA,CO,2015,3,March,2015-03-01,11504,NA,2.4,NA,NA
Black Canyon of the Gunnison,BLCA,CO,2015,4,April,2015-04-01,14642,NA,2.7,NA,NA
Black Canyon of the Gunnison,BLCA,CO,2015,5,May,2015-05-01,18825,NA,3.1,NA,NA
Black Canyon of the Gunnison,BLCA,CO,2015,6,June,2015-06-01,24054,NA,3,NA,NA
Black Canyon of the Gunnison,BLCA,CO,2015,7,July,2015-07-01,29283,NA,2.7,NA,NA
Black Canyon of the Gunnison,BLCA,CO,2015,8,August,2015-08-01,27192,NA,2.6,NA,NA
Black Canyon of the Gunnison,BLCA,CO,2015,9,September,2015-09-01,21962,NA,2.5,NA,NA
Black Canyon of the Gunnison,BLCA,CO,2015,10,October,2015-10-01,17779,NA,2.5,NA,NA
Black Canyon of the Gunnison,BLCA,CO,2015,11,November,2015-11-01,14642,NA,2.5,NA,NA
Black Canyon of the Gunnison,BLCA,CO,2015,12,December,2015-12-01,13596,NA,2.3,NA,NA
Black Canyon of the Gunnison,BLCA,CO,2016,1,January,2016-01-01,8331,NA,2.1,NA,NA
Black Canyon of the Gunnison,BLCA,CO,2016,2,February,2016-02-01,9521,NA,1.9,NA,NA
Black Canyon of the Gunnison,BLCA,CO,2016,3,March,2016-03-01,13091,NA,2.4,NA,NA
Black Canyon of the Gunnison,BLCA,CO,2016,4,April,2016-04-01,16661,NA,2.7,NA,NA
Black Canyon of the Gunnison,BLCA,CO,2016,5,May,2016-05-01,21422,NA,3.1,NA,NA
Black Canyon of the Gunnison,BLCA,CO,2016,6,June,2016-06-01,27372,NA,3,NA,NA
Black Canyon of the Gunnison,BLCA,CO,2016,7,July,2016-07-01,33323,NA,2.7,NA,NA
Black Canyon of the Gunnison,BLCA,CO,2016,8,August,2016-08-01,30942,NA,2.6,NA,NA
Black Canyon of the Gunnison,BLCA,CO,2016,9,September,2016-09-01,24992,NA,2.5,NA,NA
Black Canyon of the Gunnison,BLCA,CO,2016,10,October,2016-10-01,20232,NA,2.5,NA,NA
Black Canyon of the Gunnison,BLCA,CO,2016,11,November,2016-11-01,16661,NA,2.5,NA,NA
Black Canyon of the Gunnison,BLCA,CO,2016,12,December,2016-12-01,15471,NA,2.3,NA,NA
Bryce Canyon,BRCA,UT,2007,1,January,2007-01-01,35440,NA,2.1,NA,NA
Bryce Canyon,BRCA,UT,2007,2,February,2007-02-01,40503,NA,1.9,NA,NA
Bryce Canyon,BRCA,UT,2007,3,March,2007-03-01,55691,NA,2.4,NA,NA
Bryce Canyon,BRCA,UT,2007,4,April,2007-04-01,70879,NA,2.7,NA,NA
Bryce Canyon,BRCA,UT,2007,5,May,2007-05-01,91131,NA,3.1,NA,NA
Bryce Canyon,BRCA,UT,2007,6,June,2007-06-01,116445,NA,3,NA,NA
Bryce Canyon,BRCA,UT,2007,7,July,2007-07-01,141759,NA,2.7,NA,NA
Bryce Canyon,BRCA,UT,2007,8,August,2007-08-01,131633,NA,2.6,NA,NA
Bryce Canyon,BRCA,UT,2007,9,September,2007-09-01,106319,NA,2.5,NA,NA
Bryce Canyon,BRCA,UT,2007,10,October,2007-10-01,86068,NA,2.5,NA,NA
Bryce Canyon,BRCA,UT,2007,11,November,2007-11-01,70879,NA,2.5,NA,NA
Bryce Canyon,BRCA,UT,2007,12,December,2007-12-01,65817,NA,2.3,NA,NA
Bryce Canyon,BRCA,UT,2008,1,January,2008-01-01,36516,NA,2.1,NA,NA
Bryce Canyon,BRCA,UT,2008,2,February,2008-02-01,41733,NA,1.9,NA,NA
Bryce Canyon,BRCA,UT,2008,3,March,2008-03-01,57383,NA,2.4,NA,NA
Bryce Canyon,BRCA,UT,2008,4,April,2008-04-01,73032,NA,2.7,NA,NA
Bryce Canyon,BRCA,UT,2008,5,May,2008-05-01,93899,NA,3.1,NA,NA
Bryce Canyon,BRCA,UT,2008,6,June,2008-06-01,119982,NA,3,NA,NA
Bryce Canyon,BRCA,UT,2008,7,July,2008-07-01,146065,NA,2.7,NA,NA
Bryce Canyon,BRCA,UT,2008,8,August,2008-08-01,135632,NA,2.6,NA,NA
Bryce Canyon,BRCA,UT,2008,9,September,2008-09-01,109549,NA,2.5,NA,NA
Bryce Canyon,BRCA,UT,2008,10,October,2008-10-01,88682,NA,2.5,NA,NA
Bryce Canyon,BRCA,UT,2008,11,November,2008-11-01,73032,NA,2.5,NA,NA
Bryce Canyon,BRCA,UT,2008,12,December,2008-12-01,67816,NA,2.3,NA,NA
Bryce Canyon,BRCA,UT,2009,1,January,2009-01-01,42573,NA,2.1,NA,NA
Bryce Canyon,BRCA,UT,2009,2,February,2009-02-01,48655,NA,1.9,NA,NA
Bryce Canyon,BRCA,UT,2009,3,March,2009-03-01,66901,NA,2.4,NA,NA
Bryce Canyon,BRCA,UT,2009,4,April,2009-04-01,85146,NA,2.7,NA,NA
Bryce Canyon,BRCA,UT,2009,5,May,2009-05-01,109474,NA,3.1,NA,NA
Bryce Canyon,BRCA,UT,2009,6,June,2009-06-01,139883,NA,3,NA,NA
Bryce Canyon,BRCA,UT,2009,7,July,2009-07-01,170293,NA,2.7,NA,NA
Bryce Canyon,BRCA,UT,2009,8,August,2009-08-01,158129,NA,2.6,NA,NA
Bryce Canyon,BRCA,UT,2009,9,September,2009-09-01,127720,NA,2.5,NA,NA
Bryce Canyon,BRCA,UT,2009,10,October,2009-10-01,103392,NA,2.5,NA,NA
Bryce Canyon,BRCA,UT,2009,11,November,2009-11-01,85146,NA,2.5,NA,NA
Bryce Canyon,BRCA,UT,2009,12,December,2009-12-01,79065,NA,2.3,NA,NA
Bryce Canyon,BRCA,UT,2010,1,January,2010-01-01,44992,NA,2.1,NA,NA
Bryce Canyon,BRCA,UT,2010,2,February,2010-02-01,51420,NA,1.9,NA,NA
Bryce Canyon,BRCA,UT,2010,3,March,2010-03-01,70702,NA,2.4,NA,NA
Bryce Canyon,BRCA,UT,2010,4,April,2010-04-01,89984,NA,2.7,NA,NA
Bryce Canyon,BRCA,UT,2010,5,May,2010-05-01,115694,NA,3.1,NA,NA
Bryce Canyon,BRCA,UT,2010,6,June,2010-06-01,147832,NA,3,NA,NA
Bryce Canyon,BRCA,UT,2010,7,July,2010-07-01,179969,NA,2.7,NA,NA
Bryce Canyon,BRCA,UT,2010,8,August,2010-08-01,167114,NA,2.6,NA,NA
Bryce Canyon,BRCA,UT,2010,9,September,2010-09-01,134977,NA,2.5,NA,NA
Bryce Canyon,BRCA,UT,2010,10,October,2010-10-01,109267,NA,2.5,NA,NA
Bryce Canyon,BRCA,UT,2010,11,November,2010-11-01,89984,NA,2.5,NA,NA
Bryce Canyon,BRCA,UT,2010,12,December,2010-12-01,83557,NA,2.3,NA,NA
Bryce Canyon,BRCA,UT,2011,1,January,2011-01-01,45360,NA,2.1,NA,NA
Bryce Canyon,BRCA,UT,2011,2,February,2011-02-01,51840,NA,1.9,NA,NA
Bryce Canyon,BRCA,UT,2011,3,March,2011-03-01,71280,NA,2.4,NA,NA
Bryce Canyon,BRCA,UT,2011,4,April,2011-04-01,90720,NA,2.7,NA,NA
Bryce Canyon,BRCA,UT,2011,5,May,2011-05-01,116640,NA,3.1,NA,NA
Bryce Canyon,BRCA,UT,2011,6,June,2011-06-01,149040,NA,3,NA,NA
Bryce Canyon,BRCA,UT,2011,7,July,2011-07-01,181440,NA,2.7,NA,NA
Bryce Canyon,BRCA,UT,2011,8,August,2011-08-01,168480,NA,2.6,NA,NA
Bryce Canyon,BRCA,UT,2011,9,September,2011-09-01,136080,NA,2.5,NA,NA
Bryce Canyon,BRCA,UT,2011,10,October,2011-10-01,110160,NA,2.5,NA,NA
Bryce Canyon,BRCA,UT,2011,11,November,2011-11-01,90720,NA,2.5,NA,NA
Bryce Canyon,BRCA,UT,2011,12,December,2011-12-01,84240,NA,2.3,NA,NA
Bryce Canyon,BRCA,UT,2012,1,January,2012-01-01,48487,NA,2.1,NA,NA
Bryce Canyon,BRCA,UT,2012,2,February,2012-02-01,55414,NA,1.9,NA,NA
Bryce Canyon,BRCA,UT,2012,3,March,2012-03-01,76194,NA,2.4,NA,NA
Bryce Canyon,BRCA,UT,2012,4,April,2012-04-01,96975,NA,2.7,NA,NA
Bryce Canyon,BRCA,UT,2012,5,May,2012-05-01,124682,NA,3.1,NA,NA
Bryce Canyon,BRCA,UT,2012,6,June,2012-06-01,159315,NA,3,NA,NA
Bryce Canyon,BRCA,UT,2012,7,July,2012-07-01,193949,NA,2.7,NA,NA
Bryce Canyon,BRCA,UT,2012,8,August,2012-08-01,180096,NA,2.6,NA,NA
Bryce Canyon,BRCA,UT,2012,9,September,2012-09-01,145462,NA,2.5,NA,NA
Bryce Canyon,BRCA,UT,2012,10,October,2012-10-01,117755,NA,2.5,NA,NA
Bryce Canyon,BRCA,UT,2012,11,November,2012-11-01,96975,NA,2.5,NA,NA
Bryce Canyon,BRCA,UT,2012,12,December,2012-12-01,90048,NA,2.3,NA,NA
Bryce Canyon,BRCA,UT,2013,1,January,2013-01-01,45916,NA,2.1,NA,NA
Bryce Canyon,BRCA,UT,2013,2,February,2013-02-01,52475,NA,1.9,NA,NA
Bryce Canyon,BRCA,UT,2013,3,March,2013-03-01,72153,NA,2.4,NA,NA
Bryce Canyon,BRCA,UT,2013,4,April,2013-04-01,91831,NA,2.7,NA,NA
Bryce Canyon,BRCA,UT,2013,5,May,2013-05-01,118069,NA,3.1,NA,NA
Bryce Canyon,BRCA,UT,2013,6,June,2013-06-01,150866,NA,3,NA,NA
Bryce Canyon,BRCA,UT,2013,7,July,2013-07-01,183663,NA,2.7,NA,NA
Bryce Canyon,BRCA,UT,2013,8,August,2013-08-01,170544,NA,2.6,NA,NA
Bryce Canyon,BRCA,UT,2013,9,September,2013-09-01,137747,NA,2.5,NA,NA
Bryce Canyon,BRCA,UT,2013,10,October,2013-10-01,111509,NA,2.5,NA,NA
Bryce Canyon,BRCA,UT,2013,11,November,2013-11-01,91831,NA,2.5,NA,NA
Bryce Canyon,BRCA,UT,2013,12,December,2013-12-01,85272,NA,2.3,NA,NA
Bryce Canyon,BRCA,UT,2014,1,January,2014-01-01,50251,NA,2.1,NA,NA
Bryce Canyon,BRCA,UT,2014,2,February,2014-02-01,57430,NA,1.9,NA,NA
Bryce Canyon,BRCA,UT,2014,3,March,2014-03-01,78966,NA,2.4,NA,NA
Bryce Canyon,BRCA,UT,2014,4,April,2014-04-01,100502,NA,2.7,NA,NA
Bryce Canyon,BRCA,UT,2014,5,May,2014-05-01,129217,NA,3.1,NA,NA
Bryce Canyon,BRCA,UT,2014,6,June,2014-06-01,165110,NA,3,NA,NA
Bryce Canyon,BRCA,UT,2014,7,July,2014-07-01,201004,NA,2.7,NA,NA
Bryce Canyon,BRCA,UT,2014,8,August,2014-08-01,186646,NA,2.6,NA,NA
Bryce Canyon,BRCA,UT,2014,9,September,2014-09-01,150753,NA,2.5,NA,NA
Bryce Canyon,BRCA,UT,2014,10,October,2014-10-01,122038,NA,2.5,NA,NA
Bryce Canyon,BRCA,UT,2014,11,November,2014-11-01,100502,NA,2.5,NA,NA
Bryce Canyon,BRCA,UT,2014,12,December,2014-12-01,93323,NA,2.3,NA,NA
Bryce Canyon,BRCA,UT,2015,1,January,2015-01-01,61103,NA,2.1,NA,NA
Bryce Canyon,BRCA,UT,2015,2,February,2015-02-01,69832,NA,1.9,NA,NA
Bryce Canyon,BRCA,UT,2015,3,March,2015-03-01,96019,NA,2.4,NA,NA
Bryce Canyon,BRCA,UT,2015,4,April,2015-04-01,122206,NA,2.7,NA,NA
Bryce Canyon,BRCA,UT,2015,5,May,2015-05-01,157122,NA,3.1,NA,NA
Bryce Canyon,BRCA,UT,2015,6,June,2015-06-01,200767,NA,3,NA,NA
Bryce Canyon,BRCA,UT,2015,7,July,2015-07-01,244413,NA,2.7,NA,NA
Bryce Canyon,BRCA,UT,2015,8,August,2015-08-01,226955,NA,2.6,NA,NA
Bryce Canyon,BRCA,UT,2015,9,September,2015-09-01,183309,NA,2.5,NA,NA
Bryce Canyon,BRCA,UT,2015,10,October,2015-10-01,148393,NA,2.5,NA,NA
Bryce Canyon,BRCA,UT,2015,11,November,2015-11-01,122206,NA,2.5,NA,NA
Bryce Canyon,BRCA,UT,2015,12,December,2015-12-01,113477,NA,2.3,NA,NA
Bryce Canyon,BRCA,UT,2016,1,January,2016-01-01,82779,NA,2.1,NA,NA
Bryce Canyon,BRCA,UT,2016,2,February,2016-02-01,94604,NA,1.9,NA,NA
Bryce Canyon,BRCA,UT,2016,3,March,2016-03-01,130081,NA,2.4,NA,NA
Bryce Canyon,BRCA,UT,2016,4,April,2016-04-01,165558,NA,2.7,NA,NA
Bryce Canyon,BRCA,UT,2016,5,May,2016-05-01,212860,NA,3.1,NA,NA
Bryce Canyon,BRCA,UT,2016,6,June,2016-06-01,271988,NA,3,NA,NA
Bryce Canyon,BRCA,UT,2016,7,July,2016-07-01,331115,NA,2.7,NA,NA
Bryce Canyon,BRCA,UT,2016,8,August,2016-08-01,307464,NA,2.6,NA,NA
Bryce Canyon,BRCA,UT,2016,9,September,2016-09-01,248337,NA,2.5,NA,NA
Bryce Canyon,BRCA,UT,2016,10,October,2016-10-01,201034,NA,2.5,NA,NA
Bryce Canyon,BRCA,UT,2016,11,November,2016-11-01,165558,NA,2.5,NA,NA
Bryce Canyon,BRCA,UT,2016,12,December,2016-12-01,153732,NA,2.3,NA,NA
Canyonlands,CANY,UT,2007,1,January,2007-01-01,14615,NA,2.1,NA,NA
Canyonlands,CANY,UT,2007,2,February,2007-02-01,16702,NA,1.9,NA,NA
Canyonlands,CANY,UT,2007,3,March,2007-03-01,22966,NA,2.4,NA,NA
Canyonlands,CANY,UT,2007,4,April,2007-04-01,29229,NA,2.7,NA,NA
Canyonlands,CANY,UT,2007,5,May,2007-05-01,37580,NA,3.1,NA,NA
Canyonlands,CANY,UT,2007,6,June,2007-06-01,48019,NA,3,NA,NA
Canyonlands,CANY,UT,2007,7,July,2007-07-01,58458,NA,2.7,NA,NA
Canyonlands,CANY,UT,2007,8,August,2007-08-01,54283,NA,2.6,NA,NA
Canyonlands,CANY,UT,2007,9,September,2007-09-01,43844,NA,2.5,NA,NA
Canyonlands,CANY,UT,2007,10,October,2007-10-01,35493,NA,2.5,NA,NA
Canyonlands,CANY,UT,2007,11,November,2007-11-01,29229,NA,2.5,NA,NA
Canyonlands,CANY,UT,2007,12,December,2007-12-01,27141,NA,2.3,NA,NA
Canyonlands,CANY,UT,2008,1,January,2008-01-01,15285,NA,2.1,NA,NA
Canyonlands,CANY,UT,2008,2,February,2008-02-01,17469,NA,1.9,NA,NA
Canyonlands,CANY,UT,2008,3,March,2008-03-01,24019,NA,2.4,NA,NA
Canyonlands,CANY,UT,2008,4,April,2008-04-01,30570,NA,2.7,NA,NA
Canyonlands,CANY,UT,2008,5,May,2008-05-01,39304,NA,3.1,NA,NA
Canyonlands,CANY,UT,2008,6,June,2008-06-01,50222,NA,3,NA,NA
Canyonlands,CANY,UT,2008,7,July,2008-07-01,61140,NA,2.7,NA,NA
Canyonlands,CANY,UT,2008,8,August,2008-08-01,56773,NA,2.6,NA,NA
Canyonlands,CANY,UT,2008,9,September,2008-09-01,45855,NA,2.5,NA,NA
Canyonlands,CANY,UT,2008,10,October,2008-10-01,37121,NA,2.5,NA,NA
Canyonlands,CANY,UT,2008,11,November,2008-11-01,30570,NA,2.5,NA,NA
Canyonlands,CANY,UT,2008,12,December,2008-12-01,28386,NA,2.3,NA,NA
Canyonlands,CANY,UT,2009,1,January,2009-01-01,15268,NA,2.1,NA,NA
Canyonlands,CANY,UT,2009,2,February,2009-02-01,17450,NA,1.9,NA,NA
Canyonlands,CANY,UT,2009,3,March,2009-03-01,23993,NA,2.4,NA,NA
Canyonlands,CANY,UT,2009,4,April,2009-04-01,30537,NA,2.7,NA,NA
Canyonlands,CANY,UT,2009,5,May,2009-05-01,39262,NA,3.1,NA,NA
Canyonlands,CANY,UT,2009,6,June,2009-06-01,50168,NA,3,NA,NA
Canyonlands,CANY,UT,2009,7,July,2009-07-01,61074,NA,2.7,NA,NA
Canyonlands,CANY,UT,2009,8,August,2009-08-01,56711,NA,2.6,NA,NA
Canyonlands,CANY,UT,2009,9,September,2009-09-01,45805,NA,2.5,NA,NA
Canyonlands,CANY,UT,2009,10,October,2009-10-01,37080,NA,2.5,NA,NA
Canyonlands,CANY,UT,2009,11,November,2009-11-01,30537,NA,2.5,NA,NA
Canyonlands,CANY,UT,2009,12,December,2009-12-01,28356,NA,2.3,NA,NA
Canyonlands,CANY,UT,2010,1,January,2010-01-01,15257,NA,2.1,NA,NA
Canyonlands,CANY,UT,2010,2,February,2010-02-01,17436,NA,1.9,NA,NA
Canyonlands,CANY,UT,2010,3,March,2010-03-01,23975,NA,2.4,NA,NA
Canyonlands,CANY,UT,2010,4,April,2010-04-01,30514,NA,2.7,NA,NA
Canyonlands,CANY,UT,2010,5,May,2010-05-01,39232,NA,3.1,NA,NA
Canyonlands,CANY,UT,2010,6,June,2010-06-01,50129,NA,3,NA,NA
Canyonlands,CANY,UT,2010,7,July,2010-07-01,61027,NA,2.7,NA,NA
Canyonlands,CANY,UT,2010,8,August,2010-08-01,56668,NA,2.6,NA,NA
Canyonlands,CANY,UT,2010,9,September,2010-09-01,45770,NA,2.5,NA,NA
Canyonlands,CANY,UT,2010,10,October,2010-10-01,37052,NA,2.5,NA,NA
Canyonlands,CANY,UT,2010,11,November,2010-11-01,30514,NA,2.5,NA,NA
Canyonlands,CANY,UT,2010,12,December,2010-12-01,28334,NA,2.3,NA,NA
Canyonlands,CANY,UT,2011,1,January,2011-01-01,16582,NA,2.1,NA,NA
Canyonlands,CANY,UT,2011,2,February,2011-02-01,18951,NA,1.9,NA,NA
Canyonlands,CANY,UT,2011,3,March,2011-03-01,26058,NA,2.4,NA,NA
Canyonlands,CANY,UT,2011,4,April,2011-04-01,33164,NA,2.7,NA,NA
Canyonlands,CANY,UT,2011,5,May,2011-05-01,42640,NA,3.1,NA,NA
Canyonlands,CANY,UT,2011,6,June,2011-06-01,54484,NA,3,NA,NA
Canyonlands,CANY,UT,2011,7,July,2011-07-01,66328,NA,2.7,NA,NA
Canyonlands,CANY,UT,2011,8,August,2011-08-01,61590,NA,2.6,NA,NA
Canyonlands,CANY,UT,2011,9,September,2011-09-01,49746,NA,2.5,NA,NA
Canyonlands,CANY,UT,2011,10,October,2011-10-01,40271,NA,2.5,NA,NA
Canyonlands,CANY,UT,2011,11,November,2011-11-01,33164,NA,2.5,NA,NA
Canyonlands,CANY,UT,2011,12,December,2011-12-01,30795,NA,2.3,NA,NA
Canyonlands,CANY,UT,2012,1,January,2012-01-01,15853,NA,2.1,NA,NA
Canyonlands,CANY,UT,2012,2,February,2012-02-01,18118,NA,1.9,NA,NA
Canyonlands,CANY,UT,2012,3,March,2012-03-01,24912,NA,2.4,NA,NA
Canyonlands,CANY,UT,2012,4,April,2012-04-01,31707,NA,2.7,NA,NA
Canyonlands,CANY,UT,2012,5,May,2012-05-01,40766,NA,3.1,NA,NA
Canyonlands,CANY,UT,2012,6,June,2012-06-01,52089,NA,3,NA,NA
Canyonlands,CANY,UT,2012,7,July,2012-07-01,63413,NA,2.7,NA,NA
Canyonlands,CANY,UT,2012,8,August,2012-08-01,58884,NA,2.6,NA,NA
Canyonlands,CANY,UT,2012,9,September,2012-09-01,47560,NA,2.5,NA,NA
Canyonlands,CANY,UT,2012,10,October,2012-10-01,38501,NA,2.5,NA,NA
Canyonlands,CANY,UT,2012,11,November,2012-11-01,31707,NA,2.5,NA,NA
Canyonlands,CANY,UT,2012,12,December,2012-12-01,29442,NA,2.3,NA,NA
Canyonlands,CANY,UT,2013,1,January,2013-01-01,16178,NA,2.1,NA,NA
Canyonlands,CANY,UT,2013,2,February,2013-02-01,18490,NA,1.9,NA,NA
Canyonlands,CANY,UT,2013,3,March,2013-03-01,25423,NA,2.4,NA,NA
Canyonlands,CANY,UT,2013,4,April,2013-04-01,32357,NA,2.7,NA,NA
Canyonlands,CANY,UT,2013,5,May,2013-05-01,41602,NA,3.1,NA,NA
Canyonlands,CANY,UT,2013,6,June,2013-06-01,53158,NA,3,NA,NA
Canyonlands,CANY,UT,2013,7,July,2013-07-01,64714,NA,2.7,NA,NA
Canyonlands,CANY,UT,2013,8,August,2013-08-01,60091,NA,2.6,NA,NA
Canyonlands,CANY,UT,2013,9,September,2013-09-01,48535,NA,2.5,NA,NA
Canyonlands,CANY,UT,2013,10,October,2013-10-01,39291,NA,2.5,NA,NA
Canyonlands,CANY,UT,2013,11,November,2013-11-01,32357,NA,2.5,NA,NA
Canyonlands,CANY,UT,2013,12,December,2013-12-01,30046,NA,2.3,NA,NA
Canyonlands,CANY,UT,2014,1,January,2014-01-01,18985,NA,2.1,NA,NA
Canyonlands,CANY,UT,2014,2,February,2014-02-01,21697,NA,1.9,NA,NA
Canyonlands,CANY,UT,2014,3,March,2014-03-01,29834,NA,2.4,NA,NA
Canyonlands,CANY,UT,2014,4,April,2014-04-01,37970,NA,2.7,NA,NA
Canyonlands,CANY,UT,2014,5,May,2014-05-01,48819,NA,3.1,NA,NA
Canyonlands,CANY,UT,2014,6,June,2014-06-01,62380,NA,3,NA,NA
Canyonlands,CANY,UT,2014,7,July,2014-07-01,75940,NA,2.7,NA,NA
Canyonlands,CANY,UT,2014,8,August,2014-08-01,70516,NA,2.6,NA,NA
Canyonlands,CANY,UT,2014,9,September,2014-09-01,56955,NA,2.5,NA,NA
Canyonlands,CANY,UT,2014,10,October,2014-10-01,46107,NA,2.5,NA,NA
Canyonlands,CANY,UT,2014,11,November,2014-11-01,37970,NA,2.5,NA,NA
Canyonlands,CANY,UT,2014,12,December,2014-12-01,35258,NA,2.3,NA,NA
Canyonlands,CANY,UT,2015,1,January,2015-01-01,22211,NA,2.1,NA,NA
Canyonlands,CANY,UT,2015,2,February,2015-02-01,25384,NA,1.9,NA,NA
Canyonlands,CANY,UT,2015,3,March,2015-03-01,34903,NA,2.4,NA,NA
Canyonlands,CANY,UT,2015,4,April,2015-04-01,44422,NA,2.7,NA,NA
Canyonlands,CANY,UT,2015,5,May,2015-05-01,57115,NA,3.1,NA,NA
Canyonlands,CANY,UT,2015,6,June,2015-06-01,72980,NA,3,NA,NA
Canyonlands,CANY,UT,2015,7,July,2015-07-01,88845,NA,2.7,NA,NA
Canyonlands,CANY,UT,2015,8,August,2015-08-01,82499,NA,2.6,NA,NA
Canyonlands,CANY,UT,2015,9,September,2015-09-01,66634,NA,2.5,NA,NA
Canyonlands,CANY,UT,2015,10,October,2015-10-01,53942,NA,2.5,NA,NA
Canyonlands,CANY,UT,2015,11,November,2015-11-01,44422,NA,2.5,NA,NA
Canyonlands,CANY,UT,2015,12,December,2015-12-01,41249,NA,2.3,NA,NA
Canyonlands,CANY,UT,2016,1,January,2016-01-01,27168,NA,2.1,NA,NA
Canyonlands,CANY,UT,2016,2,February,2016-02-01,31049,NA,1.9,NA,NA
Canyonlands,CANY,UT,2016,3,March,2016-03-01,42692,NA,2.4,NA,NA
Canyonlands,CANY,UT,2016,4,April,2016-04-01,54335,NA,2.7,NA,NA
Canyonlands,CANY,UT,2016,5,May,2016-05-01,69860,NA,3.1,NA,NA
Canyonlands,CANY,UT,2016,6,June,2016-06-01,89265,NA,3,NA,NA
Canyonlands,CANY,UT,2016,7,July,2016-07-01,108671,NA,2.7,NA,NA
Canyonlands,CANY,UT,2016,8,August,2016-08-01,100908,NA,2.6,NA,NA
Canyonlands,CANY,UT,2016,9,September,2016-09-01,81503,NA,2.5,NA,NA
Canyonlands,CANY,UT,2016,10,October,2016-10-01,65979,NA,2.5,NA,NA
Canyonlands,CANY,UT,2016,11,November,2016-11-01,54335,NA,2.5,NA,NA
Canyonlands,CANY,UT,2016,12,December,2016-12-01,50454,NA,2.3,NA,NA
Capitol Reef,CARE,UT,2007,1,January,2007-01-01,19422,NA,2.1,NA,NA
Capitol Reef,CARE,UT,2007,2,February,2007-02-01,22196,NA,1.9,NA,NA
Capitol Reef,CARE,UT,2007,3,March,2007-03-01,30520,NA,2.4,NA,NA
Capitol Reef,CARE,UT,2007,4,April,2007-04-01,38843,NA,2.7,NA,NA
Capitol Reef,CARE,UT,2007,5,May,2007-05-01,49942,NA,3.1,NA,NA
Capitol Reef,CARE,UT,2007,6,June,2007-06-01,63814,NA,3,NA,NA
Capitol Reef,CARE,UT,2007,7,July,2007-07-01,77687,NA,2.7,NA,NA
Capitol Reef,CARE,UT,2007,8,August,2007-08-01,72138,NA,2.6,NA,NA
Capitol Reef,CARE,UT,2007,9,September,2007-09-01,58265,NA,2.5,NA,NA
Capitol Reef,CARE,UT,2007,10,October,2007-10-01,47167,NA,2.5,NA,NA
Capitol Reef,CARE,UT,2007,11,November,2007-11-01,38843,NA,2.5,NA,NA
Capitol Reef,CARE,UT,2007,12,December,2007-12-01,36069,NA,2.3,NA,NA
Capitol Reef,CARE,UT,2008,1,January,2008-01-01,21168,NA,2.1,NA,NA
Capitol Reef,CARE,UT,2008,2,February,2008-02-01,24192,NA,1.9,NA,NA
Capitol Reef,CARE,UT,2008,3,March,2008-03-01,33265,NA,2.4,NA,NA
Capitol Reef,CARE,UT,2008,4,April,2008-04-01,42337,NA,2.7,NA,NA
Capitol Reef,CARE,UT,2008,5,May,2008-05-01,54433,NA,3.1,NA,NA
Capitol Reef,CARE,UT,2008,6,June,2008-06-01,69553,NA,3,NA,NA
Capitol Reef,CARE,UT,2008,7,July,2008-07-01,84674,NA,2.7,NA,NA
Capitol Reef,CARE,UT,2008,8,August,2008-08-01,78625,NA,2.6,NA,NA
Capitol Reef,CARE,UT,2008,9,September,2008-09-01,63505,NA,2.5,NA,NA
Capitol Reef,CARE,UT,2008,10,October,2008-10-01,51409,NA,2.5,NA,NA
Capitol Reef,CARE,UT,2008,11,November,2008-11-01,42337,NA,2.5,NA,NA
Capitol Reef,CARE,UT,2008,12,December,2008-12-01,39313,NA,2.3,NA,NA
Capitol Reef,CARE,UT,2009,1,January,2009-01-01,21602,NA,2.1,NA,NA
Capitol Reef,CARE,UT,2009,2,February,2009-02-01,24688,NA,1.9,NA,NA
Capitol Reef,CARE,UT,2009,3,March,2009-03-01,33946,NA,2.4,NA,NA
Capitol Reef,CARE,UT,2009,4,April,2009-04-01,43205,NA,2.7,NA,NA
Capitol Reef,CARE,UT,2009,5,May,2009-05-01,55549,NA,3.1,NA,NA
Capitol Reef,CARE,UT,2009,6,June,2009-06-01,70979,NA,3,NA,NA
Capitol Reef,CARE,UT,2009,7,July,2009-07-01,86409,NA,2.7,NA,NA
Capitol Reef,CARE,UT,2009,8,August,2009-08-01,80237,NA,2.6,NA,NA
Capitol Reef,CARE,UT,2009,9,September,2009-09-01,64807,NA,2.5,NA,NA
Capitol Reef,CARE,UT,2009,10,October,2009-10-01,52463,NA,2.5,NA,NA
Capitol Reef,CARE,UT,2009,11,November,2009-11-01,43205,NA,2.5,NA,NA
Capitol Reef,CARE,UT,2009,12,December,2009-12-01,40119,NA,2.3,NA,NA
Capitol Reef,CARE,UT,2010,1,January,2010-01-01,23193,NA,2.1,NA,NA
Capitol Reef,CARE,UT,2010,2,February,2010-02-01,26506,NA,1.9,NA,NA
Capitol Reef,CARE,UT,2010,3,March,2010-03-01,36446,NA,2.4,NA,NA
Capitol Reef,CARE,UT,2010,4,April,2010-04-01,46386,NA,2.7,NA,NA
Capitol Reef,CARE,UT,2010,5,May,2010-05-01,59639,NA,3.1,NA,NA
Capitol Reef,CARE,UT,2010,6,June,2010-06-01,76206,NA,3,NA,NA
Capitol Reef,CARE,UT,2010,7,July,2010-07-01,92773,NA,2.7,NA,NA
Capitol Reef,CARE,UT,2010,8,August,2010-08-01,86146,NA,2.6,NA,NA
Capitol Reef,CARE,UT,2010,9,September,2010-09-01,69579,NA,2.5,NA,NA
Capitol Reef,CARE,UT,2010,10,October,2010-10-01,56326,NA,2.5,NA,NA
Capitol Reef,CARE,UT,2010,11,November,2010-11-01,46386,NA,2.5,NA,NA
Capitol Reef,CARE,UT,2010,12,December,2010-12-01,43073,NA,2.3,NA,NA
Capitol Reef,CARE,UT,2011,1,January,2011-01-01,23409,NA,2.1,NA,NA
Capitol Reef,CARE,UT,2011,2,February,2011-02-01,26753,NA,1.9,NA,NA
Capitol Reef,CARE,UT,2011,3,March,2011-03-01,36786,NA,2.4,NA,NA
Capitol Reef,CARE,UT,2011,4,April,2011-04-01,46818,NA,2.7,NA,NA
Capitol Reef,CARE,UT,2011,5,May,2011-05-01,60195,NA,3.1,NA,NA
Capitol Reef,CARE,UT,2011,6,June,2011-06-01,76916,NA,3,NA,NA
Capitol Reef,CARE,UT,2011,7,July,2011-07-01,93637,NA,2.7,NA,NA
Capitol Reef,CARE,UT,2011,8,August,2011-08-01,86948,NA,2.6,NA,NA
Capitol Reef,CARE,UT,2011,9,September,2011-09-01,70228,NA,2.5,NA,NA
Capitol Reef,CARE,UT,2011,10,October,2011-10-01,56851,NA,2.5,NA,NA
Capitol Reef,CARE,UT,2011,11,November,2011-11-01,46818,NA,2.5,NA,NA
Capitol Reef,CARE,UT,2011,12,December,2011-12-01,43474,NA,2.3,NA,NA
Capitol Reef,CARE,UT,2012,1,January,2012-01-01,23567,NA,2.1,NA,NA
Capitol Reef,CARE,UT,2012,2,February,2012-02-01,26934,NA,1.9,NA,NA
Capitol Reef,CARE,UT,2012,3,March,2012-03-01,37034,NA,2.4,NA,NA
Capitol Reef,CARE,UT,2012,4,April,2012-04-01,47134,NA,2.7,NA,NA
Capitol Reef,CARE,UT,2012,5,May,2012-05-01,60601,NA,3.1,NA,NA
Capitol Reef,CARE,UT,2012,6,June,2012-06-01,77435,NA,3,NA,NA
Capitol Reef,CARE,UT,2012,7,July,2012-07-01,94268,NA,2.7,NA,NA
Capitol Reef,CARE,UT,2012,8,August,2012-08-01,87535,NA,2.6,NA,NA
Capitol Reef,CARE,UT,2012,9,September,2012-09-01,70701,NA,2.5,NA,NA
Capitol Reef,CARE,UT,2012,10,October,2012-10-01,57234,NA,2.5,NA,NA
Capitol Reef,CARE,UT,2012,11,November,2012-11-01,47134,NA,2.5,NA,NA
Capitol Reef,CARE,UT,2012,12,December,2012-12-01,43767,NA,2.3,NA,NA
Capitol Reef,CARE,UT,2013,1,January,2013-01-01,23228,NA,2.1,NA,NA
Capitol Reef,CARE,UT,2013,2,February,2013-02-01,26547,NA,1.9,NA,NA
Capitol Reef,CARE,UT,2013,3,March,2013-03-01,36502,NA,2.4,NA,NA
Capitol Reef,CARE,UT,2013,4,April,2013-04-01,46457,NA,2.7,NA,NA
Capitol Reef,CARE,UT,2013,5,May,2013-05-01,59730,NA,3.1,NA,NA
Capitol Reef,CARE,UT,2013,6,June,2013-06-01,76322,NA,3,NA,NA
Capitol Reef,CARE,UT,2013,7,July,2013-07-01,92914,NA,2.7,NA,NA
Capitol Reef,CARE,UT,2013,8,August,2013-08-01,86277,NA,2.6,NA,NA
Capitol Reef,CARE,UT,2013,9,September,2013-09-01,69685,NA,2.5,NA,NA
Capitol Reef,CARE,UT,2013,10,October,2013-10-01,56412,NA,2.5,NA,NA
Capitol Reef,CARE,UT,2013,11,November,2013-11-01,46457,NA,2.5,NA,NA
Capitol Reef,CARE,UT,2013,12,December,2013-12-01,43139,NA,2.3,NA,NA
Capitol Reef,CARE,UT,2014,1,January,2014-01-01,27528,NA,2.1,NA,NA
Capitol Reef,CARE,UT,2014,2,February,2014-02-01,31461,NA,1.9,NA,NA
Capitol Reef,CARE,UT,2014,3,March,2014-03-01,43258,NA,2.4,NA,NA
Capitol Reef,CARE,UT,2014,4,April,2014-04-01,55056,NA,2.7,NA,NA
Capitol Reef,CARE,UT,2014,5,May,2014-05-01,70786,NA,3.1,NA,NA
Capitol Reef,CARE,UT,2014,6,June,2014-06-01,90449,NA,3,NA,NA
Capitol Reef,CARE,UT,2014,7,July,2014-07-01,110112,NA,2.7,NA,NA
Capitol Reef,CARE,UT,2014,8,August,2014-08-01,102247,NA,2.6,NA,NA
Capitol Reef,CARE,UT,2014,9,September,2014-09-01,82584,NA,2.5,NA,NA
Capitol Reef,CARE,UT,2014,10,October,2014-10-01,66854,NA,2.5,NA,NA
Capitol Reef,CARE,UT,2014,11,November,2014-11-01,55056,NA,2.5,NA,NA
Capitol Reef,CARE,UT,2014,12,December,2014-12-01,51123,NA,2.3,NA,NA
Capitol Reef,CARE,UT,2015,1,January,2015-01-01,32936,NA,2.1,NA,NA
Capitol Reef,CARE,UT,2015,2,February,2015-02-01,37641,NA,1.9,NA,NA
Capitol Reef,CARE,UT,2015,3,March,2015-03-01,51757,NA,2.4,NA,NA
Capitol Reef,CARE,UT,2015,4,April,2015-04-01,65872,NA,2.7,NA,NA
Capitol Reef,CARE,UT,2015,5,May,2015-05-01,84693,NA,3.1,NA,NA
Capitol Reef,CARE,UT,2015,6,June,2015-06-01,108218,NA,3,NA,NA
Capitol Reef,CARE,UT,2015,7,July,2015-07-01,131744,NA,2.7,NA,NA
Capitol Reef,CARE,UT,2015,8,August,2015-08-01,122334,NA,2.6,NA,NA
Capitol Reef,CARE,UT,2015,9,September,2015-09-01,98808,NA,2.5,NA,NA
Capitol Reef,CARE,UT,2015,10,October,2015-10-01,79987,NA,2.5,NA,NA
Capitol Reef,CARE,UT,2015,11,November,2015-11-01,65872,NA,2.5,NA,NA
Capitol Reef,CARE,UT,2015,12,December,2015-12-01,61167,NA,2.3,NA,NA
Capitol Reef,CARE,UT,2016,1,January,2016-01-01,37272,NA,2.1,NA,NA
Capitol Reef,CARE,UT,2016,2,February,2016-02-01,42596,NA,1.9,NA,NA
Capitol Reef,CARE,UT,2016,3,March,2016-03-01,58570,NA,2.4,NA,NA
Capitol Reef,CARE,UT,2016,4,April,2016-04-01,74543,NA,2.7,NA,NA
Capitol Reef,CARE,UT,2016,5,May,2016-05-01,95841,NA,3.1,NA,NA
Capitol Reef,CARE,UT,2016,6,June,2016-06-01,122464,NA,3,NA,NA
Capitol Reef,CARE,UT,2016,7,July,2016-07-01,149087,NA,2.7,NA,NA
Capitol Reef,CARE,UT,2016,8,August,2016-08-01,138438,NA,2.6,NA,NA
Capitol Reef,CARE,UT,2016,9,September,2016-09-01,111815,NA,2.5,NA,NA
Capitol Reef,CARE,UT,2016,10,October,2016-10-01,90517,NA,2.5,NA,NA
Capitol Reef,CARE,UT,2016,11,November,2016-11-01,74543,NA,2.5,NA,NA
Capitol Reef,CARE,UT,2016,12,December,2016-12-01,69219,NA,2.3,NA,NA
Carlsbad Caverns,CAVE,NM,2007,1,January,2007-01-01,14335,NA,2.1,NA,NA
Carlsbad Caverns,CAVE,NM,2007,2,February,2007-02-01,16382,NA,1.9,NA,NA
Carlsbad Caverns,CAVE,NM,2007,3,March,2007-03-01,22526,NA,2.4,NA,NA
Carlsbad Caverns,CAVE,NM,2007,4,April,2007-04-01,28669,NA,2.7,NA,NA
Carlsbad Caverns,CAVE,NM,2007,5,May,2007-05-01,36860,NA,3.1,NA,NA
Carlsbad Caverns,CAVE,NM,2007,6,June,2007-06-01,47099,NA,3,NA,NA
Carlsbad Caverns,CAVE,NM,2007,7,July,2007-07-01,57338,NA,2.7,NA,NA
Carlsbad Caverns,CAVE,NM,2007,8,August,2007-08-01,53243,NA,2.6,NA,NA
Carlsbad Caverns,CAVE,NM,2007,9,September,2007-09-01,43004,NA,2.5,NA,NA
Carlsbad Caverns,CAVE,NM,2007,10,October,2007-10-01,34813,NA,2.5,NA,NA
Carlsbad Caverns,CAVE,NM,2007,11,November,2007-11-01,28669,NA,2.5,NA,NA
Carlsbad Caverns,CAVE,NM,2007,12,December,2007-12-01,26621,NA,2.3,NA,NA
Carlsbad Caverns,CAVE,NM,2008,1,January,2008-01-01,14013,NA,2.1,NA,NA
Carlsbad Caverns,CAVE,NM,2008,2,February,2008-02-01,16015,NA,1.9,NA,NA
Carlsbad Caverns,CAVE,NM,2008,3,March,2008-03-01,22021,NA,2.4,NA,NA
Carlsbad Caverns,CAVE,NM,2008,4,April,2008-04-01,28027,NA,2.7,NA,NA
Carlsbad Caverns,CAVE,NM,2008,5,May,2008-05-01,36034,NA,3.1,NA,NA
Carlsbad Caverns,CAVE,NM,2008,6,June,2008-06-01,46044,NA,3,NA,NA
Carlsbad Caverns,CAVE,NM,2008,7,July,2008-07-01,56053,NA,2.7,NA,NA
Carlsbad Caverns,CAVE,NM,2008,8,August,2008-08-01,52050,NA,2.6,NA,NA
Carlsbad Caverns,CAVE,NM,2008,9,September,2008-09-01,42040,NA,2.5,NA,NA
Carlsbad Caverns,CAVE,NM,2008,10,October,2008-10-01,34032,NA,2.5,NA,NA
Carlsbad Caverns,CAVE,NM,2008,11,November,2008-11-01,28027,NA,2.5,NA,NA
Carlsbad Caverns,CAVE,NM,2008,12,December,2008-12-01,26025,NA,2.3,NA,NA
Carlsbad Caverns,CAVE,NM,2009,1,January,2009-01-01,15142,NA,2.1,NA,NA
Carlsbad Caverns,CAVE,NM,2009,2,February,2009-02-01,17306,NA,1.9,NA,NA
Carlsbad Caverns,CAVE,NM,2009,3,March,2009-03-01,23795,NA,2.4,NA,NA
Carlsbad Caverns,CAVE,NM,2009,4,April,2009-04-01,30285,NA,2.7,NA,NA
Carlsbad Caverns,CAVE,NM,2009,5,May,2009-05-01,38938,NA,3.1,NA,NA
Carlsbad Caverns,CAVE,NM,2009,6,June,2009-06-01,49753,NA,3,NA,NA
Carlsbad Caverns,CAVE,NM,2009,7,July,2009-07-01,60569,NA,2.7,NA,NA
Carlsbad Caverns,CAVE,NM,2009,8,August,2009-08-01,56243,NA,2.6,NA,NA
Carlsbad Caverns,CAVE,NM,2009,9,September,2009-09-01,45427,NA,2.5,NA,NA
Carlsbad Caverns,CAVE,NM,2009,10,October,2009-10-01,36774,NA,2.5,NA,NA
Carlsbad Caverns,CAVE,NM,2009,11,November,2009-11-01,30285,NA,2.5,NA,NA
Carlsbad Caverns,CAVE,NM,2009,12,December,2009-12-01,28122,NA,2.3,NA,NA
Carlsbad Caverns,CAVE,NM,2010,1,January,2010-01-01,14998,NA,2.1,NA,NA
Carlsbad Caverns,CAVE,NM,2010,2,February,2010-02-01,17141,NA,1.9,NA,NA
Carlsbad Caverns,CAVE,NM,2010,3,March,2010-03-01,23569,NA,2.4,NA,NA
Carlsbad Caverns,CAVE,NM,2010,4,April,2010-04-01,29997,NA,2.7,NA,NA
Carlsbad Caverns,CAVE,NM,2010,5,May,2010-05-01,38567,NA,3.1,NA,NA
Carlsbad Caverns,CAVE,NM,2010,6,June,2010-06-01,49280,NA,3,NA,NA
Carlsbad Caverns,CAVE,NM,2010,7,July,2010-07-01,59993,NA,2.7,NA,NA
Carlsbad Caverns,CAVE,NM,2010,8,August,2010-08-01,55708,NA,2.6,NA,NA
Carlsbad Caverns,CAVE,NM,2010,9,September,2010-09-01,44995,NA,2.5,NA,NA
Carlsbad Caverns,CAVE,NM,2010,10,October,2010-10-01,36425,NA,2.5,NA,NA
Carlsbad Caverns,CAVE,NM,2010,11,November,2010-11-01,29997,NA,2.5,NA,NA
Carlsbad Caverns,CAVE,NM,2010,12,December,2010-12-01,27854,NA,2.3,NA,NA
Carlsbad Caverns,CAVE,NM,2011,1,January,2011-01-01,12775,NA,2.1,NA,NA
Carlsbad Caverns,CAVE,NM,2011,2,February,2011-02-01,14600,NA,1.9,NA,NA
Carlsbad Caverns,CAVE,NM,2011,3,March,2011-03-01,20075,NA,2.4,NA,NA
Carlsbad Caverns,CAVE,NM,2011,4,April,2011-04-01,25550,NA,2.7,NA,NA
Carlsbad Caverns,CAVE,NM,2011,5,May,2011-05-01,32850,NA,3.1,NA,NA
Carlsbad Caverns,CAVE,NM,2011,6,June,2011-06-01,41975,NA,3,NA,NA
Carlsbad Caverns,CAVE,NM,2011,7,July,2011-07-01,51100,NA,2.7,NA,NA
Carlsbad Caverns,CAVE,NM,2011,8,August,2011-08-01,47450,NA,2.6,NA,NA
Carlsbad Caverns,CAVE,NM,2011,9,September,2011-09-01,38325,NA,2.5,NA,NA
Carlsbad Caverns,CAVE,NM,2011,10,October,2011-10-01,31025,NA,2.5,NA,NA
Carlsbad Caverns,CAVE,NM,2011,11,November,2011-11-01,25550,NA,2.5,NA,NA
Carlsbad Caverns,CAVE,NM,2011,12,December,2011-12-01,23725,NA,2.3,NA,NA
Carlsbad Caverns,CAVE,NM,2012,1,January,2012-01-01,13337,NA,2.1,NA,NA
Carlsbad Caverns,CAVE,NM,2012,2,February,2012-02-01,15242,NA,1.9,NA,NA
Carlsbad Caverns,CAVE,NM,2012,3,March,2012-03-01,20958,NA,2.4,NA,NA
Carlsbad Caverns,CAVE,NM,2012,4,April,2012-04-01,26674,NA,2.7,NA,NA
Carlsbad Caverns,CAVE,NM,2012,5,May,2012-05-01,34295,NA,3.1,NA,NA
Carlsbad Caverns,CAVE,NM,2012,6,June,2012-06-01,43822,NA,3,NA,NA
Carlsbad Caverns,CAVE,NM,2012,7,July,2012-07-01,53348,NA,2.7,NA,NA
Carlsbad Caverns,CAVE,NM,2012,8,August,2012-08-01,49538,NA,2.6,NA,NA
Carlsbad Caverns,CAVE,NM,2012,9,September,2012-09-01,40011,NA,2.5,NA,NA
Carlsbad Caverns,CAVE,NM,2012,10,October,2012-10-01,32390,NA,2.5,NA,NA
Carlsbad Caverns,CAVE,NM,2012,11,November,2012-11-01,26674,NA,2.5,NA,NA
Carlsbad Caverns,CAVE,NM,2012,12,December,2012-12-01,24769,NA,2.3,NA,NA
Carlsbad Caverns,CAVE,NM,2013,1,January,2013-01-01,13600,NA,2.1,NA,NA
Carlsbad Caverns,CAVE,NM,2013,2,February,2013-02-01,15543,NA,1.9,NA,NA
Carlsbad Caverns,CAVE,NM,2013,3,March,2013-03-01,21371,NA,2.4,NA,NA
Carlsbad Caverns,CAVE,NM,2013,4,April,2013-04-01,27200,NA,2.7,NA,NA
Carlsbad Caverns,CAVE,NM,2013,5,May,2013-05-01,34971,NA,3.1,NA,NA
Carlsbad Caverns,CAVE,NM,2013,6,June,2013-06-01,44685,NA,3,NA,NA
Carlsbad Caverns,CAVE,NM,2013,7,July,2013-07-01,54399,NA,2.7,NA,NA
Carlsbad Caverns,CAVE,NM,2013,8,August,2013-08-01,50514,NA,2.6,NA,NA
Carlsbad Caverns,CAVE,NM,2013,9,September,2013-09-01,40799,NA,2.5,NA,NA
Carlsbad Caverns,CAVE,NM,2013,10,October,2013-10-01,33028,NA,2.5,NA,NA
Carlsbad Caverns,CAVE,NM,2013,11,November,2013-11-01,27200,NA,2.5,NA,NA
Carlsbad Caverns,CAVE,NM,2013,12,December,2013-12-01,25257,NA,2.3,NA,NA
Carlsbad Caverns,CAVE,NM,2014,1,January,2014-01-01,13906,NA,2.1,NA,NA
Carlsbad Caverns,CAVE,NM,2014,2,February,2014-02-01,15892,NA,1.9,NA,NA
Carlsbad Caverns,CAVE,NM,2014,3,March,2014-03-01,21852,NA,2.4,NA,NA
Carlsbad Caverns,CAVE,NM,2014,4,April,2014-04-01,27812,NA,2.7,NA,NA
Carlsbad Caverns,CAVE,NM,2014,5,May,2014-05-01,35758,NA,3.1,NA,NA
Carlsbad Caverns,CAVE,NM,2014,6,June,2014-06-01,45691,NA,3,NA,NA
Carlsbad Caverns,CAVE,NM,2014,7,July,2014-07-01,55623,NA,2.7,NA,NA
Carlsbad Caverns,CAVE,NM,2014,8,August,2014-08-01,51650,NA,2.6,NA,NA
Carlsbad Caverns,CAVE,NM,2014,9,September,2014-09-01,41717,NA,2.5,NA,NA
Carlsbad Caverns,CAVE,NM,2014,10,October,2014-10-01,33771,NA,2.5,NA,NA
Carlsbad Caverns,CAVE,NM,2014,11,November,2014-11-01,27812,NA,2.5,NA,NA
Carlsbad Caverns,CAVE,NM,2014,12,December,2014-12-01,25825,NA,2.3,NA,NA
Carlsbad Caverns,CAVE,NM,2015,1,January,2015-01-01,15600,NA,2.1,NA,NA
Carlsbad Caverns,CAVE,NM,2015,2,February,2015-02-01,17829,NA,1.9,NA,NA
Carlsbad Caverns,CAVE,NM,2015,3,March,2015-03-01,24515,NA,2.4,NA,NA
Carlsbad Caverns,CAVE,NM,2015,4,April,2015-04-01,31200,NA,2.7,NA,NA
Carlsbad Caverns,CAVE,NM,2015,5,May,2015-05-01,40115,NA,3.1,NA,NA
Carlsbad Caverns,CAVE,NM,2015,6,June,2015-06-01,51258,NA,3,NA,NA
Carlsbad Caverns,CAVE,NM,2015,7,July,2015-07-01,62401,NA,2.7,NA,NA
Carlsbad Caverns,CAVE,NM,2015,8,August,2015-08-01,57944,NA,2.6,NA,NA
Carlsbad Caverns,CAVE,NM,2015,9,September,2015-09-01,46801,NA,2.5,NA,NA
Carlsbad Caverns,CAVE,NM,2015,10,October,2015-10-01,37886,NA,2.5,NA,NA
Carlsbad Caverns,CAVE,NM,2015,11,November,2015-11-01,31200,NA,2.5,NA,NA
Carlsbad Caverns,CAVE,NM,2015,12,December,2015-12-01,28972,NA,2.3,NA,NA
Carlsbad Caverns,CAVE,NM,2016,1,January,2016-01-01,16337,NA,2.1,NA,NA
Carlsbad Caverns,CAVE,NM,2016,2,February,2016-02-01,18671,NA,1.9,NA,NA
Carlsbad Caverns,CAVE,NM,2016,3,March,2016-03-01,25673,NA,2.4,NA,NA
Carlsbad Caverns,CAVE,NM,2016,4,April,2016-04-01,32674,NA,2.7,NA,NA
Carlsbad Caverns,CAVE,NM,2016,5,May,2016-05-01,42010,NA,3.1,NA,NA
Carlsbad Caverns,CAVE,NM,2016,6,June,2016-06-01,53679,NA,3,NA,NA
Carlsbad Caverns,CAVE,NM,2016,7,July,2016-07-01,65348,NA,2.7,NA,NA
Carlsbad Caverns,CAVE,NM,2016,8,August,2016-08-01,60680,NA,2.6,NA,NA
Carlsbad Caverns,CAVE,NM,2016,9,September,2016-09-01,49011,NA,2.5,NA,NA
Carlsbad Caverns,CAVE,NM,2016,10,October,2016-10-01,39676,NA,2.5,NA,NA
Carlsbad Caverns,CAVE,NM,2016,11,November,2016-11-01,32674,NA,2.5,NA,NA
Carlsbad Caverns,CAVE,NM,2016,12,December,2016-12-01,30340,NA,2.3,NA,NA
Channel Islands,CHIS,CA,2007,1,January,2007-01-01,12628,NA,2.1,NA,NA
Channel Islands,CHIS,CA,2007,2,February,2007-02-01,14432,NA,1.9,NA,NA
Channel Islands,CHIS,CA,2007,3,March,2007-03-01,19844,NA,2.4,NA,NA
Channel Islands,CHIS,CA,2007,4,April,2007-04-01,25256,NA,2.7,NA,NA
Channel Islands,CHIS,CA,2007,5,May,2007-05-01,32473,NA,3.1,NA,NA
Channel Islands,CHIS,CA,2007,6,June,2007-06-01,41493,NA,3,NA,NA
Channel Islands,CHIS,CA,2007,7,July,2007-07-01,50513,NA,2.7,NA,NA
Channel Islands,CHIS,CA,2007,8,August,2007-08-01,46905,NA,2.6,NA,NA
Channel Islands,CHIS,CA,2007,9,September,2007-09-01,37885,NA,2.5,NA,NA
Channel Islands,CHIS,CA,2007,10,October,2007-10-01,30669,NA,2.5,NA,NA
Channel Islands,CHIS,CA,2007,11,November,2007-11-01,25256,NA,2.5,NA,NA
Channel Islands,CHIS,CA,2007,12,December,2007-12-01,23452,NA,2.3,NA,NA
Channel Islands,CHIS,CA,2008,1,January,2008-01-01,11626,NA,2.1,NA,NA
Channel Islands,CHIS,CA,2008,2,February,2008-02-01,13287,NA,1.9,NA,NA
Channel Islands,CHIS,CA,2008,3,March,2008-03-01,18270,NA,2.4,NA,NA
Channel Islands,CHIS,CA,2008,4,April,2008-04-01,23252,NA,2.7,NA,NA
Channel Islands,CHIS,CA,2008,5,May,2008-05-01,29896,NA,3.1,NA,NA
Channel Islands,CHIS,CA,2008,6,June,2008-06-01,38200,NA,3,NA,NA
Channel Islands,CHIS,CA,2008,7,July,2008-07-01,46505,NA,2.7,NA,NA
Channel Islands,CHIS,CA,2008,8,August,2008-08-01,43183,NA,2.6,NA,NA
Channel Islands,CHIS,CA,2008,9,September,2008-09-01,34879,NA,2.5,NA,NA
Channel Islands,CHIS,CA,2008,10,October,2008-10-01,28235,NA,2.5,NA,NA
Channel Islands,CHIS,CA,2008,11,November,2008-11-01,23252,NA,2.5,NA,NA
Channel Islands,CHIS,CA,2008,12,December,2008-12-01,21592,NA,2.3,NA,NA
Channel Islands,CHIS,CA,2009,1,January,2009-01-01,12206,NA,2.1,NA,NA
Channel Islands,CHIS,CA,2009,2,February,2009-02-01,13950,NA,1.9,NA,NA
Channel Islands,CHIS,CA,2009,3,March,2009-03-01,19181,NA,2.4,NA,NA
Channel Islands,CHIS,CA,2009,4,April,2009-04-01,24412,NA,2.7,NA,NA
Channel Islands,CHIS,CA,2009,5,May,2009-05-01,31387,NA,3.1,NA,NA
Channel Islands,CHIS,CA,2009,6,June,2009-06-01,40106,NA,3,NA,NA
Channel Islands,CHIS,CA,2009,7,July,2009-07-01,48824,NA,2.7,NA,NA
Channel Islands,CHIS,CA,2009,8,August,2009-08-01,45337,NA,2.6,NA,NA
Channel Islands,CHIS,CA,2009,9,September,2009-09-01,36618,NA,2.5,NA,NA
Channel Islands,CHIS,CA,2009,10,October,2009-10-01,29643,NA,2.5,NA,NA
Channel Islands,CHIS,CA,2009,11,November,2009-11-01,24412,NA,2.5,NA,NA
Channel Islands,CHIS,CA,2009,12,December,2009-12-01,22668,NA,2.3,NA,NA
Channel Islands,CHIS,CA,2010,1,January,2010-01-01,9713,NA,2.1,NA,NA
Channel Islands,CHIS,CA,2010,2,February,2010-02-01,11101,NA,1.9,NA,NA
Channel Islands,CHIS,CA,2010,3,March,2010-03-01,15263,NA,2.4,NA,NA
Channel Islands,CHIS,CA,2010,4,April,2010-04-01,19426,NA,2.7,NA,NA
Channel Islands,CHIS,CA,2010,5,May,2010-05-01,24976,NA,3.1,NA,NA
Channel Islands,CHIS,CA,2010,6,June,2010-06-01,31914,NA,3,NA,NA
Channel Islands,CHIS,CA,2010,7,July,2010-07-01,38852,NA,2.7,NA,NA
Channel Islands,CHIS,CA,2010,8,August,2010-08-01,36077,NA,2.6,NA,NA
Channel Islands,CHIS,CA,2010,9,September,2010-09-01,29139,NA,2.5,NA,NA
Channel Islands,CHIS,CA,2010,10,October,2010-10-01,23589,NA,2.5,NA,NA
Channel Islands,CHIS,CA,2010,11,November,2010-11-01,19426,NA,2.5,NA,NA
Channel Islands,CHIS,CA,2010,12,December,2010-12-01,18038,NA,2.3,NA,NA
Channel Islands,CHIS,CA,2011,1,January,2011-01-01,8496,NA,2.1,NA,NA
Channel Islands,CHIS,CA,2011,2,February,2011-02-01,9710,NA,1.9,NA,NA
Channel Islands,CHIS,CA,2011,3,March,2011-03-01,13352,NA,2.4,NA,NA
Channel Islands,CHIS,CA,2011,4,April,2011-04-01,16993,NA,2.7,NA,NA
Channel Islands,CHIS,CA,2011,5,May,2011-05-01,21848,NA,3.1,NA,NA
Channel Islands,CHIS,CA,2011,6,June,2011-06-01,27917,NA,3,NA,NA
Channel Islands,CHIS,CA,2011,7,July,2011-07-01,33986,NA,2.7,NA,NA
Channel Islands,CHIS,CA,2011,8,August,2011-08-01,31558,NA,2.6,NA,NA
Channel Islands,CHIS,CA,2011,9,September,2011-09-01,25489,NA,2.5,NA,NA
Channel Islands,CHIS,CA,2011,10,October,2011-10-01,20634,NA,2.5,NA,NA
Channel Islands,CHIS,CA,2011,11,November,2011-11-01,16993,NA,2.5,NA,NA
Channel Islands,CHIS,CA,2011,12,December,2011-12-01,15779,NA,2.3,NA,NA
Channel Islands,CHIS,CA,2012,1,January,2012-01-01,8736,NA,2.1,NA,NA
Channel Islands,CHIS,CA,2012,2,February,2012-02-01,9984,NA,1.9,NA,NA
Channel Islands,CHIS,CA,2012,3,March,2012-03-01,13728,NA,2.4,NA,NA
Channel Islands,CHIS,CA,2012,4,April,2012-04-01,17472,NA,2.7,NA,NA
Channel Islands,CHIS,CA,2012,5,May,2012-05-01,22463,NA,3.1,NA,NA
Channel Islands,CHIS,CA,2012,6,June,2012-06-01,28703,NA,3,NA,NA
Channel Islands,CHIS,CA,2012,7,July,2012-07-01,34943,NA,2.7,NA,NA
Channel Islands,CHIS,CA,2012,8,August,2012-08-01,32447,NA,2.6,NA,NA
Channel Islands,CHIS,CA,2012,9,September,2012-09-01,26207,NA,2.5,NA,NA
Channel Islands,CHIS,CA,2012,10,October,2012-10-01,21215,NA,2.5,NA,NA
Channel Islands,CHIS,CA,2012,11,November,2012-11-01,17472,NA,2.5,NA,NA
Channel Islands,CHIS,CA,2012,12,December,2012-12-01,16224,NA,2.3,NA,NA
Channel Islands,CHIS,CA,2013,1,January,2013-01-01,7421,NA,2.1,NA,NA
Channel Islands,CHIS,CA,2013,2,February,2013-02-01,8481,NA,1.9,NA,NA
Channel Islands,CHIS,CA,2013,3,March,2013-03-01,11662,NA,2.4,NA,NA
Channel Islands,CHIS,CA,2013,4,April,2013-04-01,14842,NA,2.7,NA,NA
Channel Islands,CHIS,CA,2013,5,May,2013-05-01,19083,NA,3.1,NA,NA
Channel Islands,CHIS,CA,2013,6,June,2013-06-01,24383,NA,3,NA,NA
Channel Islands,CHIS,CA,2013,7,July,2013-07-01,29684,NA,2.7,NA,NA
Channel Islands,CHIS,CA,2013,8,August,2013-08-01,27564,NA,2.6,NA,NA
Channel Islands,CHIS,CA,2013,9,September,2013-09-01,22263,NA,2.5,NA,NA
Channel Islands,CHIS,CA,2013,10,October,2013-10-01,18022,NA,2.5,NA,NA
Channel Islands,CHIS,CA,2013,11,November,2013-11-01,14842,NA,2.5,NA,NA
Channel Islands,CHIS,CA,2013,12,December,2013-12-01,13782,NA,2.3,NA,NA
Channel Islands,CHIS,CA,2014,1,January,2014-01-01,11976,NA,2.1,NA,NA
Channel Islands,CHIS,CA,2014,2,February,2014-02-01,13686,NA,1.9,NA,NA
Channel Islands,CHIS,CA,2014,3,March,2014-03-01,18819,NA,2.4,NA,NA
Channel Islands,CHIS,CA,2014,4,April,2014-04-01,23951,NA,2.7,NA,NA
Channel Islands,CHIS,CA,2014,5,May,2014-05-01,30794,NA,3.1,NA,NA
Channel Islands,CHIS,CA,2014,6,June,2014-06-01,39349,NA,3,NA,NA
Channel Islands,CHIS,CA,2014,7,July,2014-07-01,47903,NA,2.7,NA,NA
Channel Islands,CHIS,CA,2014,8,August,2014-08-01,44481,NA,2.6,NA,NA
Channel Islands,CHIS,CA,2014,9,September,2014-09-01,35927,NA,2.5,NA,NA
Channel Islands,CHIS,CA,2014,10,October,2014-10-01,29084,NA,2.5,NA,NA
Channel Islands,CHIS,CA,2014,11,November,2014-11-01,23951,NA,2.5,NA,NA
Channel Islands,CHIS,CA,2014,12,December,2014-12-01,22240,NA,2.3,NA,NA
Channel Islands,CHIS,CA,2015,1,January,2015-01-01,11369,NA,2.1,NA,NA
Channel Islands,CHIS,CA,2015,2,February,2015-02-01,12993,NA,1.9,NA,NA
Channel Islands,CHIS,CA,2015,3,March,2015-03-01,17865,NA,2.4,NA,NA
Channel Islands,CHIS,CA,2015,4,April,2015-04-01,22737,NA,2.7,NA,NA
Channel Islands,CHIS,CA,2015,5,May,2015-05-01,29233,NA,3.1,NA,NA
Channel Islands,CHIS,CA,2015,6,June,2015-06-01,37354,NA,3,NA,NA
Channel Islands,CHIS,CA,2015,7,July,2015-07-01,45474,NA,2.7,NA,NA
Channel Islands,CHIS,CA,2015,8,August,2015-08-01,42226,NA,2.6,NA,NA
Channel Islands,CHIS,CA,2015,9,September,2015-09-01,34106,NA,2.5,NA,NA
Channel Islands,CHIS,CA,2015,10,October,2015-10-01,27609,NA,2.5,NA,NA
Channel Islands,CHIS,CA,2015,11,November,2015-11-01,22737,NA,2.5,NA,NA
Channel Islands,CHIS,CA,2015,12,December,2015-12-01,21113,NA,2.3,NA,NA
Channel Islands,CHIS,CA,2016,1,January,2016-01-01,12768,NA,2.1,NA,NA
Channel Islands,CHIS,CA,2016,2,February,2016-02-01,14592,NA,1.9,NA,NA
Channel Islands,CHIS,CA,2016,3,March,2016-03-01,20064,NA,2.4,NA,NA
Channel Islands,CHIS,CA,2016,4,April,2016-04-01,25536,NA,2.7,NA,NA
Channel Islands,CHIS,CA,2016,5,May,2016-05-01,32833,NA,3.1,NA,NA
Channel Islands,CHIS,CA,2016,6,June,2016-06-01,41953,NA,3,NA,NA
Channel Islands,CHIS,CA,2016,7,July,2016-07-01,51073,NA,2.7,NA,NA
Channel Islands,CHIS,CA,2016,8,August,2016-08-01,47425,NA,2.6,NA,NA
Channel Islands,CHIS,CA,2016,9,September,2016-09-01,38305,NA,2.5,NA,NA
Channel Islands,CHIS,CA,2016,10,October,2016-10-01,31009,NA,2.5,NA,NA
Channel Islands,CHIS,CA,2016,11,November,2016-11-01,25536,NA,2.5,NA,NA
Channel Islands,CHIS,CA,2016,12,December,2016-12-01,23712,NA,2.3,NA,NA
Congaree,CONG,SC,2007,1,January,2007-01-01,4043,NA,2.1,NA,NA
Congaree,CONG,SC,2007,2,February,2007-02-01,4621,NA,1.9,NA,NA
Congaree,CONG,SC,2007,3,March,2007-03-01,6354,NA,2.4,NA,NA
Congaree,CONG,SC,2007,4,April,2007-04-01,8087,NA,2.7,NA,NA
Congaree,CONG,SC,2007,5,May,2007-05-01,10397,NA,3.1,NA,NA
Congaree,CONG,SC,2007,6,June,2007-06-01,13285,NA,3,NA,NA
Congaree,CONG,SC,2007,7,July,2007-07-01,16173,NA,2.7,NA,NA
Congaree,CONG,SC,2007,8,August,2007-08-01,15018,NA,2.6,NA,NA
Congaree,CONG,SC,2007,9,September,2007-09-01,12130,NA,2.5,NA,NA
Congaree,CONG,SC,2007,10,October,2007-10-01,9820,NA,2.5,NA,NA
Congaree,CONG,SC,2007,11,November,2007-11-01,8087,NA,2.5,NA,NA
Congaree,CONG,SC,2007,12,December,2007-12-01,7509,NA,2.3,NA,NA
Congaree,CONG,SC,2008,1,January,2008-01-01,3672,NA,2.1,NA,NA
Congaree,CONG,SC,2008,2,February,2008-02-01,4197,NA,1.9,NA,NA
Congaree,CONG,SC,2008,3,March,2008-03-01,5770,NA,2.4,NA,NA
Congaree,CONG,SC,2008,4,April,2008-04-01,7344,NA,2.7,NA,NA
Congaree,CONG,SC,2008,5,May,2008-05-01,9442,NA,3.1,NA,NA
Congaree,CONG,SC,2008,6,June,2008-06-01,12065,NA,3,NA,NA
Congaree,CONG,SC,2008,7,July,2008-07-01,14688,NA,2.7,NA,NA
Congaree,CONG,SC,2008,8,August,2008-08-01,13639,NA,2.6,NA,NA
Congaree,CONG,SC,2008,9,September,2008-09-01,11016,NA,2.5,NA,NA
Congaree,CONG,SC,2008,10,October,2008-10-01,8918,NA,2.5,NA,NA
Congaree,CONG,SC,2008,11,November,2008-11-01,7344,NA,2.5,NA,NA
Congaree,CONG,SC,2008,12,December,2008-12-01,6819,NA,2.3,NA,NA
Congaree,CONG,SC,2009,1,January,2009-01-01,4304,NA,2.1,NA,NA
Congaree,CONG,SC,2009,2,February,2009-02-01,4919,NA,1.9,NA,NA
Congaree,CONG,SC,2009,3,March,2009-03-01,6763,NA,2.4,NA,NA
Congaree,CONG,SC,2009,4,April,2009-04-01,8608,NA,2.7,NA,NA
Congaree,CONG,SC,2009,5,May,2009-05-01,11067,NA,3.1,NA,NA
Congaree,CONG,SC,2009,6,June,2009-06-01,14142,NA,3,NA,NA
Congaree,CONG,SC,2009,7,July,2009-07-01,17216,NA,2.7,NA,NA
Congaree,CONG,SC,2009,8,August,2009-08-01,15986,NA,2.6,NA,NA
Congaree,CONG,SC,2009,9,September,2009-09-01,12912,NA,2.5,NA,NA
Congaree,CONG,SC,2009,10,October,2009-10-01,10452,NA,2.5,NA,NA
Congaree,CONG,SC,2009,11,November,2009-11-01,8608,NA,2.5,NA,NA
Congaree,CONG,SC,2009,12,December,2009-12-01,7993,NA,2.3,NA,NA
Congaree,CONG,SC,2010,1,January,2010-01-01,4242,NA,2.1,NA,NA
Congaree,CONG,SC,2010,2,February,2010-02-01,4848,NA,1.9,NA,NA
Congaree,CONG,SC,2010,3,March,2010-03-01,6666,NA,2.4,NA,NA
Congaree,CONG,SC,2010,4,April,2010-04-01,8485,NA,2.7,NA,NA
Congaree,CONG,SC,2010,5,May,2010-05-01,10909,NA,3.1,NA,NA
Congaree,CONG,SC,2010,6,June,2010-06-01,13939,NA,3,NA,NA
Congaree,CONG,SC,2010,7,July,2010-07-01,16969,NA,2.7,NA,NA
Congaree,CONG,SC,2010,8,August,2010-08-01,15757,NA,2.6,NA,NA
Congaree,CONG,SC,2010,9,September,2010-09-01,12727,NA,2.5,NA,NA
Congaree,CONG,SC,2010,10,October,2010-10-01,10303,NA,2.5,NA,NA
Congaree,CONG,SC,2010,11,November,2010-11-01,8485,NA,2.5,NA,NA
Congaree,CONG,SC,2010,12,December,2010-12-01,7879,NA,2.3,NA,NA
Congaree,CONG,SC,2011,1,January,2011-01-01,4206,NA,2.1,NA,NA
Congaree,CONG,SC,2011,2,February,2011-02-01,4807,NA,1.9,NA,NA
Congaree,CONG,SC,2011,3,March,2011-03-01,6609,NA,2.4,NA,NA
Congaree,CONG,SC,2011,4,April,2011-04-01,8412,NA,2.7,NA,NA
Congaree,CONG,SC,2011,5,May,2011-05-01,10815,NA,3.1,NA,NA
Congaree,CONG,SC,2011,6,June,2011-06-01,13819,NA,3,NA,NA
Congaree,CONG,SC,2011,7,July,2011-07-01,16823,NA,2.7,NA,NA
Congaree,CONG,SC,2011,8,August,2011-08-01,15622,NA,2.6,NA,NA
Congaree,CONG,SC,2011,9,September,2011-09-01,12617,NA,2.5,NA,NA
Congaree,CONG,SC,2011,10,October,2011-10-01,10214,NA,2.5,NA,NA
Congaree,CONG,SC,2011,11,November,2011-11-01,8412,NA,2.5,NA,NA
Congaree,CONG,SC,2011,12,December,2011-12-01,7811,NA,2.3,NA,NA
Congaree,CONG,SC,2012,1,January,2012-01-01,3839,NA,2.1,NA,NA
Congaree,CONG,SC,2012,2,February,2012-02-01,4387,NA,1.9,NA,NA
Congaree,CONG,SC,2012,3,March,2012-03-01,6033,NA,2.4,NA,NA
Congaree,CONG,SC,2012,4,April,2012-04-01,7678,NA,2.7,NA,NA
Congaree,CONG,SC,2012,5,May,2012-05-01,9872,NA,3.1,NA,NA
Congaree,CONG,SC,2012,6,June,2012-06-01,12614,NA,3,NA,NA
Congaree,CONG,SC,2012,7,July,2012-07-01,15356,NA,2.7,NA,NA
Congaree,CONG,SC,2012,8,August,2012-08-01,14259,NA,2.6,NA,NA
Congaree,CONG,SC,2012,9,September,2012-09-01,11517,NA,2.5,NA,NA
Congaree,CONG,SC,2012,10,October,2012-10-01,9323,NA,2.5,NA,NA
Congaree,CONG,SC,2012,11,November,2012-11-01,7678,NA,2.5,NA,NA
Congaree,CONG,SC,2012,12,December,2012-12-01,7130,NA,2.3,NA,NA
Congaree,CONG,SC,2013,1,January,2013-01-01,4212,NA,2.1,NA,NA
Congaree,CONG,SC,2013,2,February,2013-02-01,4814,NA,1.9,NA,NA
Congaree,CONG,SC,2013,3,March,2013-03-01,6619,NA,2.4,NA,NA
Congaree,CONG,SC,2013,4,April,2013-04-01,8424,NA,2.7,NA,NA
Congaree,CONG,SC,2013,5,May,2013-05-01,10831,NA,3.1,NA,NA
Congaree,CONG,SC,2013,6,June,2013-06-01,13839,NA,3,NA,NA
Congaree,CONG,SC,2013,7,July,2013-07-01,16848,NA,2.7,NA,NA
Congaree,CONG,SC,2013,8,August,2013-08-01,15644,NA,2.6,NA,NA
Congaree,CONG,SC,2013,9,September,2013-09-01,12636,NA,2.5,NA,NA
Congaree,CONG,SC,2013,10,October,2013-10-01,10229,NA,2.5,NA,NA
Congaree,CONG,SC,2013,11,November,2013-11-01,8424,NA,2.5,NA,NA
Congaree,CONG,SC,2013,12,December,2013-12-01,7822,NA,2.3,NA,NA
Congaree,CONG,SC,2014,1,January,2014-01-01,4204,NA,2.1,NA,NA
Congaree,CONG,SC,2014,2,February,2014-02-01,4805,NA,1.9,NA,NA
Congaree,CONG,SC,2014,3,March,2014-03-01,6607,NA,2.4,NA,NA
Congaree,CONG,SC,2014,4,April,2014-04-01,8409,NA,2.7,NA,NA
Congaree,CONG,SC,2014,5,May,2014-05-01,10811,NA,3.1,NA,NA
Congaree,CONG,SC,2014,6,June,2014-06-01,13814,NA,3,NA,NA
Congaree,CONG,SC,2014,7,July,2014-07-01,16817,NA,2.7,NA,NA
Congaree,CONG,SC,2014,8,August,2014-08-01,15616,NA,2.6,NA,NA
Congaree,CONG,SC,2014,9,September,2014-09-01,12613,NA,2.5,NA,NA
Congaree,CONG,SC,2014,10,October,2014-10-01,10210,NA,2.5,NA,NA
Congaree,CONG,SC,2014,11,November,2014-11-01,8409,NA,2.5,NA,NA
Congaree,CONG,SC,2014,12,December,2014-12-01,7808,NA,2.3,NA,NA
Congaree,CONG,SC,2015,1,January,2015-01-01,3063,NA,2.1,NA,NA
Congaree,CONG,SC,2015,2,February,2015-02-01,3501,NA,1.9,NA,NA
Congaree,CONG,SC,2015,3,March,2015-03-01,4813,NA,2.4,NA,NA
Congaree,CONG,SC,2015,4,April,2015-04-01,6126,NA,2.7,NA,NA
Congaree,CONG,SC,2015,5,May,2015-05-01,7876,NA,3.1,NA,NA
Congaree,CONG,SC,2015,6,June,2015-06-01,10064,NA,3,NA,NA
Congaree,CONG,SC,2015,7,July,2015-07-01,12252,NA,2.7,NA,NA
Congaree,CONG,SC,2015,8,August,2015-08-01,11377,NA,2.6,NA,NA
Congaree,CONG,SC,2015,9,September,2015-09-01,9189,NA,2.5,NA,NA
Congaree,CONG,SC,2015,10,October,2015-10-01,7439,NA,2.5,NA,NA
Congaree,CONG,SC,2015,11,November,2015-11-01,6126,NA,2.5,NA,NA
Congaree,CONG,SC,2015,12,December,2015-12-01,5688,NA,2.3,NA,NA
Congaree,CONG,SC,2016,1,January,2016-01-01,5035,NA,2.1,NA,NA
Congaree,CONG,SC,2016,2,February,2016-02-01,5754,NA,1.9,NA,NA
Congaree,CONG,SC,2016,3,March,2016-03-01,7911,NA,2.4,NA,NA
Congaree,CONG,SC,2016,4,April,2016-04-01,10069,NA,2.7,NA,NA
Congaree,CONG,SC,2016,5,May,2016-05-01,12946,NA,3.1,NA,NA
Congaree,CONG,SC,2016,6,June,2016-06-01,16542,NA,3,NA,NA
Congaree,CONG,SC,2016,7,July,2016-07-01,20138,NA,2.7,NA,NA
Congaree,CONG,SC,2016,8,August,2016-08-01,18700,NA,2.6,NA,NA
Congaree,CONG,SC,2016,9,September,2016-09-01,15104,NA,2.5,NA,NA
Congaree,CONG,SC,2016,10,October,2016-10-01,12227,NA,2.5,NA,NA
Congaree,CONG,SC,2016,11,November,2016-11-01,10069,NA,2.5,NA,NA
Congaree,CONG,SC,2016,12,December,2016-12-01,9350,NA,2.3,NA,NA
Crater Lake,CRLA,OR,2007,1,January,2007-01-01,16414,NA,2.1,NA,NA
Crater Lake,CRLA,OR,2007,2,February,2007-02-01,18758,NA,1.9,NA,NA
Crater Lake,CRLA,OR,2007,3,March,2007-03-01,25793,NA,2.4,NA,NA
Crater Lake,CRLA,OR,2007,4,April,2007-04-01,32827,NA,2.7,NA,NA
Crater Lake,CRLA,OR,2007,5,May,2007-05-01,42206,NA,3.1,NA,NA
Crater Lake,CRLA,OR,2007,6,June,2007-06-01,53930,NA,3,NA,NA
Crater Lake,CRLA,OR,2007,7,July,2007-07-01,65654,NA,2.7,NA,NA
Crater Lake,CRLA,OR,2007,8,August,2007-08-01,60965,NA,2.6,NA,NA
Crater Lake,CRLA,OR,2007,9,September,2007-09-01,49241,NA,2.5,NA,NA
Crater Lake,CRLA,OR,2007,10,October,2007-10-01,39861,NA,2.5,NA,NA
Crater Lake,CRLA,OR,2007,11,November,2007-11-01,32827,NA,2.5,NA,NA
Crater Lake,CRLA,OR,2007,12,December,2007-12-01,30482,NA,2.3,NA,NA
Crater Lake,CRLA,OR,2008,1,January,2008-01-01,14549,NA,2.1,NA,NA
Crater Lake,CRLA,OR,2008,2,February,2008-02-01,16627,NA,1.9,NA,NA
Crater Lake,CRLA,OR,2008,3,March,2008-03-01,22863,NA,2.4,NA,NA
Crater Lake,CRLA,OR,2008,4,April,2008-04-01,29098,NA,2.7,NA,NA
Crater Lake,CRLA,OR,2008,5,May,2008-05-01,37412,NA,3.1,NA,NA
Crater Lake,CRLA,OR,2008,6,June,2008-06-01,47804,NA,3,NA,NA
Crater Lake,CRLA,OR,2008,7,July,2008-07-01,58196,NA,2.7,NA,NA
Crater Lake,CRLA,OR,2008,8,August,2008-08-01,54039,NA,2.6,NA,NA
Crater Lake,CRLA,OR,2008,9,September,2008-09-01,43647,NA,2.5,NA,NA
Crater Lake,CRLA,OR,2008,10,October,2008-10-01,35333,NA,2.5,NA,NA
Crater Lake,CRLA,OR,2008,11,November,2008-11-01,29098,NA,2.5,NA,NA
Crater Lake,CRLA,OR,2008,12,December,2008-12-01,27020,NA,2.3,NA,NA
Crater Lake,CRLA,OR,2009,1,January,2009-01-01,15628,NA,2.1,NA,NA
Crater Lake,CRLA,OR,2009,2,February,2009-02-01,17861,NA,1.9,NA,NA
Crater Lake,CRLA,OR,2009,3,March,2009-03-01,24558,NA,2.4,NA,NA
Crater Lake,CRLA,OR,2009,4,April,2009-04-01,31256,NA,2.7,NA,NA
Crater Lake,CRLA,OR,2009,5,May,2009-05-01,40186,NA,3.1,NA,NA
Crater Lake,CRLA,OR,2009,6,June,2009-06-01,51349,NA,3,NA,NA
Crater Lake,CRLA,OR,2009,7,July,2009-07-01,62512,NA,2.7,NA,NA
Crater Lake,CRLA,OR,2009,8,August,2009-08-01,58047,NA,2.6,NA,NA
Crater Lake,CRLA,OR,2009,9,September,2009-09-01,46884,NA,2.5,NA,NA
Crater Lake,CRLA,OR,2009,10,October,2009-10-01,37954,NA,2.5,NA,NA
Crater Lake,CRLA,OR,2009,11,November,2009-11-01,31256,NA,2.5,NA,NA
Crater Lake,CRLA,OR,2009,12,December,2009-12-01,29024,NA,2.3,NA,NA
Crater Lake,CRLA,OR,2010,1,January,2010-01-01,15691,NA,2.1,NA,NA
Crater Lake,CRLA,OR,2010,2,February,2010-02-01,17933,NA,1.9,NA,NA
Crater Lake,CRLA,OR,2010,3,March,2010-03-01,24658,NA,2.4,NA,NA
Crater Lake,CRLA,OR,2010,4,April,2010-04-01,31382,NA,2.7,NA,NA
Crater Lake,CRLA,OR,2010,5,May,2010-05-01,40349,NA,3.1,NA,NA
Crater Lake,CRLA,OR,2010,6,June,2010-06-01,51557,NA,3,NA,NA
Crater Lake,CRLA,OR,2010,7,July,2010-07-01,62765,NA,2.7,NA,NA
Crater Lake,CRLA,OR,2010,8,August,2010-08-01,58281,NA,2.6,NA,NA
Crater Lake,CRLA,OR,2010,9,September,2010-09-01,47073,NA,2.5,NA,NA
Crater Lake,CRLA,OR,2010,10,October,2010-10-01,38107,NA,2.5,NA,NA
Crater Lake,CRLA,OR,2010,11,November,2010-11-01,31382,NA,2.5,NA,NA
Crater Lake,CRLA,OR,2010,12,December,2010-12-01,29141,NA,2.3,NA,NA
Crater Lake,CRLA,OR,2011,1,January,2011-01-01,14824,NA,2.1,NA,NA
Crater Lake,CRLA,OR,2011,2,February,2011-02-01,16942,NA,1.9,NA,NA
Crater Lake,CRLA,OR,2011,3,March,2011-03-01,23295,NA,2.4,NA,NA
Crater Lake,CRLA,OR,2011,4,April,2011-04-01,29649,NA,2.7,NA,NA
Crater Lake,CRLA,OR,2011,5,May,2011-05-01,38120,NA,3.1,NA,NA
Crater Lake,CRLA,OR,2011,6,June,2011-06-01,48708,NA,3,NA,NA
Crater Lake,CRLA,OR,2011,7,July,2011-07-01,59297,NA,2.7,NA,NA
Crater Lake,CRLA,OR,2011,8,August,2011-08-01,55062,NA,2.6,NA,NA
Crater Lake,CRLA,OR,2011,9,September,2011-09-01,44473,NA,2.5,NA,NA
Crater Lake,CRLA,OR,2011,10,October,2011-10-01,36002,NA,2.5,NA,NA
Crater Lake,CRLA,OR,2011,11,November,2011-11-01,29649,NA,2.5,NA,NA
Crater Lake,CRLA,OR,2011,12,December,2011-12-01,27531,NA,2.3,NA,NA
Crater Lake,CRLA,OR,2012,1,January,2012-01-01,15654,NA,2.1,NA,NA
Crater Lake,CRLA,OR,2012,2,February,2012-02-01,17890,NA,1.9,NA,NA
Crater Lake,CRLA,OR,2012,3,March,2012-03-01,24599,NA,2.4,NA,NA
Crater Lake,CRLA,OR,2012,4,April,2012-04-01,31308,NA,2.7,NA,NA
Crater Lake,CRLA,OR,2012,5,May,2012-05-01,40253,NA,3.1,NA,NA
Crater Lake,CRLA,OR,2012,6,June,2012-06-01,51434,NA,3,NA,NA
Crater Lake,CRLA,OR,2012,7,July,2012-07-01,62615,NA,2.7,NA,NA
Crater Lake,CRLA,OR,2012,8,August,2012-08-01,58143,NA,2.6,NA,NA
Crater Lake,CRLA,OR,2012,9,September,2012-09-01,46961,NA,2.5,NA,NA
Crater Lake,CRLA,OR,2012,10,October,2012-10-01,38016,NA,2.5,NA,NA
Crater Lake,CRLA,OR,2012,11,November,2012-11-01,31308,NA,2.5,NA,NA
Crater Lake,CRLA,OR,2012,12,December,2012-12-01,29071,NA,2.3,NA,NA
Crater Lake,CRLA,OR,2013,1,January,2013-01-01,18306,NA,2.1,NA,NA
Crater Lake,CRLA,OR,2013,2,February,2013-02-01,20921,NA,1.9,NA,NA
Crater Lake,CRLA,OR,2013,3,March,2013-03-01,28766,NA,2.4,NA,NA
Crater Lake,CRLA,OR,2013,4,April,2013-04-01,36612,NA,2.7,NA,NA
Crater Lake,CRLA,OR,2013,5,May,2013-05-01,47072,NA,3.1,NA,NA
Crater Lake,CRLA,OR,2013,6,June,2013-06-01,60148,NA,3,NA,NA
Crater Lake,CRLA,OR,2013,7,July,2013-07-01,73224,NA,2.7,NA,NA
Crater Lake,CRLA,OR,2013,8,August,2013-08-01,67994,NA,2.6,NA,NA
Crater Lake,CRLA,OR,2013,9,September,2013-09-01,54918,NA,2.5,NA,NA
Crater Lake,CRLA,OR,2013,10,October,2013-10-01,44457,NA,2.5,NA,NA
Crater Lake,CRLA,OR,2013,11,November,2013-11-01,36612,NA,2.5,NA,NA
Crater Lake,CRLA,OR,2013,12,December,2013-12-01,33997,NA,2.3,NA,NA
Crater Lake,CRLA,OR,2014,1,January,2014-01-01,18743,NA,2.1,NA,NA
Crater Lake,CRLA,OR,2014,2,February,2014-02-01,21420,NA,1.9,NA,NA
Crater Lake,CRLA,OR,2014,3,March,2014-03-01,29453,NA,2.4,NA,NA
Crater Lake,CRLA,OR,2014,4,April,2014-04-01,37486,NA,2.7,NA,NA
Crater Lake,CRLA,OR,2014,5,May,2014-05-01,48196,NA,3.1,NA,NA
Crater Lake,CRLA,OR,2014,6,June,2014-06-01,61583,NA,3,NA,NA
Crater Lake,CRLA,OR,2014,7,July,2014-07-01,74971,NA,2.7,NA,NA
Crater Lake,CRLA,OR,2014,8,August,2014-08-01,69616,NA,2.6,NA,NA
Crater Lake,CRLA,OR,2014,9,September,2014-09-01,56228,NA,2.5,NA,NA
Crater Lake,CRLA,OR,2014,10,October,2014-10-01,45518,NA,2.5,NA,NA
Crater Lake,CRLA,OR,2014,11,November,2014-11-01,37486,NA,2.5,NA,NA
Crater Lake,CRLA,OR,2014,12,December,2014-12-01,34808,NA,2.3,NA,NA
Crater Lake,CRLA,OR,2015,1,January,2015-01-01,21515,NA,2.1,NA,NA
Crater Lake,CRLA,OR,2015,2,February,2015-02-01,24588,NA,1.9,NA,NA
Crater Lake,CRLA,OR,2015,3,March,2015-03-01,33809,NA,2.4,NA,NA
Crater Lake,CRLA,OR,2015,4,April,2015-04-01,43030,NA,2.7,NA,NA
Crater Lake,CRLA,OR,2015,5,May,2015-05-01,55324,NA,3.1,NA,NA
Crater Lake,CRLA,OR,2015,6,June,2015-06-01,70692,NA,3,NA,NA
Crater Lake,CRLA,OR,2015,7,July,2015-07-01,86060,NA,2.7,NA,NA
Crater Lake,CRLA,OR,2015,8,August,2015-08-01,79913,NA,2.6,NA,NA
Crater Lake,CRLA,OR,2015,9,September,2015-09-01,64545,NA,2.5,NA,NA
Crater Lake,CRLA,OR,2015,10,October,2015-10-01,52251,NA,2.5,NA,NA
Crater Lake,CRLA,OR,2015,11,November,2015-11-01,43030,NA,2.5,NA,NA
Crater Lake,CRLA,OR,2015,12,December,2015-12-01,39956,NA,2.3,NA,NA
Crater Lake,CRLA,OR,2016,1,January,2016-01-01,26472,NA,2.1,NA,NA
Crater Lake,CRLA,OR,2016,2,February,2016-02-01,30254,NA,1.9,NA,NA
Crater Lake,CRLA,OR,2016,3,March,2016-03-01,41599,NA,2.4,NA,NA
Crater Lake,CRLA,OR,2016,4,April,2016-04-01,52944,NA,2.7,NA,NA
Crater Lake,CRLA,OR,2016,5,May,2016-05-01,68071,NA,3.1,NA,NA
Crater Lake,CRLA,OR,2016,6,June,2016-06-01,86980,NA,3,NA,NA
Crater Lake,CRLA,OR,2016,7,July,2016-07-01,105888,NA,2.7,NA,NA
Crater Lake,CRLA,OR,2016,8,August,2016-08-01,98325,NA,2.6,NA,NA
Crater Lake,CRLA,OR,2016,9,September,2016-09-01,79416,NA,2.5,NA,NA
Crater Lake,CRLA,OR,2016,10,October,2016-10-01,64289,NA,2.5,NA,NA
Crater Lake,CRLA,OR,2016,11,November,2016-11-01,52944,NA,2.5,NA,NA
Crater Lake,CRLA,OR,2016,12,December,2016-12-01,49162,NA,2.3,NA,NA
Cuyahoga Valley,CUVA,OH,2007,1,January,2007-01-01,87033,NA,2.1,NA,NA
Cuyahoga Valley,CUVA,OH,2007,2,February,2007-02-01,99466,NA,1.9,NA,NA
Cuyahoga Valley,CUVA,OH,2007,3,March,2007-03-01,136766,NA,2.4,NA,NA
Cuyahoga Valley,CUVA,OH,2007,4,April,2007-04-01,174066,NA,2.7,NA,NA
Cuyahoga Valley,CUVA,OH,2007,5,May,2007-05-01,223799,NA,3.1,NA,NA
Cuyahoga Valley,CUVA,OH,2007,6,June,2007-06-01,285965,NA,3,NA,NA
Cuyahoga Valley,CUVA,OH,2007,7,July,2007-07-01,348132,NA,2.7,NA,NA
Cuyahoga Valley,CUVA,OH,2007,8,August,2007-08-01,323265,NA,2.6,NA,NA
Cuyahoga Valley,CUVA,OH,2007,9,September,2007-09-01,261099,NA,2.5,NA,NA
Cuyahoga Valley,CUVA,OH,2007,10,October,2007-10-01,211366,NA,2.5,NA,NA
Cuyahoga Valley,CUVA,OH,2007,11,November,2007-11-01,174066,NA,2.5,NA,NA
Cuyahoga Valley,CUVA,OH,2007,12,December,2007-12-01,161633,NA,2.3,NA,NA
Cuyahoga Valley,CUVA,OH,2008,1,January,2008-01-01,98988,NA,2.1,NA,NA
Cuyahoga Valley,CUVA,OH,2008,2,February,2008-02-01,113129,NA,1.9,NA,NA
Cuyahoga Valley,CUVA,OH,2008,3,March,2008-03-01,155553,NA,2.4,NA,NA
Cuyahoga Valley,CUVA,OH,2008,4,April,2008-04-01,197976,NA,2.7,NA,NA
Cuyahoga Valley,CUVA,OH,2008,5,May,2008-05-01,254541,NA,3.1,NA,NA
Cuyahoga Valley,CUVA,OH,2008,6,June,2008-06-01,325247,NA,3,NA,NA
Cuyahoga Valley,CUVA,OH,2008,7,July,2008-07-01,395953,NA,2.7,NA,NA
Cuyahoga Valley,CUVA,OH,2008,8,August,2008-08-01,367670,NA,2.6,NA,NA
Cuyahoga Valley,CUVA,OH,2008,9,September,2008-09-01,296964,NA,2.5,NA,NA
Cuyahoga Valley,CUVA,OH,2008,10,October,2008-10-01,240400,NA,2.5,NA,NA
Cuyahoga Valley,CUVA,OH,2008,11,November,2008-11-01,197976,NA,2.5,NA,NA
Cuyahoga Valley,CUVA,OH,2008,12,December,2008-12-01,183835,NA,2.3,NA,NA
Cuyahoga Valley,CUVA,OH,2009,1,January,2009-01-01,90625,NA,2.1,NA,NA
Cuyahoga Valley,CUVA,OH,2009,2,February,2009-02-01,103572,NA,1.9,NA,NA
Cuyahoga Valley,CUVA,OH,2009,3,March,2009-03-01,142411,NA,2.4,NA,NA
Cuyahoga Valley,CUVA,OH,2009,4,April,2009-04-01,181250,NA,2.7,NA,NA
Cuyahoga Valley,CUVA,OH,2009,5,May,2009-05-01,233036,NA,3.1,NA,NA
Cuyahoga Valley,CUVA,OH,2009,6,June,2009-06-01,297768,NA,3,NA,NA
Cuyahoga Valley,CUVA,OH,2009,7,July,2009-07-01,362500,NA,2.7,NA,NA
Cuyahoga Valley,CUVA,OH,2009,8,August,2009-08-01,336607,NA,2.6,NA,NA
Cuyahoga Valley,CUVA,OH,2009,9,September,2009-09-01,271875,NA,2.5,NA,NA
Cuyahoga Valley,CUVA,OH,2009,10,October,2009-10-01,220089,NA,2.5,NA,NA
Cuyahoga Valley,CUVA,OH,2009,11,November,2009-11-01,181250,NA,2.5,NA,NA
Cuyahoga Valley,CUVA,OH,2009,12,December,2009-12-01,168304,NA,2.3,NA,NA
Cuyahoga Valley,CUVA,OH,2010,1,January,2010-01-01,87243,NA,2.1,NA,NA
Cuyahoga Valley,CUVA,OH,2010,2,February,2010-02-01,99707,NA,1.9,NA,NA
Cuyahoga Valley,CUVA,OH,2010,3,March,2010-03-01,137097,NA,2.4,NA,NA
Cuyahoga Valley,CUVA,OH,2010,4,April,2010-04-01,174487,NA,2.7,NA,NA
Cuyahoga Valley,CUVA,OH,2010,5,May,2010-05-01,224340,NA,3.1,NA,NA
Cuyahoga Valley,CUVA,OH,2010,6,June,2010-06-01,286657,NA,3,NA,NA
Cuyahoga Valley,CUVA,OH,2010,7,July,2010-07-01,348974,NA,2.7,NA,NA
Cuyahoga Valley,CUVA,OH,2010,8,August,2010-08-01,324047,NA,2.6,NA,NA
Cuyahoga Valley,CUVA,OH,2010,9,September,2010-09-01,261730,NA,2.5,NA,NA
Cuyahoga Valley,CUVA,OH,2010,10,October,2010-10-01,211877,NA,2.5,NA,NA
Cuyahoga Valley,CUVA,OH,2010,11,November,2010-11-01,174487,NA,2.5,NA,NA
Cuyahoga Valley,CUVA,OH,2010,12,December,2010-12-01,162024,NA,2.3,NA,NA
Cuyahoga Valley,CUVA,OH,2011,1,January,2011-01-01,75641,NA,2.1,NA,NA
Cuyahoga Valley,CUVA,OH,2011,2,February,2011-02-01,86447,NA,1.9,NA,NA
Cuyahoga Valley,CUVA,OH,2011,3,March,2011-03-01,118865,NA,2.4,NA,NA
Cuyahoga Valley,CUVA,OH,2011,4,April,2011-04-01,151283,NA,2.7,NA,NA
Cuyahoga Valley,CUVA,OH,2011,5,May,2011-05-01,194507,NA,3.1,NA,NA
Cuyahoga Valley,CUVA,OH,2011,6,June,2011-06-01,248536,NA,3,NA,NA
Cuyahoga Valley,CUVA,OH,2011,7,July,2011-07-01,302566,NA,2.7,NA,NA
Cuyahoga Valley,CUVA,OH,2011,8,August,2011-08-01,280954,NA,2.6,NA,NA
Cuyahoga Valley,CUVA,OH,2011,9,September,2011-09-01,226924,NA,2.5,NA,NA
Cuyahoga Valley,CUVA,OH,2011,10,October,2011-10-01,183701,NA,2.5,NA,NA
Cuyahoga Valley,CUVA,OH,2011,11,November,2011-11-01,151283,NA,2.5,NA,NA
Cuyahoga Valley,CUVA,OH,2011,12,December,2011-12-01,140477,NA,2.3,NA,NA
Cuyahoga Valley,CUVA,OH,2012,1,January,2012-01-01,80490,NA,2.1,NA,NA
Cuyahoga Valley,CUVA,OH,2012,2,February,2012-02-01,91989,NA,1.9,NA,NA
Cuyahoga Valley,CUVA,OH,2012,3,March,2012-03-01,126485,NA,2.4,NA,NA
Cuyahoga Valley,CUVA,OH,2012,4,April,2012-04-01,160981,NA,2.7,NA,NA
Cuyahoga Valley,CUVA,OH,2012,5,May,2012-05-01,206975,NA,3.1,NA,NA
Cuyahoga Valley,CUVA,OH,2012,6,June,2012-06-01,264468,NA,3,NA,NA
Cuyahoga Valley,CUVA,OH,2012,7,July,2012-07-01,321961,NA,2.7,NA,NA
Cuyahoga Valley,CUVA,OH,2012,8,August,2012-08-01,298964,NA,2.6,NA,NA
Cuyahoga Valley,CUVA,OH,2012,9,September,2012-09-01,241471,NA,2.5,NA,NA
Cuyahoga Valley,CUVA,OH,2012,10,October,2012-10-01,195476,NA,2.5,NA,NA
Cuyahoga Valley,CUVA,OH,2012,11,November,2012-11-01,160981,NA,2.5,NA,NA
Cuyahoga Valley,CUVA,OH,2012,12,December,2012-12-01,149482,NA,2.3,NA,NA
Cuyahoga Valley,CUVA,OH,2013,1,January,2013-01-01,73605,NA,2.1,NA,NA
Cuyahoga Valley,CUVA,OH,2013,2,February,2013-02-01,84120,NA,1.9,NA,NA
Cuyahoga Valley,CUVA,OH,2013,3,March,2013-03-01,115666,NA,2.4,NA,NA
Cuyahoga Valley,CUVA,OH,2013,4,April,2013-04-01,147211,NA,2.7,NA,NA
Cuyahoga Valley,CUVA,OH,2013,5,May,2013-05-01,189271,NA,3.1,NA,NA
Cuyahoga Valley,CUVA,OH,2013,6,June,2013-06-01,241846,NA,3,NA,NA
Cuyahoga Valley,CUVA,OH,2013,7,July,2013-07-01,294421,NA,2.7,NA,NA
Cuyahoga Valley,CUVA,OH,2013,8,August,2013-08-01,273391,NA,2.6,NA,NA
Cuyahoga Valley,CUVA,OH,2013,9,September,2013-09-01,220816,NA,2.5,NA,NA
Cuyahoga Valley,CUVA,OH,2013,10,October,2013-10-01,178756,NA,2.5,NA,NA
Cuyahoga Valley,CUVA,OH,2013,11,November,2013-11-01,147211,NA,2.5,NA,NA
Cuyahoga Valley,CUVA,OH,2013,12,December,2013-12-01,136696,NA,2.3,NA,NA
Cuyahoga Valley,CUVA,OH,2014,1,January,2014-01-01,76645,NA,2.1,NA,NA
Cuyahoga Valley,CUVA,OH,2014,2,February,2014-02-01,87594,NA,1.9,NA,NA
Cuyahoga Valley,CUVA,OH,2014,3,March,2014-03-01,120442,NA,2.4,NA,NA
Cuyahoga Valley,CUVA,OH,2014,4,April,2014-04-01,153289,NA,2.7,NA,NA
Cuyahoga Valley,CUVA,OH,2014,5,May,2014-05-01,197086,NA,3.1,NA,NA
Cuyahoga Valley,CUVA,OH,2014,6,June,2014-06-01,251833,NA,3,NA,NA
Cuyahoga Valley,CUVA,OH,2014,7,July,2014-07-01,306579,NA,2.7,NA,NA
Cuyahoga Valley,CUVA,OH,2014,8,August,2014-08-01,284680,NA,2.6,NA,NA
Cuyahoga Valley,CUVA,OH,2014,9,September,2014-09-01,229934,NA,2.5,NA,NA
Cuyahoga Valley,CUVA,OH,2014,10,October,2014-10-01,186137,NA,2.5,NA,NA
Cuyahoga Valley,CUVA,OH,2014,11,November,2014-11-01,153289,NA,2.5,NA,NA
Cuyahoga Valley,CUVA,OH,2014,12,December,2014-12-01,142340,NA,2.3,NA,NA
Cuyahoga Valley,CUVA,OH,2015,1,January,2015-01-01,79961,NA,2.1,NA,NA
Cuyahoga Valley,CUVA,OH,2015,2,February,2015-02-01,91384,NA,1.9,NA,NA
Cuyahoga Valley,CUVA,OH,2015,3,March,2015-03-01,125654,NA,2.4,NA,NA
Cuyahoga Valley,CUVA,OH,2015,4,April,2015-04-01,159923,NA,2.7,NA,NA
Cuyahoga Valley,CUVA,OH,2015,5,May,2015-05-01,205615,NA,3.1,NA,NA
Cuyahoga Valley,CUVA,OH,2015,6,June,2015-06-01,262730,NA,3,NA,NA
Cuyahoga Valley,CUVA,OH,2015,7,July,2015-07-01,319846,NA,2.7,NA,NA
Cuyahoga Valley,CUVA,OH,2015,8,August,2015-08-01,297000,NA,2.6,NA,NA
Cuyahoga Valley,CUVA,OH,2015,9,September,2015-09-01,239884,NA,2.5,NA,NA
Cuyahoga Valley,CUVA,OH,2015,10,October,2015-10-01,194192,NA,2.5,NA,NA
Cuyahoga Valley,CUVA,OH,2015,11,November,2015-11-01,159923,NA,2.5,NA,NA
Cuyahoga Valley,CUVA,OH,2015,12,December,2015-12-01,148500,NA,2.3,NA,NA
Cuyahoga Valley,CUVA,OH,2016,1,January,2016-01-01,84819,NA,2.1,NA,NA
Cuyahoga Valley,CUVA,OH,2016,2,February,2016-02-01,96936,NA,1.9,NA,NA
Cuyahoga Valley,CUVA,OH,2016,3,March,2016-03-01,133286,NA,2.4,NA,NA
Cuyahoga Valley,CUVA,OH,2016,4,April,2016-04-01,169637,NA,2.7,NA,NA
Cuyahoga Valley,CUVA,OH,2016,5,May,2016-05-01,218105,NA,3.1,NA,NA
Cuyahoga Valley,CUVA,OH,2016,6,June,2016-06-01,278690,NA,3,NA,NA
Cuyahoga Valley,CUVA,OH,2016,7,July,2016-07-01,339275,NA,2.7,NA,NA
Cuyahoga Valley,CUVA,OH,2016,8,August,2016-08-01,315041,NA,2.6,NA,NA
Cuyahoga Valley,CUVA,OH,2016,9,September,2016-09-01,254456,NA,2.5,NA,NA
Cuyahoga Valley,CUVA,OH,2016,10,October,2016-10-01,205988,NA,2.5,NA,NA
Cuyahoga Valley,CUVA,OH,2016,11,November,2016-11-01,169637,NA,2.5,NA,NA
Cuyahoga Valley,CUVA,OH,2016,12,December,2016-12-01,157520,NA,2.3,NA,NA
Death Valley,DEVA,CA,2007,1,January,2007-01-01,54213,65,0.7,36.46,desert
Death Valley,DEVA,CA,2007,2,February,2007-02-01,58515,68,0.7,36.46,desert
Death Valley,DEVA,CA,2007,3,March,2007-03-01,66260,75,0.8,36.46,desert
Death Valley,DEVA,CA,2007,4,April,2007-04-01,60237,83,0.9,36.46,desert
Death Valley,DEVA,CA,2007,5,May,2007-05-01,58085,88,1.1,36.46,desert
Death Valley,DEVA,CA,2007,6,June,2007-06-01,34636,92,1,36.46,desert
Death Valley,DEVA,CA,2007,7,July,2007-07-01,24095,94,0.9,36.46,desert
Death Valley,DEVA,CA,2007,8,August,2007-08-01,27967,94,0.9,36.46,desert
Death Valley,DEVA,CA,2007,9,September,2007-09-01,54213,92,0.9,36.46,desert
Death Valley,DEVA,CA,2007,10,October,2007-10-01,80459,85,0.9,36.46,desert
Death Valley,DEVA,CA,2007,11,November,2007-11-01,90355,76,0.9,36.46,desert
Death Valley,DEVA,CA,2007,12,December,2007-12-01,95088,69,0.8,36.46,desert
Death Valley,DEVA,CA,2008,1,January,2008-01-01,67134,65,0.7,36.46,desert
Death Valley,DEVA,CA,2008,2,February,2008-02-01,72462,68,0.7,36.46,desert
Death Valley,DEVA,CA,2008,3,March,2008-03-01,82052,75,0.8,36.46,desert
Death Valley,DEVA,CA,2008,4,April,2008-04-01,74593,83,0.9,36.46,desert
Death Valley,DEVA,CA,2008,5,May,2008-05-01,71929,88,1.1,36.46,desert
Death Valley,DEVA,CA,2008,6,June,2008-06-01,42891,92,1,36.46,desert
Death Valley,DEVA,CA,2008,7,July,2008-07-01,29837,94,0.9,36.46,desert
Death Valley,DEVA,CA,2008,8,August,2008-08-01,34632,94,0.9,36.46,desert
Death Valley,DEVA,CA,2008,9,September,2008-09-01,67134,92,0.9,36.46,desert
Death Valley,DEVA,CA,2008,10,October,2008-10-01,99635,85,0.9,36.46,desert
Death Valley,DEVA,CA,2008,11,November,2008-11-01,111889,76,0.9,36.46,desert
Death Valley,DEVA,CA,2008,12,December,2008-12-01,117750,69,0.8,36.46,desert
Death Valley,DEVA,CA,2009,1,January,2009-01-01,63795,65,0.7,36.46,desert
Death Valley,DEVA,CA,2009,2,February,2009-02-01,68858,68,0.7,36.46,desert
Death Valley,DEVA,CA,2009,3,March,2009-03-01,77972,75,0.8,36.46,desert
Death Valley,DEVA,CA,2009,4,April,2009-04-01,70883,83,0.9,36.46,desert
Death Valley,DEVA,CA,2009,5,May,2009-05-01,68352,88,1.1,36.46,desert
Death Valley,DEVA,CA,2009,6,June,2009-06-01,40758,92,1,36.46,desert
Death Valley,DEVA,CA,2009,7,July,2009-07-01,28353,94,0.9,36.46,desert
Death Valley,DEVA,CA,2009,8,August,2009-08-01,32910,94,0.9,36.46,desert
Death Valley,DEVA,CA,2009,9,September,2009-09-01,63795,92,0.9,36.46,desert
Death Valley,DEVA,CA,2009,10,October,2009-10-01,94680,85,0.9,36.46,desert
Death Valley,DEVA,CA,2009,11,November,2009-11-01,106325,76,0.9,36.46,desert
Death Valley,DEVA,CA,2009,12,December,2009-12-01,111894,69,0.8,36.46,desert
Death Valley,DEVA,CA,2010,1,January,2010-01-01,75821,65,0.7,36.46,desert
Death Valley,DEVA,CA,2010,2,February,2010-02-01,81839,68,0.7,36.46,desert
Death Valley,DEVA,CA,2010,3,March,2010-03-01,92671,75,0.8,36.46,desert
Death Valley,DEVA,CA,2010,4,April,2010-04-01,84246,83,0.9,36.46,desert
Death Valley,DEVA,CA,2010,5,May,2010-05-01,81237,88,1.1,36.46,desert
Death Valley,DEVA,CA,2010,6,June,2010-06-01,48441,92,1,36.46,desert
Death Valley,DEVA,CA,2010,7,July,2010-07-01,33698,94,0.9,36.46,desert
Death Valley,DEVA,CA,2010,8,August,2010-08-01,39114,94,0.9,36.46,desert
Death Valley,DEVA,CA,2010,9,September,2010-09-01,75821,92,0.9,36.46,desert
Death Valley,DEVA,CA,2010,10,October,2010-10-01,112529,85,0.9,36.46,desert
Death Valley,DEVA,CA,2010,11,November,2010-11-01,126369,76,0.9,36.46,desert
Death Valley,DEVA,CA,2010,12,December,2010-12-01,132988,69,0.8,36.46,desert
Death Valley,DEVA,CA,2011,1,January,2011-01-01,72903,65,0.7,36.46,desert
Death Valley,DEVA,CA,2011,2,February,2011-02-01,78689,68,0.7,36.46,desert
Death Valley,DEVA,CA,2011,3,March,2011-03-01,89103,75,0.8,36.46,desert
Death Valley,DEVA,CA,2011,4,April,2011-04-01,81003,83,0.9,36.46,desert
Death Valley,DEVA,CA,2011,5,May,2011-05-01,78110,88,1.1,36.46,desert
Death Valley,DEVA,CA,2011,6,June,2011-06-01,46577,92,1,36.46,desert
Death Valley,DEVA,CA,2011,7,July,2011-07-01,32401,94,0.9,36.46,desert
Death Valley,DEVA,CA,2011,8,August,2011-08-01,37609,94,0.9,36.46,desert
Death Valley,DEVA,CA,2011,9,September,2011-09-01,72903,92,0.9,36.46,desert
Death Valley,DEVA,CA,2011,10,October,2011-10-01,108197,85,0.9,36.46,desert
Death Valley,DEVA,CA,2011,11,November,2011-11-01,121504,76,0.9,36.46,desert
Death Valley,DEVA,CA,2011,12,December,2011-12-01,127869,69,0.8,36.46,desert
Death Valley,DEVA,CA,2012,1,January,2012-01-01,75805,65,0.7,36.46,desert
Death Valley,DEVA,CA,2012,2,February,2012-02-01,81822,68,0.7,36.46,desert
Death Valley,DEVA,CA,2012,3,March,2012-03-01,92651,75,0.8,36.46,desert
Death Valley,DEVA,CA,2012,4,April,2012-04-01,84228,83,0.9,36.46,desert
Death Valley,DEVA,CA,2012,5,May,2012-05-01,81220,88,1.1,36.46,desert
Death Valley,DEVA,CA,2012,6,June,2012-06-01,48431,92,1,36.46,desert
Death Valley,DEVA,CA,2012,7,July,2012-07-01,33691,94,0.9,36.46,desert
Death Valley,DEVA,CA,2012,8,August,2012-08-01,39106,94,0.9,36.46,desert
Death Valley,DEVA,CA,2012,9,September,2012-09-01,75805,92,0.9,36.46,desert
Death Valley,DEVA,CA,2012,10,October,2012-10-01,112505,85,0.9,36.46,desert
Death Valley,DEVA,CA,2012,11,November,2012-11-01,126342,76,0.9,36.46,desert
Death Valley,DEVA,CA,2012,12,December,2012-12-01,132960,69,0.8,36.46,desert
Death Valley,DEVA,CA,2013,1,January,2013-01-01,73296,65,0.7,36.46,desert
Death Valley,DEVA,CA,2013,2,February,2013-02-01,79113,68,0.7,36.46,desert
Death Valley,DEVA,CA,2013,3,March,2013-03-01,89584,75,0.8,36.46,desert
Death Valley,DEVA,CA,2013,4,April,2013-04-01,81440,83,0.9,36.46,desert
Death Valley,DEVA,CA,2013,5,May,2013-05-01,78531,88,1.1,36.46,desert
Death Valley,DEVA,CA,2013,6,June,2013-06-01,46828,92,1,36.46,desert
Death Valley,DEVA,CA,2013,7,July,2013-07-01,32576,94,0.9,36.46,desert
Death Valley,DEVA,CA,2013,8,August,2013-08-01,37811,94,0.9,36.46,desert
Death Valley,DEVA,CA,2013,9,September,2013-09-01,73296,92,0.9,36.46,desert
Death Valley,DEVA,CA,2013,10,October,2013-10-01,108780,85,0.9,36.46,desert
Death Valley,DEVA,CA,2013,11,November,2013-11-01,122160,76,0.9,36.46,desert
Death Valley,DEVA,CA,2013,12,December,2013-12-01,128558,69,0.8,36.46,desert
Death Valley,DEVA,CA,2014,1,January,2014-01-01,84794,65,0.7,36.46,desert
Death Valley,DEVA,CA,2014,2,February,2014-02-01,91524,68,0.7,36.46,desert
Death Valley,DEVA,CA,2014,3,March,2014-03-01,103637,75,0.8,36.46,desert
Death Valley,DEVA,CA,2014,4,April,2014-04-01,94216,83,0.9,36.46,desert
Death Valley,DEVA,CA,2014,5,May,2014-05-01,90851,88,1.1,36.46,desert
Death Valley,DEVA,CA,2014,6,June,2014-06-01,54174,92,1,36.46,desert
Death Valley,DEVA,CA,2014,7,July,2014-07-01,37686,94,0.9,36.46,desert
Death Valley,DEVA,CA,2014,8,August,2014-08-01,43743,94,0.9,36.46,desert
Death Valley,DEVA,CA,2014,9,September,2014-09-01,84794,92,0.9,36.46,desert
Death Valley,DEVA,CA,2014,10,October,2014-10-01,125845,85,0.9,36.46,desert
Death Valley,DEVA,CA,2014,11,November,2014-11-01,141323,76,0.9,36.46,desert
Death Valley,DEVA,CA,2014,12,December,2014-12-01,148726,69,0.8,36.46,desert
Death Valley,DEVA,CA,2015,1,January,2015-01-01,88916,65,0.7,36.46,desert
Death Valley,DEVA,CA,2015,2,February,2015-02-01,95972,68,0.7,36.46,desert
Death Valley,DEVA,CA,2015,3,March,2015-03-01,108675,75,0.8,36.46,desert
Death Valley,DEVA,CA,2015,4,April,2015-04-01,98795,83,0.9,36.46,desert
Death Valley,DEVA,CA,2015,5,May,2015-05-01,95267,88,1.1,36.46,desert
Death Valley,DEVA,CA,2015,6,June,2015-06-01,56807,92,1,36.46,desert
Death Valley,DEVA,CA,2015,7,July,2015-07-01,39518,94,0.9,36.46,desert
Death Valley,DEVA,CA,2015,8,August,2015-08-01,45869,94,0.9,36.46,desert
Death Valley,DEVA,CA,2015,9,September,2015-09-01,88916,92,0.9,36.46,desert
Death Valley,DEVA,CA,2015,10,October,2015-10-01,131962,85,0.9,36.46,desert
Death Valley,DEVA,CA,2015,11,November,2015-11-01,148193,76,0.9,36.46,desert
Death Valley,DEVA,CA,2015,12,December,2015-12-01,155955,69,0.8,36.46,desert
Death Valley,DEVA,CA,2016,1,January,2016-01-01,99805,65,0.7,36.46,desert
Death Valley,DEVA,CA,2016,2,February,2016-02-01,107727,68,0.7,36.46,desert
Death Valley,DEVA,CA,2016,3,March,2016-03-01,121984,75,0.8,36.46,desert
Death Valley,DEVA,CA,2016,4,April,2016-04-01,110895,83,0.9,36.46,desert
Death Valley,DEVA,CA,2016,5,May,2016-05-01,106934,88,1.1,36.46,desert
Death Valley,DEVA,CA,2016,6,June,2016-06-01,63765,92,1,36.46,desert
Death Valley,DEVA,CA,2016,7,July,2016-07-01,44358,94,0.9,36.46,desert
Death Valley,DEVA,CA,2016,8,August,2016-08-01,51487,94,0.9,36.46,desert
Death Valley,DEVA,CA,2016,9,September,2016-09-01,99805,92,0.9,36.46,desert
Death Valley,DEVA,CA,2016,10,October,2016-10-01,148124,85,0.9,36.46,desert
Death Valley,DEVA,CA,2016,11,November,2016-11-01,166342,76,0.9,36.46,desert
Death Valley,DEVA,CA,2016,12,December,2016-12-01,175056,69,0.8,36.46,desert
Denali,DENA,AK,2007,1,January,2007-01-01,16041,NA,2.1,NA,NA
Denali,DENA,AK,2007,2,February,2007-02-01,18332,NA,1.9,NA,NA
Denali,DENA,AK,2007,3,March,2007-03-01,25207,NA,2.4,NA,NA
Denali,DENA,AK,2007,4,April,2007-04-01,32082,NA,2.7,NA,NA
Denali,DENA,AK,2007,5,May,2007-05-01,41248,NA,3.1,NA,NA
Denali,DENA,AK,2007,6,June,2007-06-01,52705,NA,3,NA,NA
Denali,DENA,AK,2007,7,July,2007-07-01,64163,NA,2.7,NA,NA
Denali,DENA,AK,2007,8,August,2007-08-01,59580,NA,2.6,NA,NA
Denali,DENA,AK,2007,9,September,2007-09-01,48122,NA,2.5,NA,NA
Denali,DENA,AK,2007,10,October,2007-10-01,38956,NA,2.5,NA,NA
Denali,DENA,AK,2007,11,November,2007-11-01,32082,NA,2.5,NA,NA
Denali,DENA,AK,2007,12,December,2007-12-01,29790,NA,2.3,NA,NA
Denali,DENA,AK,2008,1,January,2008-01-01,15131,NA,2.1,NA,NA
Denali,DENA,AK,2008,2,February,2008-02-01,17292,NA,1.9,NA,NA
Denali,DENA,AK,2008,3,March,2008-03-01,23777,NA,2.4,NA,NA
Denali,DENA,AK,2008,4,April,2008-04-01,30262,NA,2.7,NA,NA
Denali,DENA,AK,2008,5,May,2008-05-01,38908,NA,3.1,NA,NA
Denali,DENA,AK,2008,6,June,2008-06-01,49716,NA,3,NA,NA
Denali,DENA,AK,2008,7,July,2008-07-01,60523,NA,2.7,NA,NA
Denali,DENA,AK,2008,8,August,2008-08-01,56200,NA,2.6,NA,NA
Denali,DENA,AK,2008,9,September,2008-09-01,45392,NA,2.5,NA,NA
Denali,DENA,AK,2008,10,October,2008-10-01,36746,NA,2.5,NA,NA
Denali,DENA,AK,2008,11,November,2008-11-01,30262,NA,2.5,NA,NA
Denali,DENA,AK,2008,12,December,2008-12-01,28100,NA,2.3,NA,NA
Denali,DENA,AK,2009,1,January,2009-01-01,12531,NA,2.1,NA,NA
Denali,DENA,AK,2009,2,February,2009-02-01,14322,NA,1.9,NA,NA
Denali,DENA,AK,2009,3,March,2009-03-01,19692,NA,2.4,NA,NA
Denali,DENA,AK,2009,4,April,2009-04-01,25063,NA,2.7,NA,NA
Denali,DENA,AK,2009,5,May,2009-05-01,32224,NA,3.1,NA,NA
Denali,DENA,AK,2009,6,June,2009-06-01,41175,NA,3,NA,NA
Denali,DENA,AK,2009,7,July,2009-07-01,50126,NA,2.7,NA,NA
Denali,DENA,AK,2009,8,August,2009-08-01,46545,NA,2.6,NA,NA
Denali,DENA,AK,2009,9,September,2009-09-01,37594,NA,2.5,NA,NA
Denali,DENA,AK,2009,10,October,2009-10-01,30433,NA,2.5,NA,NA
Denali,DENA,AK,2009,11,November,2009-11-01,25063,NA,2.5,NA,NA
Denali,DENA,AK,2009,12,December,2009-12-01,23273,NA,2.3,NA,NA
Denali,DENA,AK,2010,1,January,2010-01-01,13260,NA,2.1,NA,NA
Denali,DENA,AK,2010,2,February,2010-02-01,15154,NA,1.9,NA,NA
Denali,DENA,AK,2010,3,March,2010-03-01,20837,NA,2.4,NA,NA
Denali,DENA,AK,2010,4,April,2010-04-01,26520,NA,2.7,NA,NA
Denali,DENA,AK,2010,5,May,2010-05-01,34097,NA,3.1,NA,NA
Denali,DENA,AK,2010,6,June,2010-06-01,43568,NA,3,NA,NA
Denali,DENA,AK,2010,7,July,2010-07-01,53040,NA,2.7,NA,NA
Denali,DENA,AK,2010,8,August,2010-08-01,49251,NA,2.6,NA,NA
Denali,DENA,AK,2010,9,September,2010-09-01,39780,NA,2.5,NA,NA
Denali,DENA,AK,2010,10,October,2010-10-01,32203,NA,2.5,NA,NA
Denali,DENA,AK,2010,11,November,2010-11-01,26520,NA,2.5,NA,NA
Denali,DENA,AK,2010,12,December,2010-12-01,24626,NA,2.3,NA,NA
Denali,DENA,AK,2011,1,January,2011-01-01,14230,NA,2.1,NA,NA
Denali,DENA,AK,2011,2,February,2011-02-01,16263,NA,1.9,NA,NA
Denali,DENA,AK,2011,3,March,2011-03-01,22362,NA,2.4,NA,NA
Denali,DENA,AK,2011,4,April,2011-04-01,28461,NA,2.7,NA,NA
Denali,DENA,AK,2011,5,May,2011-05-01,36592,NA,3.1,NA,NA
Denali,DENA,AK,2011,6,June,2011-06-01,46757,NA,3,NA,NA
Denali,DENA,AK,2011,7,July,2011-07-01,56921,NA,2.7,NA,NA
Denali,DENA,AK,2011,8,August,2011-08-01,52856,NA,2.6,NA,NA
Denali,DENA,AK,2011,9,September,2011-09-01,42691,NA,2.5,NA,NA
Denali,DENA,AK,2011,10,October,2011-10-01,34559,NA,2.5,NA,NA
Denali,DENA,AK,2011,11,November,2011-11-01,28461,NA,2.5,NA,NA
Denali,DENA,AK,2011,12,December,2011-12-01,26428,NA,2.3,NA,NA
Denali,DENA,AK,2012,1,January,2012-01-01,13595,NA,2.1,NA,NA
Denali,DENA,AK,2012,2,February,2012-02-01,15537,NA,1.9,NA,NA
Denali,DENA,AK,2012,3,March,2012-03-01,21364,NA,2.4,NA,NA
Denali,DENA,AK,2012,4,April,2012-04-01,27190,NA,2.7,NA,NA
Denali,DENA,AK,2012,5,May,2012-05-01,34959,NA,3.1,NA,NA
Denali,DENA,AK,2012,6,June,2012-06-01,44670,NA,3,NA,NA
Denali,DENA,AK,2012,7,July,2012-07-01,54381,NA,2.7,NA,NA
Denali,DENA,AK,2012,8,August,2012-08-01,50496,NA,2.6,NA,NA
Denali,DENA,AK,2012,9,September,2012-09-01,40785,NA,2.5,NA,NA
Denali,DENA,AK,2012,10,October,2012-10-01,33017,NA,2.5,NA,NA
Denali,DENA,AK,2012,11,November,2012-11-01,27190,NA,2.5,NA,NA
Denali,DENA,AK,2012,12,December,2012-12-01,25248,NA,2.3,NA,NA
Denali,DENA,AK,2013,1,January,2013-01-01,18582,NA,2.1,NA,NA
Denali,DENA,AK,2013,2,February,2013-02-01,21237,NA,1.9,NA,NA
Denali,DENA,AK,2013,3,March,2013-03-01,29201,NA,2.4,NA,NA
Denali,DENA,AK,2013,4,April,2013-04-01,37165,NA,2.7,NA,NA
Denali,DENA,AK,2013,5,May,2013-05-01,47783,NA,3.1,NA,NA
Denali,DENA,AK,2013,6,June,2013-06-01,61056,NA,3,NA,NA
Denali,DENA,AK,2013,7,July,2013-07-01,74329,NA,2.7,NA,NA
Denali,DENA,AK,2013,8,August,2013-08-01,69020,NA,2.6,NA,NA
Denali,DENA,AK,2013,9,September,2013-09-01,55747,NA,2.5,NA,NA
Denali,DENA,AK,2013,10,October,2013-10-01,45128,NA,2.5,NA,NA
Denali,DENA,AK,2013,11,November,2013-11-01,37165,NA,2.5,NA,NA
Denali,DENA,AK,2013,12,December,2013-12-01,34510,NA,2.3,NA,NA
Denali,DENA,AK,2014,1,January,2014-01-01,18596,NA,2.1,NA,NA
Denali,DENA,AK,2014,2,February,2014-02-01,21253,NA,1.9,NA,NA
Denali,DENA,AK,2014,3,March,2014-03-01,29222,NA,2.4,NA,NA
Denali,DENA,AK,2014,4,April,2014-04-01,37192,NA,2.7,NA,NA
Denali,DENA,AK,2014,5,May,2014-05-01,47818,NA,3.1,NA,NA
Denali,DENA,AK,2014,6,June,2014-06-01,61101,NA,3,NA,NA
Denali,DENA,AK,2014,7,July,2014-07-01,74384,NA,2.7,NA,NA
Denali,DENA,AK,2014,8,August,2014-08-01,69071,NA,2.6,NA,NA
Denali,DENA,AK,2014,9,September,2014-09-01,55788,NA,2.5,NA,NA
Denali,DENA,AK,2014,10,October,2014-10-01,45162,NA,2.5,NA,NA
Denali,DENA,AK,2014,11,November,2014-11-01,37192,NA,2.5,NA,NA
Denali,DENA,AK,2014,12,December,2014-12-01,34535,NA,2.3,NA,NA
Denali,DENA,AK,2015,1,January,2015-01-01,19626,NA,2.1,NA,NA
Denali,DENA,AK,2015,2,February,2015-02-01,22430,NA,1.9,NA,NA
Denali,DENA,AK,2015,3,March,2015-03-01,30842,NA,2.4,NA,NA
Denali,DENA,AK,2015,4,April,2015-04-01,39253,NA,2.7,NA,NA
Denali,DENA,AK,2015,5,May,2015-05-01,50468,NA,3.1,NA,NA
Denali,DENA,AK,2015,6,June,2015-06-01,64487,NA,3,NA,NA
Denali,DENA,AK,2015,7,July,2015-07-01,78506,NA,2.7,NA,NA
Denali,DENA,AK,2015,8,August,2015-08-01,72898,NA,2.6,NA,NA
Denali,DENA,AK,2015,9,September,2015-09-01,58879,NA,2.5,NA,NA
Denali,DENA,AK,2015,10,October,2015-10-01,47664,NA,2.5,NA,NA
Denali,DENA,AK,2015,11,November,2015-11-01,39253,NA,2.5,NA,NA
Denali,DENA,AK,2015,12,December,2015-12-01,36449,NA,2.3,NA,NA
Denali,DENA,AK,2016,1,January,2016-01-01,20559,NA,2.1,NA,NA
Denali,DENA,AK,2016,2,February,2016-02-01,23496,NA,1.9,NA,NA
Denali,DENA,AK,2016,3,March,2016-03-01,32308,NA,2.4,NA,NA
Denali,DENA,AK,2016,4,April,2016-04-01,41119,NA,2.7,NA,NA
Denali,DENA,AK,2016,5,May,2016-05-01,52867,NA,3.1,NA,NA
Denali,DENA,AK,2016,6,June,2016-06-01,67552,NA,3,NA,NA
Denali,DENA,AK,2016,7,July,2016-07-01,82238,NA,2.7,NA,NA
Denali,DENA,AK,2016,8,August,2016-08-01,76364,NA,2.6,NA,NA
Denali,DENA,AK,2016,9,September,2016-09-01,61678,NA,2.5,NA,NA
Denali,DENA,AK,2016,10,October,2016-10-01,49930,NA,2.5,NA,NA
Denali,DENA,AK,2016,11,November,2016-11-01,41119,NA,2.5,NA,NA
Denali,DENA,AK,2016,12,December,2016-12-01,38182,NA,2.3,NA,NA
Dry Tortugas,DRTO,FL,2007,1,January,2007-01-01,2131,NA,2.1,NA,NA
Dry Tortugas,DRTO,FL,2007,2,February,2007-02-01,2436,NA,1.9,NA,NA
Dry Tortugas,DRTO,FL,2007,3,March,2007-03-01,3349,NA,2.4,NA,NA
Dry Tortugas,DRTO,FL,2007,4,April,2007-04-01,4263,NA,2.7,NA,NA
Dry Tortugas,DRTO,FL,2007,5,May,2007-05-01,5481,NA,3.1,NA,NA
Dry Tortugas,DRTO,FL,2007,6,June,2007-06-01,7003,NA,3,NA,NA
Dry Tortugas,DRTO,FL,2007,7,July,2007-07-01,8525,NA,2.7,NA,NA
Dry Tortugas,DRTO,FL,2007,8,August,2007-08-01,7916,NA,2.6,NA,NA
Dry Tortugas,DRTO,FL,2007,9,September,2007-09-01,6394,NA,2.5,NA,NA
Dry Tortugas,DRTO,FL,2007,10,October,2007-10-01,5176,NA,2.5,NA,NA
Dry Tortugas,DRTO,FL,2007,11,November,2007-11-01,4263,NA,2.5,NA,NA
Dry Tortugas,DRTO,FL,2007,12,December,2007-12-01,3958,NA,2.3,NA,NA
Dry Tortugas,DRTO,FL,2008,1,January,2008-01-01,2238,NA,2.1,NA,NA
Dry Tortugas,DRTO,FL,2008,2,February,2008-02-01,2558,NA,1.9,NA,NA
Dry Tortugas,DRTO,FL,2008,3,March,2008-03-01,3517,NA,2.4,NA,NA
Dry Tortugas,DRTO,FL,2008,4,April,2008-04-01,4476,NA,2.7,NA,NA
Dry Tortugas,DRTO,FL,2008,5,May,2008-05-01,5755,NA,3.1,NA,NA
Dry Tortugas,DRTO,FL,2008,6,June,2008-06-01,7354,NA,3,NA,NA
Dry Tortugas,DRTO,FL,2008,7,July,2008-07-01,8953,NA,2.7,NA,NA
Dry Tortugas,DRTO,FL,2008,8,August,2008-08-01,8313,NA,2.6,NA,NA
Dry Tortugas,DRTO,FL,2008,9,September,2008-09-01,6714,NA,2.5,NA,NA
Dry Tortugas,DRTO,FL,2008,10,October,2008-10-01,5435,NA,2.5,NA,NA
Dry Tortugas,DRTO,FL,2008,11,November,2008-11-01,4476,NA,2.5,NA,NA
Dry Tortugas,DRTO,FL,2008,12,December,2008-12-01,4157,NA,2.3,NA,NA
Dry Tortugas,DRTO,FL,2009,1,January,2009-01-01,1820,NA,2.1,NA,NA
Dry Tortugas,DRTO,FL,2009,2,February,2009-02-01,2080,NA,1.9,NA,NA
Dry Tortugas,DRTO,FL,2009,3,March,2009-03-01,2861,NA,2.4,NA,NA
Dry Tortugas,DRTO,FL,2009,4,April,2009-04-01,3641,NA,2.7,NA,NA
Dry Tortugas,DRTO,FL,2009,5,May,2009-05-01,4681,NA,3.1,NA,NA
Dry Tortugas,DRTO,FL,2009,6,June,2009-06-01,5981,NA,3,NA,NA
Dry Tortugas,DRTO,FL,2009,7,July,2009-07-01,7282,NA,2.7,NA,NA
Dry Tortugas,DRTO,FL,2009,8,August,2009-08-01,6761,NA,2.6,NA,NA
Dry Tortugas,DRTO,FL,2009,9,September,2009-09-01,5461,NA,2.5,NA,NA
Dry Tortugas,DRTO,FL,2009,10,October,2009-10-01,4421,NA,2.5,NA,NA
Dry Tortugas,DRTO,FL,2009,11,November,2009-11-01,3641,NA,2.5,NA,NA
Dry Tortugas,DRTO,FL,2009,12,December,2009-12-01,3381,NA,2.3,NA,NA
Dry Tortugas,DRTO,FL,2010,1,January,2010-01-01,1886,NA,2.1,NA,NA
Dry Tortugas,DRTO,FL,2010,2,February,2010-02-01,2156,NA,1.9,NA,NA
Dry Tortugas,DRTO,FL,2010,3,March,2010-03-01,2964,NA,2.4,NA,NA
Dry Tortugas,DRTO,FL,2010,4,April,2010-04-01,3772,NA,2.7,NA,NA
Dry Tortugas,DRTO,FL,2010,5,May,2010-05-01,4850,NA,3.1,NA,NA
Dry Tortugas,DRTO,FL,2010,6,June,2010-06-01,6197,NA,3,NA,NA
Dry Tortugas,DRTO,FL,2010,7,July,2010-07-01,7545,NA,2.7,NA,NA
Dry Tortugas,DRTO,FL,2010,8,August,2010-08-01,7006,NA,2.6,NA,NA
Dry Tortugas,DRTO,FL,2010,9,September,2010-09-01,5658,NA,2.5,NA,NA
Dry Tortugas,DRTO,FL,2010,10,October,2010-10-01,4581,NA,2.5,NA,NA
Dry Tortugas,DRTO,FL,2010,11,November,2010-11-01,3772,NA,2.5,NA,NA
Dry Tortugas,DRTO,FL,2010,12,December,2010-12-01,3503,NA,2.3,NA,NA
Dry Tortugas,DRTO,FL,2011,1,January,2011-01-01,2631,NA,2.1,NA,NA
Dry Tortugas,DRTO,FL,2011,2,February,2011-02-01,3007,NA,1.9,NA,NA
Dry Tortugas,DRTO,FL,2011,3,March,2011-03-01,4134,NA,2.4,NA,NA
Dry Tortugas,DRTO,FL,2011,4,April,2011-04-01,5262,NA,2.7,NA,NA
Dry Tortugas,DRTO,FL,2011,5,May,2011-05-01,6765,NA,3.1,NA,NA
Dry Tortugas,DRTO,FL,2011,6,June,2011-06-01,8645,NA,3,NA,NA
Dry Tortugas,DRTO,FL,2011,7,July,2011-07-01,10524,NA,2.7,NA,NA
Dry Tortugas,DRTO,FL,2011,8,August,2011-08-01,9772,NA,2.6,NA,NA
Dry Tortugas,DRTO,FL,2011,9,September,2011-09-01,7893,NA,2.5,NA,NA
Dry Tortugas,DRTO,FL,2011,10,October,2011-10-01,6390,NA,2.5,NA,NA
Dry Tortugas,DRTO,FL,2011,11,November,2011-11-01,5262,NA,2.5,NA,NA
Dry Tortugas,DRTO,FL,2011,12,December,2011-12-01,4886,NA,2.3,NA,NA
Dry Tortugas,DRTO,FL,2012,1,January,2012-01-01,2119,NA,2.1,NA,NA
Dry Tortugas,DRTO,FL,2012,2,February,2012-02-01,2422,NA,1.9,NA,NA
Dry Tortugas,DRTO,FL,2012,3,March,2012-03-01,3330,NA,2.4,NA,NA
Dry Tortugas,DRTO,FL,2012,4,April,2012-04-01,4238,NA,2.7,NA,NA
Dry Tortugas,DRTO,FL,2012,5,May,2012-05-01,5450,NA,3.1,NA,NA
Dry Tortugas,DRTO,FL,2012,6,June,2012-06-01,6963,NA,3,NA,NA
Dry Tortugas,DRTO,FL,2012,7,July,2012-07-01,8477,NA,2.7,NA,NA
Dry Tortugas,DRTO,FL,2012,8,August,2012-08-01,7872,NA,2.6,NA,NA
Dry Tortugas,DRTO,FL,2012,9,September,2012-09-01,6358,NA,2.5,NA,NA
Dry Tortugas,DRTO,FL,2012,10,October,2012-10-01,5147,NA,2.5,NA,NA
Dry Tortugas,DRTO,FL,2012,11,November,2012-11-01,4238,NA,2.5,NA,NA
Dry Tortugas,DRTO,FL,2012,12,December,2012-12-01,3936,NA,2.3,NA,NA
Dry Tortugas,DRTO,FL,2013,1,January,2013-01-01,2044,NA,2.1,NA,NA
Dry Tortugas,DRTO,FL,2013,2,February,2013-02-01,2336,NA,1.9,NA,NA
Dry Tortugas,DRTO,FL,2013,3,March,2013-03-01,3212,NA,2.4,NA,NA
Dry Tortugas,DRTO,FL,2013,4,April,2013-04-01,4088,NA,2.7,NA,NA
Dry Tortugas,DRTO,FL,2013,5,May,2013-05-01,5256,NA,3.1,NA,NA
Dry Tortugas,DRTO,FL,2013,6,June,2013-06-01,6716,NA,3,NA,NA
Dry Tortugas,DRTO,FL,2013,7,July,2013-07-01,8176,NA,2.7,NA,NA
Dry Tortugas,DRTO,FL,2013,8,August,2013-08-01,7592,NA,2.6,NA,NA
Dry Tortugas,DRTO,FL,2013,9,September,2013-09-01,6132,NA,2.5,NA,NA
Dry Tortugas,DRTO,FL,2013,10,October,2013-10-01,4964,NA,2.5,NA,NA
Dry Tortugas,DRTO,FL,2013,11,November,2013-11-01,4088,NA,2.5,NA,NA
Dry Tortugas,DRTO,FL,2013,12,December,2013-12-01,3796,NA,2.3,NA,NA
Dry Tortugas,DRTO,FL,2014,1,January,2014-01-01,2270,NA,2.1,NA,NA
Dry Tortugas,DRTO,FL,2014,2,February,2014-02-01,2595,NA,1.9,NA,NA
Dry Tortugas,DRTO,FL,2014,3,March,2014-03-01,3568,NA,2.4,NA,NA
Dry Tortugas,DRTO,FL,2014,4,April,2014-04-01,4541,NA,2.7,NA,NA
Dry Tortugas,DRTO,FL,2014,5,May,2014-05-01,5838,NA,3.1,NA,NA
Dry Tortugas,DRTO,FL,2014,6,June,2014-06-01,7459,NA,3,NA,NA
Dry Tortugas,DRTO,FL,2014,7,July,2014-07-01,9081,NA,2.7,NA,NA
Dry Tortugas,DRTO,FL,2014,8,August,2014-08-01,8432,NA,2.6,NA,NA
Dry Tortugas,DRTO,FL,2014,9,September,2014-09-01,6811,NA,2.5,NA,NA
Dry Tortugas,DRTO,FL,2014,10,October,2014-10-01,5514,NA,2.5,NA,NA
Dry Tortugas,DRTO,FL,2014,11,November,2014-11-01,4541,NA,2.5,NA,NA
Dry Tortugas,DRTO,FL,2014,12,December,2014-12-01,4216,NA,2.3,NA,NA
Dry Tortugas,DRTO,FL,2015,1,January,2015-01-01,2480,NA,2.1,NA,NA
Dry Tortugas,DRTO,FL,2015,2,February,2015-02-01,2834,NA,1.9,NA,NA
Dry Tortugas,DRTO,FL,2015,3,March,2015-03-01,3897,NA,2.4,NA,NA
Dry Tortugas,DRTO,FL,2015,4,April,2015-04-01,4960,NA,2.7,NA,NA
Dry Tortugas,DRTO,FL,2015,5,May,2015-05-01,6378,NA,3.1,NA,NA
Dry Tortugas,DRTO,FL,2015,6,June,2015-06-01,8149,NA,3,NA,NA
Dry Tortugas,DRTO,FL,2015,7,July,2015-07-01,9921,NA,2.7,NA,NA
Dry Tortugas,DRTO,FL,2015,8,August,2015-08-01,9212,NA,2.6,NA,NA
Dry Tortugas,DRTO,FL,2015,9,September,2015-09-01,7441,NA,2.5,NA,NA
Dry Tortugas,DRTO,FL,2015,10,October,2015-10-01,6023,NA,2.5,NA,NA
Dry Tortugas,DRTO,FL,2015,11,November,2015-11-01,4960,NA,2.5,NA,NA
Dry Tortugas,DRTO,FL,2015,12,December,2015-12-01,4606,NA,2.3,NA,NA
Dry Tortugas,DRTO,FL,2016,1,January,2016-01-01,2578,NA,2.1,NA,NA
Dry Tortugas,DRTO,FL,2016,2,February,2016-02-01,2946,NA,1.9,NA,NA
Dry Tortugas,DRTO,FL,2016,3,March,2016-03-01,4051,NA,2.4,NA,NA
Dry Tortugas,DRTO,FL,2016,4,April,2016-04-01,5156,NA,2.7,NA,NA
Dry Tortugas,DRTO,FL,2016,5,May,2016-05-01,6629,NA,3.1,NA,NA
Dry Tortugas,DRTO,FL,2016,6,June,2016-06-01,8471,NA,3,NA,NA
Dry Tortugas,DRTO,FL,2016,7,July,2016-07-01,10313,NA,2.7,NA,NA
Dry Tortugas,DRTO,FL,2016,8,August,2016-08-01,9576,NA,2.6,NA,NA
Dry Tortugas,DRTO,FL,2016,9,September,2016-09-01,7734,NA,2.5,NA,NA
Dry Tortugas,DRTO,FL,2016,10,October,2016-10-01,6261,NA,2.5,NA,NA
Dry Tortugas,DRTO,FL,2016,11,November,2016-11-01,5156,NA,2.5,NA,NA
Dry Tortugas,DRTO,FL,2016,12,December,2016-12-01,4788,NA,2.3,NA,NA
Gates of the Arctic,GAAR,AK,2007,1,January,2007-01-01,383,NA,2.1,NA,NA
Gates of the Arctic,GAAR,AK,2007,2,February,2007-02-01,438,NA,1.9,NA,NA
Gates of the Arctic,GAAR,AK,2007,3,March,2007-03-01,602,NA,2.4,NA,NA
Gates of the Arctic,GAAR,AK,2007,4,April,2007-04-01,766,NA,2.7,NA,NA
Gates of the Arctic,GAAR,AK,2007,5,May,2007-05-01,985,NA,3.1,NA,NA
Gates of the Arctic,GAAR,AK,2007,6,June,2007-06-01,1258,NA,3,NA,NA
Gates of the Arctic,GAAR,AK,2007,7,July,2007-07-01,1532,NA,2.7,NA,NA
Gates of the Arctic,GAAR,AK,2007,8,August,2007-08-01,1422,NA,2.6,NA,NA
Gates of the Arctic,GAAR,AK,2007,9,September,2007-09-01,1149,NA,2.5,NA,NA
Gates of the Arctic,GAAR,AK,2007,10,October,2007-10-01,930,NA,2.5,NA,NA
Gates of the Arctic,GAAR,AK,2007,11,November,2007-11-01,766,NA,2.5,NA,NA
Gates of the Arctic,GAAR,AK,2007,12,December,2007-12-01,711,NA,2.3,NA,NA
Gates of the Arctic,GAAR,AK,2008,1,January,2008-01-01,399,NA,2.1,NA,NA
Gates of the Arctic,GAAR,AK,2008,2,February,2008-02-01,456,NA,1.9,NA,NA
Gates of the Arctic,GAAR,AK,2008,3,March,2008-03-01,627,NA,2.4,NA,NA
Gates of the Arctic,GAAR,AK,2008,4,April,2008-04-01,798,NA,2.7,NA,NA
Gates of the Arctic,GAAR,AK,2008,5,May,2008-05-01,1026,NA,3.1,NA,NA
Gates of the Arctic,GAAR,AK,2008,6,June,2008-06-01,1311,NA,3,NA,NA
Gates of the Arctic,GAAR,AK,2008,7,July,2008-07-01,1596,NA,2.7,NA,NA
Gates of the Arctic,GAAR,AK,2008,8,August,2008-08-01,1482,NA,2.6,NA,NA
Gates of the Arctic,GAAR,AK,2008,9,September,2008-09-01,1197,NA,2.5,NA,NA
Gates of the Arctic,GAAR,AK,2008,10,October,2008-10-01,969,NA,2.5,NA,NA
Gates of the Arctic,GAAR,AK,2008,11,November,2008-11-01,798,NA,2.5,NA,NA
Gates of the Arctic,GAAR,AK,2008,12,December,2008-12-01,741,NA,2.3,NA,NA
Gates of the Arctic,GAAR,AK,2009,1,January,2009-01-01,349,NA,2.1,NA,NA
Gates of the Arctic,GAAR,AK,2009,2,February,2009-02-01,399,NA,1.9,NA,NA
Gates of the Arctic,GAAR,AK,2009,3,March,2009-03-01,549,NA,2.4,NA,NA
Gates of the Arctic,GAAR,AK,2009,4,April,2009-04-01,698,NA,2.7,NA,NA
Gates of the Arctic,GAAR,AK,2009,5,May,2009-05-01,898,NA,3.1,NA,NA
Gates of the Arctic,GAAR,AK,2009,6,June,2009-06-01,1147,NA,3,NA,NA
Gates of the Arctic,GAAR,AK,2009,7,July,2009-07-01,1397,NA,2.7,NA,NA
Gates of the Arctic,GAAR,AK,2009,8,August,2009-08-01,1297,NA,2.6,NA,NA
Gates of the Arctic,GAAR,AK,2009,9,September,2009-09-01,1047,NA,2.5,NA,NA
Gates of the Arctic,GAAR,AK,2009,10,October,2009-10-01,848,NA,2.5,NA,NA
Gates of the Arctic,GAAR,AK,2009,11,November,2009-11-01,698,NA,2.5,NA,NA
Gates of the Arctic,GAAR,AK,2009,12,December,2009-12-01,648,NA,2.3,NA,NA
Gates of the Arctic,GAAR,AK,2010,1,January,2010-01-01,379,NA,2.1,NA,NA
Gates of the Arctic,GAAR,AK,2010,2,February,2010-02-01,434,NA,1.9,NA,NA
Gates of the Arctic,GAAR,AK,2010,3,March,2010-03-01,596,NA,2.4,NA,NA
Gates of the Arctic,GAAR,AK,2010,4,April,2010-04-01,759,NA,2.7,NA,NA
Gates of the Arctic,GAAR,AK,2010,5,May,2010-05-01,976,NA,3.1,NA,NA
Gates of the Arctic,GAAR,AK,2010,6,June,2010-06-01,1247,NA,3,NA,NA
Gates of the Arctic,GAAR,AK,2010,7,July,2010-07-01,1518,NA,2.7,NA,NA
Gates of the Arctic,GAAR,AK,2010,8,August,2010-08-01,1409,NA,2.6,NA,NA
Gates of the Arctic,GAAR,AK,2010,9,September,2010-09-01,1138,NA,2.5,NA,NA
Gates of the Arctic,GAAR,AK,2010,10,October,2010-10-01,921,NA,2.5,NA,NA
Gates of the Arctic,GAAR,AK,2010,11,November,2010-11-01,759,NA,2.5,NA,NA
Gates of the Arctic,GAAR,AK,2010,12,December,2010-12-01,705,NA,2.3,NA,NA
Gates of the Arctic,GAAR,AK,2011,1,January,2011-01-01,407,NA,2.1,NA,NA
Gates of the Arctic,GAAR,AK,2011,2,February,2011-02-01,465,NA,1.9,NA,NA
Gates of the Arctic,GAAR,AK,2011,3,March,2011-03-01,639,NA,2.4,NA,NA
Gates of the Arctic,GAAR,AK,2011,4,April,2011-04-01,814,NA,2.7,NA,NA
Gates of the Arctic,GAAR,AK,2011,5,May,2011-05-01,1046,NA,3.1,NA,NA
Gates of the Arctic,GAAR,AK,2011,6,June,2011-06-01,1337,NA,3,NA,NA
Gates of the Arctic,GAAR,AK,2011,7,July,2011-07-01,1627,NA,2.7,NA,NA
Gates of the Arctic,GAAR,AK,2011,8,August,2011-08-01,1511,NA,2.6,NA,NA
Gates of the Arctic,GAAR,AK,2011,9,September,2011-09-01,1220,NA,2.5,NA,NA
Gates of the Arctic,GAAR,AK,2011,10,October,2011-10-01,988,NA,2.5,NA,NA
Gates of the Arctic,GAAR,AK,2011,11,November,2011-11-01,814,NA,2.5,NA,NA
Gates of the Arctic,GAAR,AK,2011,12,December,2011-12-01,755,NA,2.3,NA,NA
Gates of the Arctic,GAAR,AK,2012,1,January,2012-01-01,381,NA,2.1,NA,NA
Gates of the Arctic,GAAR,AK,2012,2,February,2012-02-01,436,NA,1.9,NA,NA
Gates of the Arctic,GAAR,AK,2012,3,March,2012-03-01,599,NA,2.4,NA,NA
Gates of the Arctic,GAAR,AK,2012,4,April,2012-04-01,763,NA,2.7,NA,NA
Gates of the Arctic,GAAR,AK,2012,5,May,2012-05-01,981,NA,3.1,NA,NA
Gates of the Arctic,GAAR,AK,2012,6,June,2012-06-01,1253,NA,3,NA,NA
Gates of the Arctic,GAAR,AK,2012,7,July,2012-07-01,1526,NA,2.7,NA,NA
Gates of the Arctic,GAAR,AK,2012,8,August,2012-08-01,1417,NA,2.6,NA,NA
Gates of the Arctic,GAAR,AK,2012,9,September,2012-09-01,1144,NA,2.5,NA,NA
Gates of the Arctic,GAAR,AK,2012,10,October,2012-10-01,926,NA,2.5,NA,NA
Gates of the Arctic,GAAR,AK,2012,11,November,2012-11-01,763,NA,2.5,NA,NA
Gates of the Arctic,GAAR,AK,2012,12,December,2012-12-01,708,NA,2.3,NA,NA
Gates of the Arctic,GAAR,AK,2013,1,January,2013-01-01,385,NA,2.1,NA,NA
Gates of the Arctic,GAAR,AK,2013,2,February,2013-02-01,440,NA,1.9,NA,NA
Gates of the Arctic,GAAR,AK,2013,3,March,2013-03-01,606,NA,2.4,NA,NA
Gates of the Arctic,GAAR,AK,2013,4,April,2013-04-01,771,NA,2.7,NA,NA
Gates of the Arctic,GAAR,AK,2013,5,May,2013-05-01,991,NA,3.1,NA,NA
Gates of the Arctic,GAAR,AK,2013,6,June,2013-06-01,1266,NA,3,NA,NA
Gates of the Arctic,GAAR,AK,2013,7,July,2013-07-01,1542,NA,2.7,NA,NA
Gates of the Arctic,GAAR,AK,2013,8,August,2013-08-01,1432,NA,2.6,NA,NA
Gates of the Arctic,GAAR,AK,2013,9,September,2013-09-01,1156,NA,2.5,NA,NA
Gates of the Arctic,GAAR,AK,2013,10,October,2013-10-01,936,NA,2.5,NA,NA
Gates of the Arctic,GAAR,AK,2013,11,November,2013-11-01,771,NA,2.5,NA,NA
Gates of the Arctic,GAAR,AK,2013,12,December,2013-12-01,716,NA,2.3,NA,NA
Gates of the Arctic,GAAR,AK,2014,1,January,2014-01-01,443,NA,2.1,NA,NA
Gates of the Arctic,GAAR,AK,2014,2,February,2014-02-01,507,NA,1.9,NA,NA
Gates of the Arctic,GAAR,AK,2014,3,March,2014-03-01,697,NA,2.4,NA,NA
Gates of the Arctic,GAAR,AK,2014,4,April,2014-04-01,887,NA,2.7,NA,NA
Gates of the Arctic,GAAR,AK,2014,5,May,2014-05-01,1140,NA,3.1,NA,NA
Gates of the Arctic,GAAR,AK,2014,6,June,2014-06-01,1457,NA,3,NA,NA
Gates of the Arctic,GAAR,AK,2014,7,July,2014-07-01,1774,NA,2.7,NA,NA
Gates of the Arctic,GAAR,AK,2014,8,August,2014-08-01,1647,NA,2.6,NA,NA
Gates of the Arctic,GAAR,AK,2014,9,September,2014-09-01,1330,NA,2.5,NA,NA
Gates of the Arctic,GAAR,AK,2014,10,October,2014-10-01,1077,NA,2.5,NA,NA
Gates of the Arctic,GAAR,AK,2014,11,November,2014-11-01,887,NA,2.5,NA,NA
Gates of the Arctic,GAAR,AK,2014,12,December,2014-12-01,823,NA,2.3,NA,NA
Gates of the Arctic,GAAR,AK,2015,1,January,2015-01-01,376,NA,2.1,NA,NA
Gates of the Arctic,GAAR,AK,2015,2,February,2015-02-01,430,NA,1.9,NA,NA
Gates of the Arctic,GAAR,AK,2015,3,March,2015-03-01,591,NA,2.4,NA,NA
Gates of the Arctic,GAAR,AK,2015,4,April,2015-04-01,752,NA,2.7,NA,NA
Gates of the Arctic,GAAR,AK,2015,5,May,2015-05-01,967,NA,3.1,NA,NA
Gates of the Arctic,GAAR,AK,2015,6,June,2015-06-01,1236,NA,3,NA,NA
Gates of the Arctic,GAAR,AK,2015,7,July,2015-07-01,1504,NA,2.7,NA,NA
Gates of the Arctic,GAAR,AK,2015,8,August,2015-08-01,1397,NA,2.6,NA,NA
Gates of the Arctic,GAAR,AK,2015,9,September,2015-09-01,1128,NA,2.5,NA,NA
Gates of the Arctic,GAAR,AK,2015,10,October,2015-10-01,913,NA,2.5,NA,NA
Gates of the Arctic,GAAR,AK,2015,11,November,2015-11-01,752,NA,2.5,NA,NA
Gates of the Arctic,GAAR,AK,2015,12,December,2015-12-01,698,NA,2.3,NA,NA
Gates of the Arctic,GAAR,AK,2016,1,January,2016-01-01,352,NA,2.1,NA,NA
Gates of the Arctic,GAAR,AK,2016,2,February,2016-02-01,402,NA,1.9,NA,NA
Gates of the Arctic,GAAR,AK,2016,3,March,2016-03-01,553,NA,2.4,NA,NA
Gates of the Arctic,GAAR,AK,2016,4,April,2016-04-01,703,NA,2.7,NA,NA
Gates of the Arctic,GAAR,AK,2016,5,May,2016-05-01,904,NA,3.1,NA,NA
Gates of the Arctic,GAAR,AK,2016,6,June,2016-06-01,1155,NA,3,NA,NA
Gates of the Arctic,GAAR,AK,2016,7,July,2016-07-01,1407,NA,2.7,NA,NA
Gates of the Arctic,GAAR,AK,2016,8,August,2016-08-01,1306,NA,2.6,NA,NA
Gates of the Arctic,GAAR,AK,2016,9,September,2016-09-01,1055,NA,2.5,NA,NA
Gates of the Arctic,GAAR,AK,2016,10,October,2016-10-01,854,NA,2.5,NA,NA
Gates of the Arctic,GAAR,AK,2016,11,November,2016-11-01,703,NA,2.5,NA,NA
Gates of the Arctic,GAAR,AK,2016,12,December,2016-12-01,653,NA,2.3,NA,NA
Glacier,GLAC,MT,2007,1,January,2007-01-01,42500,16.1,2.1,48.76,northern
Glacier,GLAC,MT,2007,2,February,2007-02-01,52273,20.2,1.9,48.76,northern
Glacier,GLAC,MT,2007,3,March,2007-03-01,85634,32.5,2.4,48.76,northern
Glacier,GLAC,MT,2007,4,April,2007-04-01,124448,47.4,2.7,48.76,northern
Glacier,GLAC,MT,2007,5,May,2007-05-01,183722,61.8,3.1,48.76,northern
Glacier,GLAC,MT,2007,6,June,2007-06-01,268638,74.6,3,48.76,northern
Glacier,GLAC,MT,2007,7,July,2007-07-01,364405,82.3,2.7,48.76,northern
Glacier,GLAC,MT,2007,8,August,2007-08-01,324862,79.8,2.6,48.76,northern
Glacier,GLAC,MT,2007,9,September,2007-09-01,233308,68,2.5,48.76,northern
Glacier,GLAC,MT,2007,10,October,2007-10-01,168146,51.5,2.5,48.76,northern
Glacier,GLAC,MT,2007,11,November,2007-11-01,124448,33,2.5,48.76,northern
Glacier,GLAC,MT,2007,12,December,2007-12-01,110944,20.2,2.3,48.76,northern
Glacier,GLAC,MT,2008,1,January,2008-01-01,36884,16.1,2.1,48.76,northern
Glacier,GLAC,MT,2008,2,February,2008-02-01,45366,20.2,1.9,48.76,northern
Glacier,GLAC,MT,2008,3,March,2008-03-01,74318,32.5,2.4,48.76,northern
Glacier,GLAC,MT,2008,4,April,2008-04-01,108003,47.4,2.7,48.76,northern
Glacier,GLAC,MT,2008,5,May,2008-05-01,159444,61.8,3.1,48.76,northern
Glacier,GLAC,MT,2008,6,June,2008-06-01,233139,74.6,3,48.76,northern
Glacier,GLAC,MT,2008,7,July,2008-07-01,316251,82.3,2.7,48.76,northern
Glacier,GLAC,MT,2008,8,August,2008-08-01,281933,79.8,2.6,48.76,northern
Glacier,GLAC,MT,2008,9,September,2008-09-01,202477,68,2.5,48.76,northern
Glacier,GLAC,MT,2008,10,October,2008-10-01,145926,51.5,2.5,48.76,northern
Glacier,GLAC,MT,2008,11,November,2008-11-01,108003,33,2.5,48.76,northern
Glacier,GLAC,MT,2008,12,December,2008-12-01,96283,20.2,2.3,48.76,northern
Glacier,GLAC,MT,2009,1,January,2009-01-01,41440,16.1,2.1,48.76,northern
Glacier,GLAC,MT,2009,2,February,2009-02-01,50969,20.2,1.9,48.76,northern
Glacier,GLAC,MT,2009,3,March,2009-03-01,83498,32.5,2.4,48.76,northern
Glacier,GLAC,MT,2009,4,April,2009-04-01,121343,47.4,2.7,48.76,northern
Glacier,GLAC,MT,2009,5,May,2009-05-01,179138,61.8,3.1,48.76,northern
Glacier,GLAC,MT,2009,6,June,2009-06-01,261936,74.6,3,48.76,northern
Glacier,GLAC,MT,2009,7,July,2009-07-01,355313,82.3,2.7,48.76,northern
Glacier,GLAC,MT,2009,8,August,2009-08-01,316756,79.8,2.6,48.76,northern
Glacier,GLAC,MT,2009,9,September,2009-09-01,227487,68,2.5,48.76,northern
Glacier,GLAC,MT,2009,10,October,2009-10-01,163950,51.5,2.5,48.76,northern
Glacier,GLAC,MT,2009,11,November,2009-11-01,121343,33,2.5,48.76,northern
Glacier,GLAC,MT,2009,12,December,2009-12-01,108175,20.2,2.3,48.76,northern
Glacier,GLAC,MT,2010,1,January,2010-01-01,44881,16.1,2.1,48.76,northern
Glacier,GLAC,MT,2010,2,February,2010-02-01,55202,20.2,1.9,48.76,northern
Glacier,GLAC,MT,2010,3,March,2010-03-01,90432,32.5,2.4,48.76,northern
Glacier,GLAC,MT,2010,4,April,2010-04-01,131420,47.4,2.7,48.76,northern
Glacier,GLAC,MT,2010,5,May,2010-05-01,194016,61.8,3.1,48.76,northern
Glacier,GLAC,MT,2010,6,June,2010-06-01,283689,74.6,3,48.76,northern
Glacier,GLAC,MT,2010,7,July,2010-07-01,384821,82.3,2.7,48.76,northern
Glacier,GLAC,MT,2010,8,August,2010-08-01,343062,79.8,2.6,48.76,northern
Glacier,GLAC,MT,2010,9,September,2010-09-01,246379,68,2.5,48.76,northern
Glacier,GLAC,MT,2010,10,October,2010-10-01,177566,51.5,2.5,48.76,northern
Glacier,GLAC,MT,2010,11,November,2010-11-01,131420,33,2.5,48.76,northern
Glacier,GLAC,MT,2010,12,December,2010-12-01,117159,20.2,2.3,48.76,northern
Glacier,GLAC,MT,2011,1,January,2011-01-01,37813,16.1,2.1,48.76,northern
Glacier,GLAC,MT,2011,2,February,2011-02-01,46508,20.2,1.9,48.76,northern
Glacier,GLAC,MT,2011,3,March,2011-03-01,76190,32.5,2.4,48.76,northern
Glacier,GLAC,MT,2011,4,April,2011-04-01,110723,47.4,2.7,48.76,northern
Glacier,GLAC,MT,2011,5,May,2011-05-01,163460,61.8,3.1,48.76,northern
Glacier,GLAC,MT,2011,6,June,2011-06-01,239011,74.6,3,48.76,northern
Glacier,GLAC,MT,2011,7,July,2011-07-01,324216,82.3,2.7,48.76,northern
Glacier,GLAC,MT,2011,8,August,2011-08-01,289034,79.8,2.6,48.76,northern
Glacier,GLAC,MT,2011,9,September,2011-09-01,207577,68,2.5,48.76,northern
Glacier,GLAC,MT,2011,10,October,2011-10-01,149601,51.5,2.5,48.76,northern
Glacier,GLAC,MT,2011,11,November,2011-11-01,110723,33,2.5,48.76,northern
Glacier,GLAC,MT,2011,12,December,2011-12-01,98708,20.2,2.3,48.76,northern
Glacier,GLAC,MT,2012,1,January,2012-01-01,44106,16.1,2.1,48.76,northern
Glacier,GLAC,MT,2012,2,February,2012-02-01,54248,20.2,1.9,48.76,northern
Glacier,GLAC,MT,2012,3,March,2012-03-01,88870,32.5,2.4,48.76,northern
Glacier,GLAC,MT,2012,4,April,2012-04-01,129150,47.4,2.7,48.76,northern
Glacier,GLAC,MT,2012,5,May,2012-05-01,190663,61.8,3.1,48.76,northern
Glacier,GLAC,MT,2012,6,June,2012-06-01,278787,74.6,3,48.76,northern
Glacier,GLAC,MT,2012,7,July,2012-07-01,378172,82.3,2.7,48.76,northern
Glacier,GLAC,MT,2012,8,August,2012-08-01,337135,79.8,2.6,48.76,northern
Glacier,GLAC,MT,2012,9,September,2012-09-01,242122,68,2.5,48.76,northern
Glacier,GLAC,MT,2012,10,October,2012-10-01,174498,51.5,2.5,48.76,northern
Glacier,GLAC,MT,2012,11,November,2012-11-01,129150,33,2.5,48.76,northern
Glacier,GLAC,MT,2012,12,December,2012-12-01,115135,20.2,2.3,48.76,northern
Glacier,GLAC,MT,2013,1,January,2013-01-01,44684,16.1,2.1,48.76,northern
Glacier,GLAC,MT,2013,2,February,2013-02-01,54959,20.2,1.9,48.76,northern
Glacier,GLAC,MT,2013,3,March,2013-03-01,90034,32.5,2.4,48.76,northern
Glacier,GLAC,MT,2013,4,April,2013-04-01,130842,47.4,2.7,48.76,northern
Glacier,GLAC,MT,2013,5,May,2013-05-01,193162,61.8,3.1,48.76,northern
Glacier,GLAC,MT,2013,6,June,2013-06-01,282441,74.6,3,48.76,northern
Glacier,GLAC,MT,2013,7,July,2013-07-01,383129,82.3,2.7,48.76,northern
Glacier,GLAC,MT,2013,8,August,2013-08-01,341554,79.8,2.6,48.76,northern
Glacier,GLAC,MT,2013,9,September,2013-09-01,245296,68,2.5,48.76,northern
Glacier,GLAC,MT,2013,10,October,2013-10-01,176785,51.5,2.5,48.76,northern
Glacier,GLAC,MT,2013,11,November,2013-11-01,130842,33,2.5,48.76,northern
Glacier,GLAC,MT,2013,12,December,2013-12-01,116644,20.2,2.3,48.76,northern
Glacier,GLAC,MT,2014,1,January,2014-01-01,47706,16.1,2.1,48.76,northern
Glacier,GLAC,MT,2014,2,February,2014-02-01,58676,20.2,1.9,48.76,northern
Glacier,GLAC,MT,2014,3,March,2014-03-01,96124,32.5,2.4,48.76,northern
Glacier,GLAC,MT,2014,4,April,2014-04-01,139692,47.4,2.7,48.76,northern
Glacier,GLAC,MT,2014,5,May,2014-05-01,206228,61.8,3.1,48.76,northern
Glacier,GLAC,MT,2014,6,June,2014-06-01,301545,74.6,3,48.76,northern
Glacier,GLAC,MT,2014,7,July,2014-07-01,409043,82.3,2.7,48.76,northern
Glacier,GLAC,MT,2014,8,August,2014-08-01,364656,79.8,2.6,48.76,northern
Glacier,GLAC,MT,2014,9,September,2014-09-01,261887,68,2.5,48.76,northern
Glacier,GLAC,MT,2014,10,October,2014-10-01,188743,51.5,2.5,48.76,northern
Glacier,GLAC,MT,2014,11,November,2014-11-01,139692,33,2.5,48.76,northern
Glacier,GLAC,MT,2014,12,December,2014-12-01,124534,20.2,2.3,48.76,northern
Glacier,GLAC,MT,2015,1,January,2015-01-01,48268,16.1,2.1,48.76,northern
Glacier,GLAC,MT,2015,2,February,2015-02-01,59367,20.2,1.9,48.76,northern
Glacier,GLAC,MT,2015,3,March,2015-03-01,97256,32.5,2.4,48.76,northern
Glacier,GLAC,MT,2015,4,April,2015-04-01,141337,47.4,2.7,48.76,northern
Glacier,GLAC,MT,2015,5,May,2015-05-01,208655,61.8,3.1,48.76,northern
Glacier,GLAC,MT,2015,6,June,2015-06-01,305095,74.6,3,48.76,northern
Glacier,GLAC,MT,2015,7,July,2015-07-01,413859,82.3,2.7,48.76,northern
Glacier,GLAC,MT,2015,8,August,2015-08-01,368948,79.8,2.6,48.76,northern
Glacier,GLAC,MT,2015,9,September,2015-09-01,264970,68,2.5,48.76,northern
Glacier,GLAC,MT,2015,10,October,2015-10-01,190965,51.5,2.5,48.76,northern
Glacier,GLAC,MT,2015,11,November,2015-11-01,141337,33,2.5,48.76,northern
Glacier,GLAC,MT,2015,12,December,2015-12-01,126000,20.2,2.3,48.76,northern
Glacier,GLAC,MT,2016,1,January,2016-01-01,60113,16.1,2.1,48.76,northern
Glacier,GLAC,MT,2016,2,February,2016-02-01,73936,20.2,1.9,48.76,northern
Glacier,GLAC,MT,2016,3,March,2016-03-01,121122,32.5,2.4,48.76,northern
Glacier,GLAC,MT,2016,4,April,2016-04-01,176021,47.4,2.7,48.76,northern
Glacier,GLAC,MT,2016,5,May,2016-05-01,259859,61.8,3.1,48.76,northern
Glacier,GLAC,MT,2016,6,June,2016-06-01,379965,74.6,3,48.76,northern
Glacier,GLAC,MT,2016,7,July,2016-07-01,515418,82.3,2.7,48.76,northern
Glacier,GLAC,MT,2016,8,August,2016-08-01,459488,79.8,2.6,48.76,northern
Glacier,GLAC,MT,2016,9,September,2016-09-01,329993,68,2.5,48.76,northern
Glacier,GLAC,MT,2016,10,October,2016-10-01,237827,51.5,2.5,48.76,northern
Glacier,GLAC,MT,2016,11,November,2016-11-01,176021,33,2.5,48.76,northern
Glacier,GLAC,MT,2016,12,December,2016-12-01,156920,20.2,2.3,48.76,northern
Glacier Bay,GLBA,AK,2007,1,January,2007-01-01,15337,NA,2.1,NA,NA
Glacier Bay,GLBA,AK,2007,2,February,2007-02-01,17528,NA,1.9,NA,NA
Glacier Bay,GLBA,AK,2007,3,March,2007-03-01,24102,NA,2.4,NA,NA
Glacier Bay,GLBA,AK,2007,4,April,2007-04-01,30675,NA,2.7,NA,NA
Glacier Bay,GLBA,AK,2007,5,May,2007-05-01,39439,NA,3.1,NA,NA
Glacier Bay,GLBA,AK,2007,6,June,2007-06-01,50394,NA,3,NA,NA
Glacier Bay,GLBA,AK,2007,7,July,2007-07-01,61350,NA,2.7,NA,NA
Glacier Bay,GLBA,AK,2007,8,August,2007-08-01,56967,NA,2.6,NA,NA
Glacier Bay,GLBA,AK,2007,9,September,2007-09-01,46012,NA,2.5,NA,NA
Glacier Bay,GLBA,AK,2007,10,October,2007-10-01,37248,NA,2.5,NA,NA
Glacier Bay,GLBA,AK,2007,11,November,2007-11-01,30675,NA,2.5,NA,NA
Glacier Bay,GLBA,AK,2007,12,December,2007-12-01,28484,NA,2.3,NA,NA
Glacier Bay,GLBA,AK,2008,1,January,2008-01-01,14662,NA,2.1,NA,NA
Glacier Bay,GLBA,AK,2008,2,February,2008-02-01,16756,NA,1.9,NA,NA
Glacier Bay,GLBA,AK,2008,3,March,2008-03-01,23040,NA,2.4,NA,NA
Glacier Bay,GLBA,AK,2008,4,April,2008-04-01,29324,NA,2.7,NA,NA
Glacier Bay,GLBA,AK,2008,5,May,2008-05-01,37702,NA,3.1,NA,NA
Glacier Bay,GLBA,AK,2008,6,June,2008-06-01,48175,NA,3,NA,NA
Glacier Bay,GLBA,AK,2008,7,July,2008-07-01,58648,NA,2.7,NA,NA
Glacier Bay,GLBA,AK,2008,8,August,2008-08-01,54458,NA,2.6,NA,NA
Glacier Bay,GLBA,AK,2008,9,September,2008-09-01,43986,NA,2.5,NA,NA
Glacier Bay,GLBA,AK,2008,10,October,2008-10-01,35607,NA,2.5,NA,NA
Glacier Bay,GLBA,AK,2008,11,November,2008-11-01,29324,NA,2.5,NA,NA
Glacier Bay,GLBA,AK,2008,12,December,2008-12-01,27229,NA,2.3,NA,NA
Glacier Bay,GLBA,AK,2009,1,January,2009-01-01,15343,NA,2.1,NA,NA
Glacier Bay,GLBA,AK,2009,2,February,2009-02-01,17534,NA,1.9,NA,NA
Glacier Bay,GLBA,AK,2009,3,March,2009-03-01,24110,NA,2.4,NA,NA
Glacier Bay,GLBA,AK,2009,4,April,2009-04-01,30685,NA,2.7,NA,NA
Glacier Bay,GLBA,AK,2009,5,May,2009-05-01,39452,NA,3.1,NA,NA
Glacier Bay,GLBA,AK,2009,6,June,2009-06-01,50412,NA,3,NA,NA
Glacier Bay,GLBA,AK,2009,7,July,2009-07-01,61371,NA,2.7,NA,NA
Glacier Bay,GLBA,AK,2009,8,August,2009-08-01,56987,NA,2.6,NA,NA
Glacier Bay,GLBA,AK,2009,9,September,2009-09-01,46028,NA,2.5,NA,NA
Glacier Bay,GLBA,AK,2009,10,October,2009-10-01,37261,NA,2.5,NA,NA
Glacier Bay,GLBA,AK,2009,11,November,2009-11-01,30685,NA,2.5,NA,NA
Glacier Bay,GLBA,AK,2009,12,December,2009-12-01,28493,NA,2.3,NA,NA
Glacier Bay,GLBA,AK,2010,1,January,2010-01-01,15559,NA,2.1,NA,NA
Glacier Bay,GLBA,AK,2010,2,February,2010-02-01,17781,NA,1.9,NA,NA
Glacier Bay,GLBA,AK,2010,3,March,2010-03-01,24449,NA,2.4,NA,NA
Glacier Bay,GLBA,AK,2010,4,April,2010-04-01,31117,NA,2.7,NA,NA
Glacier Bay,GLBA,AK,2010,5,May,2010-05-01,40008,NA,3.1,NA,NA
Glacier Bay,GLBA,AK,2010,6,June,2010-06-01,51121,NA,3,NA,NA
Glacier Bay,GLBA,AK,2010,7,July,2010-07-01,62234,NA,2.7,NA,NA
Glacier Bay,GLBA,AK,2010,8,August,2010-08-01,57789,NA,2.6,NA,NA
Glacier Bay,GLBA,AK,2010,9,September,2010-09-01,46676,NA,2.5,NA,NA
Glacier Bay,GLBA,AK,2010,10,October,2010-10-01,37785,NA,2.5,NA,NA
Glacier Bay,GLBA,AK,2010,11,November,2010-11-01,31117,NA,2.5,NA,NA
Glacier Bay,GLBA,AK,2010,12,December,2010-12-01,28894,NA,2.3,NA,NA
Glacier Bay,GLBA,AK,2011,1,January,2011-01-01,15120,NA,2.1,NA,NA
Glacier Bay,GLBA,AK,2011,2,February,2011-02-01,17279,NA,1.9,NA,NA
Glacier Bay,GLBA,AK,2011,3,March,2011-03-01,23759,NA,2.4,NA,NA
Glacier Bay,GLBA,AK,2011,4,April,2011-04-01,30239,NA,2.7,NA,NA
Glacier Bay,GLBA,AK,2011,5,May,2011-05-01,38879,NA,3.1,NA,NA
Glacier Bay,GLBA,AK,2011,6,June,2011-06-01,49678,NA,3,NA,NA
Glacier Bay,GLBA,AK,2011,7,July,2011-07-01,60478,NA,2.7,NA,NA
Glacier Bay,GLBA,AK,2011,8,August,2011-08-01,56158,NA,2.6,NA,NA
Glacier Bay,GLBA,AK,2011,9,September,2011-09-01,45359,NA,2.5,NA,NA
Glacier Bay,GLBA,AK,2011,10,October,2011-10-01,36719,NA,2.5,NA,NA
Glacier Bay,GLBA,AK,2011,11,November,2011-11-01,30239,NA,2.5,NA,NA
Glacier Bay,GLBA,AK,2011,12,December,2011-12-01,28079,NA,2.3,NA,NA
Glacier Bay,GLBA,AK,2012,1,January,2012-01-01,15902,NA,2.1,NA,NA
Glacier Bay,GLBA,AK,2012,2,February,2012-02-01,18173,NA,1.9,NA,NA
Glacier Bay,GLBA,AK,2012,3,March,2012-03-01,24989,NA,2.4,NA,NA
Glacier Bay,GLBA,AK,2012,4,April,2012-04-01,31804,NA,2.7,NA,NA
Glacier Bay,GLBA,AK,2012,5,May,2012-05-01,40890,NA,3.1,NA,NA
Glacier Bay,GLBA,AK,2012,6,June,2012-06-01,52249,NA,3,NA,NA
Glacier Bay,GLBA,AK,2012,7,July,2012-07-01,63607,NA,2.7,NA,NA
Glacier Bay,GLBA,AK,2012,8,August,2012-08-01,59064,NA,2.6,NA,NA
Glacier Bay,GLBA,AK,2012,9,September,2012-09-01,47705,NA,2.5,NA,NA
Glacier Bay,GLBA,AK,2012,10,October,2012-10-01,38619,NA,2.5,NA,NA
Glacier Bay,GLBA,AK,2012,11,November,2012-11-01,31804,NA,2.5,NA,NA
Glacier Bay,GLBA,AK,2012,12,December,2012-12-01,29532,NA,2.3,NA,NA
Glacier Bay,GLBA,AK,2013,1,January,2013-01-01,17521,NA,2.1,NA,NA
Glacier Bay,GLBA,AK,2013,2,February,2013-02-01,20024,NA,1.9,NA,NA
Glacier Bay,GLBA,AK,2013,3,March,2013-03-01,27532,NA,2.4,NA,NA
Glacier Bay,GLBA,AK,2013,4,April,2013-04-01,35041,NA,2.7,NA,NA
Glacier Bay,GLBA,AK,2013,5,May,2013-05-01,45053,NA,3.1,NA,NA
Glacier Bay,GLBA,AK,2013,6,June,2013-06-01,57568,NA,3,NA,NA
Glacier Bay,GLBA,AK,2013,7,July,2013-07-01,70083,NA,2.7,NA,NA
Glacier Bay,GLBA,AK,2013,8,August,2013-08-01,65077,NA,2.6,NA,NA
Glacier Bay,GLBA,AK,2013,9,September,2013-09-01,52562,NA,2.5,NA,NA
Glacier Bay,GLBA,AK,2013,10,October,2013-10-01,42550,NA,2.5,NA,NA
Glacier Bay,GLBA,AK,2013,11,November,2013-11-01,35041,NA,2.5,NA,NA
Glacier Bay,GLBA,AK,2013,12,December,2013-12-01,32538,NA,2.3,NA,NA
Glacier Bay,GLBA,AK,2014,1,January,2014-01-01,17525,NA,2.1,NA,NA
Glacier Bay,GLBA,AK,2014,2,February,2014-02-01,20029,NA,1.9,NA,NA
Glacier Bay,GLBA,AK,2014,3,March,2014-03-01,27540,NA,2.4,NA,NA
Glacier Bay,GLBA,AK,2014,4,April,2014-04-01,35051,NA,2.7,NA,NA
Glacier Bay,GLBA,AK,2014,5,May,2014-05-01,45065,NA,3.1,NA,NA
Glacier Bay,GLBA,AK,2014,6,June,2014-06-01,57584,NA,3,NA,NA
Glacier Bay,GLBA,AK,2014,7,July,2014-07-01,70102,NA,2.7,NA,NA
Glacier Bay,GLBA,AK,2014,8,August,2014-08-01,65095,NA,2.6,NA,NA
Glacier Bay,GLBA,AK,2014,9,September,2014-09-01,52576,NA,2.5,NA,NA
Glacier Bay,GLBA,AK,2014,10,October,2014-10-01,42562,NA,2.5,NA,NA
Glacier Bay,GLBA,AK,2014,11,November,2014-11-01,35051,NA,2.5,NA,NA
Glacier Bay,GLBA,AK,2014,12,December,2014-12-01,32547,NA,2.3,NA,NA
Glacier Bay,GLBA,AK,2015,1,January,2015-01-01,19297,NA,2.1,NA,NA
Glacier Bay,GLBA,AK,2015,2,February,2015-02-01,22054,NA,1.9,NA,NA
Glacier Bay,GLBA,AK,2015,3,March,2015-03-01,30324,NA,2.4,NA,NA
Glacier Bay,GLBA,AK,2015,4,April,2015-04-01,38595,NA,2.7,NA,NA
Glacier Bay,GLBA,AK,2015,5,May,2015-05-01,49622,NA,3.1,NA,NA
Glacier Bay,GLBA,AK,2015,6,June,2015-06-01,63406,NA,3,NA,NA
Glacier Bay,GLBA,AK,2015,7,July,2015-07-01,77189,NA,2.7,NA,NA
Glacier Bay,GLBA,AK,2015,8,August,2015-08-01,71676,NA,2.6,NA,NA
Glacier Bay,GLBA,AK,2015,9,September,2015-09-01,57892,NA,2.5,NA,NA
Glacier Bay,GLBA,AK,2015,10,October,2015-10-01,46865,NA,2.5,NA,NA
Glacier Bay,GLBA,AK,2015,11,November,2015-11-01,38595,NA,2.5,NA,NA
Glacier Bay,GLBA,AK,2015,12,December,2015-12-01,35838,NA,2.3,NA,NA
Glacier Bay,GLBA,AK,2016,1,January,2016-01-01,18206,NA,2.1,NA,NA
Glacier Bay,GLBA,AK,2016,2,February,2016-02-01,20807,NA,1.9,NA,NA
Glacier Bay,GLBA,AK,2016,3,March,2016-03-01,28609,NA,2.4,NA,NA
Glacier Bay,GLBA,AK,2016,4,April,2016-04-01,36412,NA,2.7,NA,NA
Glacier Bay,GLBA,AK,2016,5,May,2016-05-01,46815,NA,3.1,NA,NA
Glacier Bay,GLBA,AK,2016,6,June,2016-06-01,59820,NA,3,NA,NA
Glacier Bay,GLBA,AK,2016,7,July,2016-07-01,72824,NA,2.7,NA,NA
Glacier Bay,GLBA,AK,2016,8,August,2016-08-01,67622,NA,2.6,NA,NA
Glacier Bay,GLBA,AK,2016,9,September,2016-09-01,54618,NA,2.5,NA,NA
Glacier Bay,GLBA,AK,2016,10,October,2016-10-01,44215,NA,2.5,NA,NA
Glacier Bay,GLBA,AK,2016,11,November,2016-11-01,36412,NA,2.5,NA,NA
Glacier Bay,GLBA,AK,2016,12,December,2016-12-01,33811,NA,2.3,NA,NA
Grand Canyon,GRCA,AZ,2007,1,January,2007-01-01,154478,NA,2.1,NA,NA
Grand Canyon,GRCA,AZ,2007,2,February,2007-02-01,176547,NA,1.9,NA,NA
Grand Canyon,GRCA,AZ,2007,3,March,2007-03-01,242752,NA,2.4,NA,NA
Grand Canyon,GRCA,AZ,2007,4,April,2007-04-01,308957,NA,2.7,NA,NA
Grand Canyon,GRCA,AZ,2007,5,May,2007-05-01,397230,NA,3.1,NA,NA
Grand Canyon,GRCA,AZ,2007,6,June,2007-06-01,507572,NA,3,NA,NA
Grand Canyon,GRCA,AZ,2007,7,July,2007-07-01,617914,NA,2.7,NA,NA
Grand Canyon,GRCA,AZ,2007,8,August,2007-08-01,573777,NA,2.6,NA,NA
Grand Canyon,GRCA,AZ,2007,9,September,2007-09-01,463435,NA,2.5,NA,NA
Grand Canyon,GRCA,AZ,2007,10,October,2007-10-01,375162,NA,2.5,NA,NA
Grand Canyon,GRCA,AZ,2007,11,November,2007-11-01,308957,NA,2.5,NA,NA
Grand Canyon,GRCA,AZ,2007,12,December,2007-12-01,286888,NA,2.3,NA,NA
Grand Canyon,GRCA,AZ,2008,1,January,2008-01-01,154886,NA,2.1,NA,NA
Grand Canyon,GRCA,AZ,2008,2,February,2008-02-01,177013,NA,1.9,NA,NA
Grand Canyon,GRCA,AZ,2008,3,March,2008-03-01,243392,NA,2.4,NA,NA
Grand Canyon,GRCA,AZ,2008,4,April,2008-04-01,309772,NA,2.7,NA,NA
Grand Canyon,GRCA,AZ,2008,5,May,2008-05-01,398278,NA,3.1,NA,NA
Grand Canyon,GRCA,AZ,2008,6,June,2008-06-01,508911,NA,3,NA,NA
Grand Canyon,GRCA,AZ,2008,7,July,2008-07-01,619544,NA,2.7,NA,NA
Grand Canyon,GRCA,AZ,2008,8,August,2008-08-01,575291,NA,2.6,NA,NA
Grand Canyon,GRCA,AZ,2008,9,September,2008-09-01,464658,NA,2.5,NA,NA
Grand Canyon,GRCA,AZ,2008,10,October,2008-10-01,376152,NA,2.5,NA,NA
Grand Canyon,GRCA,AZ,2008,11,November,2008-11-01,309772,NA,2.5,NA,NA
Grand Canyon,GRCA,AZ,2008,12,December,2008-12-01,287645,NA,2.3,NA,NA
Grand Canyon,GRCA,AZ,2009,1,January,2009-01-01,152182,NA,2.1,NA,NA
Grand Canyon,GRCA,AZ,2009,2,February,2009-02-01,173923,NA,1.9,NA,NA
Grand Canyon,GRCA,AZ,2009,3,March,2009-03-01,239144,NA,2.4,NA,NA
Grand Canyon,GRCA,AZ,2009,4,April,2009-04-01,304365,NA,2.7,NA,NA
Grand Canyon,GRCA,AZ,2009,5,May,2009-05-01,391326,NA,3.1,NA,NA
Grand Canyon,GRCA,AZ,2009,6,June,2009-06-01,500028,NA,3,NA,NA
Grand Canyon,GRCA,AZ,2009,7,July,2009-07-01,608730,NA,2.7,NA,NA
Grand Canyon,GRCA,AZ,2009,8,August,2009-08-01,565249,NA,2.6,NA,NA
Grand Canyon,GRCA,AZ,2009,9,September,2009-09-01,456547,NA,2.5,NA,NA
Grand Canyon,GRCA,AZ,2009,10,October,2009-10-01,369586,NA,2.5,NA,NA
Grand Canyon,GRCA,AZ,2009,11,November,2009-11-01,304365,NA,2.5,NA,NA
Grand Canyon,GRCA,AZ,2009,12,December,2009-12-01,282624,NA,2.3,NA,NA
Grand Canyon,GRCA,AZ,2010,1,January,2010-01-01,153594,NA,2.1,NA,NA
Grand Canyon,GRCA,AZ,2010,2,February,2010-02-01,175535,NA,1.9,NA,NA
Grand Canyon,GRCA,AZ,2010,3,March,2010-03-01,241361,NA,2.4,NA,NA
Grand Canyon,GRCA,AZ,2010,4,April,2010-04-01,307187,NA,2.7,NA,NA
Grand Canyon,GRCA,AZ,2010,5,May,2010-05-01,394955,NA,3.1,NA,NA
Grand Canyon,GRCA,AZ,2010,6,June,2010-06-01,504664,NA,3,NA,NA
Grand Canyon,GRCA,AZ,2010,7,July,2010-07-01,614374,NA,2.7,NA,NA
Grand Canyon,GRCA,AZ,2010,8,August,2010-08-01,570490,NA,2.6,NA,NA
Grand Canyon,GRCA,AZ,2010,9,September,2010-09-01,460781,NA,2.5,NA,NA
Grand Canyon,GRCA,AZ,2010,10,October,2010-10-01,373013,NA,2.5,NA,NA
Grand Canyon,GRCA,AZ,2010,11,November,2010-11-01,307187,NA,2.5,NA,NA
Grand Canyon,GRCA,AZ,2010,12,December,2010-12-01,285245,NA,2.3,NA,NA
Grand Canyon,GRCA,AZ,2011,1,January,2011-01-01,150436,NA,2.1,NA,NA
Grand Canyon,GRCA,AZ,2011,2,February,2011-02-01,171927,NA,1.9,NA,NA
Grand Canyon,GRCA,AZ,2011,3,March,2011-03-01,236400,NA,2.4,NA,NA
Grand Canyon,GRCA,AZ,2011,4,April,2011-04-01,300872,NA,2.7,NA,NA
Grand Canyon,GRCA,AZ,2011,5,May,2011-05-01,386836,NA,3.1,NA,NA
Grand Canyon,GRCA,AZ,2011,6,June,2011-06-01,494290,NA,3,NA,NA
Grand Canyon,GRCA,AZ,2011,7,July,2011-07-01,601745,NA,2.7,NA,NA
Grand Canyon,GRCA,AZ,2011,8,August,2011-08-01,558763,NA,2.6,NA,NA
Grand Canyon,GRCA,AZ,2011,9,September,2011-09-01,451309,NA,2.5,NA,NA
Grand Canyon,GRCA,AZ,2011,10,October,2011-10-01,365345,NA,2.5,NA,NA
Grand Canyon,GRCA,AZ,2011,11,November,2011-11-01,300872,NA,2.5,NA,NA
Grand Canyon,GRCA,AZ,2011,12,December,2011-12-01,279382,NA,2.3,NA,NA
Grand Canyon,GRCA,AZ,2012,1,January,2012-01-01,154747,NA,2.1,NA,NA
Grand Canyon,GRCA,AZ,2012,2,February,2012-02-01,176854,NA,1.9,NA,NA
Grand Canyon,GRCA,AZ,2012,3,March,2012-03-01,243174,NA,2.4,NA,NA
Grand Canyon,GRCA,AZ,2012,4,April,2012-04-01,309495,NA,2.7,NA,NA
Grand Canyon,GRCA,AZ,2012,5,May,2012-05-01,397922,NA,3.1,NA,NA
Grand Canyon,GRCA,AZ,2012,6,June,2012-06-01,508455,NA,3,NA,NA
Grand Canyon,GRCA,AZ,2012,7,July,2012-07-01,618989,NA,2.7,NA,NA
Grand Canyon,GRCA,AZ,2012,8,August,2012-08-01,574776,NA,2.6,NA,NA
Grand Canyon,GRCA,AZ,2012,9,September,2012-09-01,464242,NA,2.5,NA,NA
Grand Canyon,GRCA,AZ,2012,10,October,2012-10-01,375815,NA,2.5,NA,NA
Grand Canyon,GRCA,AZ,2012,11,November,2012-11-01,309495,NA,2.5,NA,NA
Grand Canyon,GRCA,AZ,2012,12,December,2012-12-01,287388,NA,2.3,NA,NA
Grand Canyon,GRCA,AZ,2013,1,January,2013-01-01,159769,NA,2.1,NA,NA
Grand Canyon,GRCA,AZ,2013,2,February,2013-02-01,182594,NA,1.9,NA,NA
Grand Canyon,GRCA,AZ,2013,3,March,2013-03-01,251066,NA,2.4,NA,NA
Grand Canyon,GRCA,AZ,2013,4,April,2013-04-01,319539,NA,2.7,NA,NA
Grand Canyon,GRCA,AZ,2013,5,May,2013-05-01,410836,NA,3.1,NA,NA
Grand Canyon,GRCA,AZ,2013,6,June,2013-06-01,524957,NA,3,NA,NA
Grand Canyon,GRCA,AZ,2013,7,July,2013-07-01,639078,NA,2.7,NA,NA
Grand Canyon,GRCA,AZ,2013,8,August,2013-08-01,593429,NA,2.6,NA,NA
Grand Canyon,GRCA,AZ,2013,9,September,2013-09-01,479308,NA,2.5,NA,NA
Grand Canyon,GRCA,AZ,2013,10,October,2013-10-01,388011,NA,2.5,NA,NA
Grand Canyon,GRCA,AZ,2013,11,November,2013-11-01,319539,NA,2.5,NA,NA
Grand Canyon,GRCA,AZ,2013,12,December,2013-12-01,296715,NA,2.3,NA,NA
Grand Canyon,GRCA,AZ,2014,1,January,2014-01-01,166487,NA,2.1,NA,NA
Grand Canyon,GRCA,AZ,2014,2,February,2014-02-01,190271,NA,1.9,NA,NA
Grand Canyon,GRCA,AZ,2014,3,March,2014-03-01,261622,NA,2.4,NA,NA
Grand Canyon,GRCA,AZ,2014,4,April,2014-04-01,332974,NA,2.7,NA,NA
Grand Canyon,GRCA,AZ,2014,5,May,2014-05-01,428109,NA,3.1,NA,NA
Grand Canyon,GRCA,AZ,2014,6,June,2014-06-01,547029,NA,3,NA,NA
Grand Canyon,GRCA,AZ,2014,7,July,2014-07-01,665948,NA,2.7,NA,NA
Grand Canyon,GRCA,AZ,2014,8,August,2014-08-01,618380,NA,2.6,NA,NA
Grand Canyon,GRCA,AZ,2014,9,September,2014-09-01,499461,NA,2.5,NA,NA
Grand Canyon,GRCA,AZ,2014,10,October,2014-10-01,404326,NA,2.5,NA,NA
Grand Canyon,GRCA,AZ,2014,11,November,2014-11-01,332974,NA,2.5,NA,NA
Grand Canyon,GRCA,AZ,2014,12,December,2014-12-01,309190,NA,2.3,NA,NA
Grand Canyon,GRCA,AZ,2015,1,January,2015-01-01,193226,NA,2.1,NA,NA
Grand Canyon,GRCA,AZ,2015,2,February,2015-02-01,220829,NA,1.9,NA,NA
Grand Canyon,GRCA,AZ,2015,3,March,2015-03-01,303640,NA,2.4,NA,NA
Grand Canyon,GRCA,AZ,2015,4,April,2015-04-01,386452,NA,2.7,NA,NA
Grand Canyon,GRCA,AZ,2015,5,May,2015-05-01,496866,NA,3.1,NA,NA
Grand Canyon,GRCA,AZ,2015,6,June,2015-06-01,634885,NA,3,NA,NA
Grand Canyon,GRCA,AZ,2015,7,July,2015-07-01,772903,NA,2.7,NA,NA
Grand Canyon,GRCA,AZ,2015,8,August,2015-08-01,717696,NA,2.6,NA,NA
Grand Canyon,GRCA,AZ,2015,9,September,2015-09-01,579677,NA,2.5,NA,NA
Grand Canyon,GRCA,AZ,2015,10,October,2015-10-01,469263,NA,2.5,NA,NA
Grand Canyon,GRCA,AZ,2015,11,November,2015-11-01,386452,NA,2.5,NA,NA
Grand Canyon,GRCA,AZ,2015,12,December,2015-12-01,358848,NA,2.3,NA,NA
Grand Canyon,GRCA,AZ,2016,1,January,2016-01-01,208943,NA,2.1,NA,NA
Grand Canyon,GRCA,AZ,2016,2,February,2016-02-01,238792,NA,1.9,NA,NA
Grand Canyon,GRCA,AZ,2016,3,March,2016-03-01,328340,NA,2.4,NA,NA
Grand Canyon,GRCA,AZ,2016,4,April,2016-04-01,417887,NA,2.7,NA,NA
Grand Canyon,GRCA,AZ,2016,5,May,2016-05-01,537283,NA,3.1,NA,NA
Grand Canyon,GRCA,AZ,2016,6,June,2016-06-01,686528,NA,3,NA,NA
Grand Canyon,GRCA,AZ,2016,7,July,2016-07-01,835774,NA,2.7,NA,NA
Grand Canyon,GRCA,AZ,2016,8,August,2016-08-01,776075,NA,2.6,NA,NA
Grand Canyon,GRCA,AZ,2016,9,September,2016-09-01,626830,NA,2.5,NA,NA
Grand Canyon,GRCA,AZ,2016,10,October,2016-10-01,507434,NA,2.5,NA,NA
Grand Canyon,GRCA,AZ,2016,11,November,2016-11-01,417887,NA,2.5,NA,NA
Grand Canyon,GRCA,AZ,2016,12,December,2016-12-01,388038,NA,2.3,NA,NA
Grand Teton,GRTE,WY,2007,1,January,2007-01-01,90600,NA,2.1,NA,NA
Grand Teton,GRTE,WY,2007,2,February,2007-02-01,103543,NA,1.9,NA,NA
Grand Teton,GRTE,WY,2007,3,March,2007-03-01,142372,NA,2.4,NA,NA
Grand Teton,GRTE,WY,2007,4,April,2007-04-01,181200,NA,2.7,NA,NA
Grand Teton,GRTE,WY,2007,5,May,2007-05-01,232972,NA,3.1,NA,NA
Grand Teton,GRTE,WY,2007,6,June,2007-06-01,297686,NA,3,NA,NA
Grand Teton,GRTE,WY,2007,7,July,2007-07-01,362400,NA,2.7,NA,NA
Grand Teton,GRTE,WY,2007,8,August,2007-08-01,336515,NA,2.6,NA,NA
Grand Teton,GRTE,WY,2007,9,September,2007-09-01,271800,NA,2.5,NA,NA
Grand Teton,GRTE,WY,2007,10,October,2007-10-01,220029,NA,2.5,NA,NA
Grand Teton,GRTE,WY,2007,11,November,2007-11-01,181200,NA,2.5,NA,NA
Grand Teton,GRTE,WY,2007,12,December,2007-12-01,168257,NA,2.3,NA,NA
Grand Teton,GRTE,WY,2008,1,January,2008-01-01,87010,NA,2.1,NA,NA
Grand Teton,GRTE,WY,2008,2,February,2008-02-01,99439,NA,1.9,NA,NA
Grand Teton,GRTE,WY,2008,3,March,2008-03-01,136729,NA,2.4,NA,NA
Grand Teton,GRTE,WY,2008,4,April,2008-04-01,174019,NA,2.7,NA,NA
Grand Teton,GRTE,WY,2008,5,May,2008-05-01,223739,NA,3.1,NA,NA
Grand Teton,GRTE,WY,2008,6,June,2008-06-01,285889,NA,3,NA,NA
Grand Teton,GRTE,WY,2008,7,July,2008-07-01,348038,NA,2.7,NA,NA
Grand Teton,GRTE,WY,2008,8,August,2008-08-01,323178,NA,2.6,NA,NA
Grand Teton,GRTE,WY,2008,9,September,2008-09-01,261029,NA,2.5,NA,NA
Grand Teton,GRTE,WY,2008,10,October,2008-10-01,211309,NA,2.5,NA,NA
Grand Teton,GRTE,WY,2008,11,November,2008-11-01,174019,NA,2.5,NA,NA
Grand Teton,GRTE,WY,2008,12,December,2008-12-01,161589,NA,2.3,NA,NA
Grand Teton,GRTE,WY,2009,1,January,2009-01-01,90303,NA,2.1,NA,NA
Grand Teton,GRTE,WY,2009,2,February,2009-02-01,103203,NA,1.9,NA,NA
Grand Teton,GRTE,WY,2009,3,March,2009-03-01,141904,NA,2.4,NA,NA
Grand Teton,GRTE,WY,2009,4,April,2009-04-01,180606,NA,2.7,NA,NA
Grand Teton,GRTE,WY,2009,5,May,2009-05-01,232207,NA,3.1,NA,NA
Grand Teton,GRTE,WY,2009,6,June,2009-06-01,296709,NA,3,NA,NA
Grand Teton,GRTE,WY,2009,7,July,2009-07-01,361211,NA,2.7,NA,NA
Grand Teton,GRTE,WY,2009,8,August,2009-08-01,335411,NA,2.6,NA,NA
Grand Teton,GRTE,WY,2009,9,September,2009-09-01,270909,NA,2.5,NA,NA
Grand Teton,GRTE,WY,2009,10,October,2009-10-01,219307,NA,2.5,NA,NA
Grand Teton,GRTE,WY,2009,11,November,2009-11-01,180606,NA,2.5,NA,NA
Grand Teton,GRTE,WY,2009,12,December,2009-12-01,167705,NA,2.3,NA,NA
Grand Teton,GRTE,WY,2010,1,January,2010-01-01,93428,NA,2.1,NA,NA
Grand Teton,GRTE,WY,2010,2,February,2010-02-01,106775,NA,1.9,NA,NA
Grand Teton,GRTE,WY,2010,3,March,2010-03-01,146816,NA,2.4,NA,NA
Grand Teton,GRTE,WY,2010,4,April,2010-04-01,186856,NA,2.7,NA,NA
Grand Teton,GRTE,WY,2010,5,May,2010-05-01,240244,NA,3.1,NA,NA
Grand Teton,GRTE,WY,2010,6,June,2010-06-01,306978,NA,3,NA,NA
Grand Teton,GRTE,WY,2010,7,July,2010-07-01,373712,NA,2.7,NA,NA
Grand Teton,GRTE,WY,2010,8,August,2010-08-01,347019,NA,2.6,NA,NA
Grand Teton,GRTE,WY,2010,9,September,2010-09-01,280284,NA,2.5,NA,NA
Grand Teton,GRTE,WY,2010,10,October,2010-10-01,226897,NA,2.5,NA,NA
Grand Teton,GRTE,WY,2010,11,November,2010-11-01,186856,NA,2.5,NA,NA
Grand Teton,GRTE,WY,2010,12,December,2010-12-01,173509,NA,2.3,NA,NA
Grand Teton,GRTE,WY,2011,1,January,2011-01-01,90560,NA,2.1,NA,NA
Grand Teton,GRTE,WY,2011,2,February,2011-02-01,103497,NA,1.9,NA,NA
Grand Teton,GRTE,WY,2011,3,March,2011-03-01,142309,NA,2.4,NA,NA
Grand Teton,GRTE,WY,2011,4,April,2011-04-01,181121,NA,2.7,NA,NA
Grand Teton,GRTE,WY,2011,5,May,2011-05-01,232869,NA,3.1,NA,NA
Grand Teton,GRTE,WY,2011,6,June,2011-06-01,297555,NA,3,NA,NA
Grand Teton,GRTE,WY,2011,7,July,2011-07-01,362241,NA,2.7,NA,NA
Grand Teton,GRTE,WY,2011,8,August,2011-08-01,336367,NA,2.6,NA,NA
Grand Teton,GRTE,WY,2011,9,September,2011-09-01,271681,NA,2.5,NA,NA
Grand Teton,GRTE,WY,2011,10,October,2011-10-01,219932,NA,2.5,NA,NA
Grand Teton,GRTE,WY,2011,11,November,2011-11-01,181121,NA,2.5,NA,NA
Grand Teton,GRTE,WY,2011,12,December,2011-12-01,168183,NA,2.3,NA,NA
Grand Teton,GRTE,WY,2012,1,January,2012-01-01,94684,NA,2.1,NA,NA
Grand Teton,GRTE,WY,2012,2,February,2012-02-01,108210,NA,1.9,NA,NA
Grand Teton,GRTE,WY,2012,3,March,2012-03-01,148789,NA,2.4,NA,NA
Grand Teton,GRTE,WY,2012,4,April,2012-04-01,189368,NA,2.7,NA,NA
Grand Teton,GRTE,WY,2012,5,May,2012-05-01,243473,NA,3.1,NA,NA
Grand Teton,GRTE,WY,2012,6,June,2012-06-01,311104,NA,3,NA,NA
Grand Teton,GRTE,WY,2012,7,July,2012-07-01,378736,NA,2.7,NA,NA
Grand Teton,GRTE,WY,2012,8,August,2012-08-01,351683,NA,2.6,NA,NA
Grand Teton,GRTE,WY,2012,9,September,2012-09-01,284052,NA,2.5,NA,NA
Grand Teton,GRTE,WY,2012,10,October,2012-10-01,229947,NA,2.5,NA,NA
Grand Teton,GRTE,WY,2012,11,November,2012-11-01,189368,NA,2.5,NA,NA
Grand Teton,GRTE,WY,2012,12,December,2012-12-01,175842,NA,2.3,NA,NA
Grand Teton,GRTE,WY,2013,1,January,2013-01-01,94108,NA,2.1,NA,NA
Grand Teton,GRTE,WY,2013,2,February,2013-02-01,107552,NA,1.9,NA,NA
Grand Teton,GRTE,WY,2013,3,March,2013-03-01,147884,NA,2.4,NA,NA
Grand Teton,GRTE,WY,2013,4,April,2013-04-01,188216,NA,2.7,NA,NA
Grand Teton,GRTE,WY,2013,5,May,2013-05-01,241991,NA,3.1,NA,NA
Grand Teton,GRTE,WY,2013,6,June,2013-06-01,309211,NA,3,NA,NA
Grand Teton,GRTE,WY,2013,7,July,2013-07-01,376431,NA,2.7,NA,NA
Grand Teton,GRTE,WY,2013,8,August,2013-08-01,349543,NA,2.6,NA,NA
Grand Teton,GRTE,WY,2013,9,September,2013-09-01,282323,NA,2.5,NA,NA
Grand Teton,GRTE,WY,2013,10,October,2013-10-01,228547,NA,2.5,NA,NA
Grand Teton,GRTE,WY,2013,11,November,2013-11-01,188216,NA,2.5,NA,NA
Grand Teton,GRTE,WY,2013,12,December,2013-12-01,174772,NA,2.3,NA,NA
Grand Teton,GRTE,WY,2014,1,January,2014-01-01,97699,NA,2.1,NA,NA
Grand Teton,GRTE,WY,2014,2,February,2014-02-01,111656,NA,1.9,NA,NA
Grand Teton,GRTE,WY,2014,3,March,2014-03-01,153527,NA,2.4,NA,NA
Grand Teton,GRTE,WY,2014,4,April,2014-04-01,195397,NA,2.7,NA,NA
Grand Teton,GRTE,WY,2014,5,May,2014-05-01,251225,NA,3.1,NA,NA
Grand Teton,GRTE,WY,2014,6,June,2014-06-01,321010,NA,3,NA,NA
Grand Teton,GRTE,WY,2014,7,July,2014-07-01,390795,NA,2.7,NA,NA
Grand Teton,GRTE,WY,2014,8,August,2014-08-01,362881,NA,2.6,NA,NA
Grand Teton,GRTE,WY,2014,9,September,2014-09-01,293096,NA,2.5,NA,NA
Grand Teton,GRTE,WY,2014,10,October,2014-10-01,237268,NA,2.5,NA,NA
Grand Teton,GRTE,WY,2014,11,November,2014-11-01,195397,NA,2.5,NA,NA
Grand Teton,GRTE,WY,2014,12,December,2014-12-01,181440,NA,2.3,NA,NA
Grand Teton,GRTE,WY,2015,1,January,2015-01-01,110247,NA,2.1,NA,NA
Grand Teton,GRTE,WY,2015,2,February,2015-02-01,125997,NA,1.9,NA,NA
Grand Teton,GRTE,WY,2015,3,March,2015-03-01,173246,NA,2.4,NA,NA
Grand Teton,GRTE,WY,2015,4,April,2015-04-01,220494,NA,2.7,NA,NA
Grand Teton,GRTE,WY,2015,5,May,2015-05-01,283493,NA,3.1,NA,NA
Grand Teton,GRTE,WY,2015,6,June,2015-06-01,362241,NA,3,NA,NA
Grand Teton,GRTE,WY,2015,7,July,2015-07-01,440989,NA,2.7,NA,NA
Grand Teton,GRTE,WY,2015,8,August,2015-08-01,409490,NA,2.6,NA,NA
Grand Teton,GRTE,WY,2015,9,September,2015-09-01,330742,NA,2.5,NA,NA
Grand Teton,GRTE,WY,2015,10,October,2015-10-01,267743,NA,2.5,NA,NA
Grand Teton,GRTE,WY,2015,11,November,2015-11-01,220494,NA,2.5,NA,NA
Grand Teton,GRTE,WY,2015,12,December,2015-12-01,204745,NA,2.3,NA,NA
Grand Teton,GRTE,WY,2016,1,January,2016-01-01,114453,NA,2.1,NA,NA
Grand Teton,GRTE,WY,2016,2,February,2016-02-01,130803,NA,1.9,NA,NA
Grand Teton,GRTE,WY,2016,3,March,2016-03-01,179854,NA,2.4,NA,NA
Grand Teton,GRTE,WY,2016,4,April,2016-04-01,228905,NA,2.7,NA,NA
Grand Teton,GRTE,WY,2016,5,May,2016-05-01,294307,NA,3.1,NA,NA
Grand Teton,GRTE,WY,2016,6,June,2016-06-01,376059,NA,3,NA,NA
Grand Teton,GRTE,WY,2016,7,July,2016-07-01,457811,NA,2.7,NA,NA
Grand Teton,GRTE,WY,2016,8,August,2016-08-01,425110,NA,2.6,NA,NA
Grand Teton,GRTE,WY,2016,9,September,2016-09-01,343358,NA,2.5,NA,NA
Grand Teton,GRTE,WY,2016,10,October,2016-10-01,277956,NA,2.5,NA,NA
Grand Teton,GRTE,WY,2016,11,November,2016-11-01,228905,NA,2.5,NA,NA
Grand Teton,GRTE,WY,2016,12,December,2016-12-01,212555,NA,2.3,NA,NA
Great Basin,GRBA,NV,2007,1,January,2007-01-01,2848,NA,2.1,NA,NA
Great Basin,GRBA,NV,2007,2,February,2007-02-01,3255,NA,1.9,NA,NA
Great Basin,GRBA,NV,2007,3,March,2007-03-01,4475,NA,2.4,NA,NA
Great Basin,GRBA,NV,2007,4,April,2007-04-01,5695,NA,2.7,NA,NA
Great Basin,GRBA,NV,2007,5,May,2007-05-01,7323,NA,3.1,NA,NA
Great Basin,GRBA,NV,2007,6,June,2007-06-01,9357,NA,3,NA,NA
Great Basin,GRBA,NV,2007,7,July,2007-07-01,11391,NA,2.7,NA,NA
Great Basin,GRBA,NV,2007,8,August,2007-08-01,10577,NA,2.6,NA,NA
Great Basin,GRBA,NV,2007,9,September,2007-09-01,8543,NA,2.5,NA,NA
Great Basin,GRBA,NV,2007,10,October,2007-10-01,6916,NA,2.5,NA,NA
Great Basin,GRBA,NV,2007,11,November,2007-11-01,5695,NA,2.5,NA,NA
Great Basin,GRBA,NV,2007,12,December,2007-12-01,5289,NA,2.3,NA,NA
Great Basin,GRBA,NV,2008,1,January,2008-01-01,2423,NA,2.1,NA,NA
Great Basin,GRBA,NV,2008,2,February,2008-02-01,2769,NA,1.9,NA,NA
Great Basin,GRBA,NV,2008,3,March,2008-03-01,3808,NA,2.4,NA,NA
Great Basin,GRBA,NV,2008,4,April,2008-04-01,4846,NA,2.7,NA,NA
Great Basin,GRBA,NV,2008,5,May,2008-05-01,6231,NA,3.1,NA,NA
Great Basin,GRBA,NV,2008,6,June,2008-06-01,7962,NA,3,NA,NA
Great Basin,GRBA,NV,2008,7,July,2008-07-01,9693,NA,2.7,NA,NA
Great Basin,GRBA,NV,2008,8,August,2008-08-01,9001,NA,2.6,NA,NA
Great Basin,GRBA,NV,2008,9,September,2008-09-01,7270,NA,2.5,NA,NA
Great Basin,GRBA,NV,2008,10,October,2008-10-01,5885,NA,2.5,NA,NA
Great Basin,GRBA,NV,2008,11,November,2008-11-01,4846,NA,2.5,NA,NA
Great Basin,GRBA,NV,2008,12,December,2008-12-01,4500,NA,2.3,NA,NA
Great Basin,GRBA,NV,2009,1,January,2009-01-01,2974,NA,2.1,NA,NA
Great Basin,GRBA,NV,2009,2,February,2009-02-01,3399,NA,1.9,NA,NA
Great Basin,GRBA,NV,2009,3,March,2009-03-01,4674,NA,2.4,NA,NA
Great Basin,GRBA,NV,2009,4,April,2009-04-01,5948,NA,2.7,NA,NA
Great Basin,GRBA,NV,2009,5,May,2009-05-01,7648,NA,3.1,NA,NA
Great Basin,GRBA,NV,2009,6,June,2009-06-01,9772,NA,3,NA,NA
Great Basin,GRBA,NV,2009,7,July,2009-07-01,11896,NA,2.7,NA,NA
Great Basin,GRBA,NV,2009,8,August,2009-08-01,11047,NA,2.6,NA,NA
Great Basin,GRBA,NV,2009,9,September,2009-09-01,8922,NA,2.5,NA,NA
Great Basin,GRBA,NV,2009,10,October,2009-10-01,7223,NA,2.5,NA,NA
Great Basin,GRBA,NV,2009,11,November,2009-11-01,5948,NA,2.5,NA,NA
Great Basin,GRBA,NV,2009,12,December,2009-12-01,5523,NA,2.3,NA,NA
Great Basin,GRBA,NV,2010,1,January,2010-01-01,3110,NA,2.1,NA,NA
Great Basin,GRBA,NV,2010,2,February,2010-02-01,3555,NA,1.9,NA,NA
Great Basin,GRBA,NV,2010,3,March,2010-03-01,4888,NA,2.4,NA,NA
Great Basin,GRBA,NV,2010,4,April,2010-04-01,6221,NA,2.7,NA,NA
Great Basin,GRBA,NV,2010,5,May,2010-05-01,7998,NA,3.1,NA,NA
Great Basin,GRBA,NV,2010,6,June,2010-06-01,10220,NA,3,NA,NA
Great Basin,GRBA,NV,2010,7,July,2010-07-01,12442,NA,2.7,NA,NA
Great Basin,GRBA,NV,2010,8,August,2010-08-01,11553,NA,2.6,NA,NA
Great Basin,GRBA,NV,2010,9,September,2010-09-01,9331,NA,2.5,NA,NA
Great Basin,GRBA,NV,2010,10,October,2010-10-01,7554,NA,2.5,NA,NA
Great Basin,GRBA,NV,2010,11,November,2010-11-01,6221,NA,2.5,NA,NA
Great Basin,GRBA,NV,2010,12,December,2010-12-01,5777,NA,2.3,NA,NA
Great Basin,GRBA,NV,2011,1,January,2011-01-01,3201,NA,2.1,NA,NA
Great Basin,GRBA,NV,2011,2,February,2011-02-01,3658,NA,1.9,NA,NA
Great Basin,GRBA,NV,2011,3,March,2011-03-01,5030,NA,2.4,NA,NA
Great Basin,GRBA,NV,2011,4,April,2011-04-01,6402,NA,2.7,NA,NA
Great Basin,GRBA,NV,2011,5,May,2011-05-01,8231,NA,3.1,NA,NA
Great Basin,GRBA,NV,2011,6,June,2011-06-01,10517,NA,3,NA,NA
Great Basin,GRBA,NV,2011,7,July,2011-07-01,12803,NA,2.7,NA,NA
Great Basin,GRBA,NV,2011,8,August,2011-08-01,11889,NA,2.6,NA,NA
Great Basin,GRBA,NV,2011,9,September,2011-09-01,9602,NA,2.5,NA,NA
Great Basin,GRBA,NV,2011,10,October,2011-10-01,7773,NA,2.5,NA,NA
Great Basin,GRBA,NV,2011,11,November,2011-11-01,6402,NA,2.5,NA,NA
Great Basin,GRBA,NV,2011,12,December,2011-12-01,5944,NA,2.3,NA,NA
Great Basin,GRBA,NV,2012,1,January,2012-01-01,3320,NA,2.1,NA,NA
Great Basin,GRBA,NV,2012,2,February,2012-02-01,3794,NA,1.9,NA,NA
Great Basin,GRBA,NV,2012,3,March,2012-03-01,5217,NA,2.4,NA,NA
Great Basin,GRBA,NV,2012,4,April,2012-04-01,6640,NA,2.7,NA,NA
Great Basin,GRBA,NV,2012,5,May,2012-05-01,8536,NA,3.1,NA,NA
Great Basin,GRBA,NV,2012,6,June,2012-06-01,10908,NA,3,NA,NA
Great Basin,GRBA,NV,2012,7,July,2012-07-01,13279,NA,2.7,NA,NA
Great Basin,GRBA,NV,2012,8,August,2012-08-01,12330,NA,2.6,NA,NA
Great Basin,GRBA,NV,2012,9,September,2012-09-01,9959,NA,2.5,NA,NA
Great Basin,GRBA,NV,2012,10,October,2012-10-01,8062,NA,2.5,NA,NA
Great Basin,GRBA,NV,2012,11,November,2012-11-01,6640,NA,2.5,NA,NA
Great Basin,GRBA,NV,2012,12,December,2012-12-01,6165,NA,2.3,NA,NA
Great Basin,GRBA,NV,2013,1,January,2013-01-01,3251,NA,2.1,NA,NA
Great Basin,GRBA,NV,2013,2,February,2013-02-01,3716,NA,1.9,NA,NA
Great Basin,GRBA,NV,2013,3,March,2013-03-01,5109,NA,2.4,NA,NA
Great Basin,GRBA,NV,2013,4,April,2013-04-01,6503,NA,2.7,NA,NA
Great Basin,GRBA,NV,2013,5,May,2013-05-01,8360,NA,3.1,NA,NA
Great Basin,GRBA,NV,2013,6,June,2013-06-01,10683,NA,3,NA,NA
Great Basin,GRBA,NV,2013,7,July,2013-07-01,13005,NA,2.7,NA,NA
Great Basin,GRBA,NV,2013,8,August,2013-08-01,12076,NA,2.6,NA,NA
Great Basin,GRBA,NV,2013,9,September,2013-09-01,9754,NA,2.5,NA,NA
Great Basin,GRBA,NV,2013,10,October,2013-10-01,7896,NA,2.5,NA,NA
Great Basin,GRBA,NV,2013,11,November,2013-11-01,6503,NA,2.5,NA,NA
Great Basin,GRBA,NV,2013,12,December,2013-12-01,6038,NA,2.3,NA,NA
Great Basin,GRBA,NV,2014,1,January,2014-01-01,3763,NA,2.1,NA,NA
Great Basin,GRBA,NV,2014,2,February,2014-02-01,4301,NA,1.9,NA,NA
Great Basin,GRBA,NV,2014,3,March,2014-03-01,5914,NA,2.4,NA,NA
Great Basin,GRBA,NV,2014,4,April,2014-04-01,7527,NA,2.7,NA,NA
Great Basin,GRBA,NV,2014,5,May,2014-05-01,9677,NA,3.1,NA,NA
Great Basin,GRBA,NV,2014,6,June,2014-06-01,12365,NA,3,NA,NA
Great Basin,GRBA,NV,2014,7,July,2014-07-01,15054,NA,2.7,NA,NA
Great Basin,GRBA,NV,2014,8,August,2014-08-01,13978,NA,2.6,NA,NA
Great Basin,GRBA,NV,2014,9,September,2014-09-01,11290,NA,2.5,NA,NA
Great Basin,GRBA,NV,2014,10,October,2014-10-01,9140,NA,2.5,NA,NA
Great Basin,GRBA,NV,2014,11,November,2014-11-01,7527,NA,2.5,NA,NA
Great Basin,GRBA,NV,2014,12,December,2014-12-01,6989,NA,2.3,NA,NA
Great Basin,GRBA,NV,2015,1,January,2015-01-01,4064,NA,2.1,NA,NA
Great Basin,GRBA,NV,2015,2,February,2015-02-01,4645,NA,1.9,NA,NA
Great Basin,GRBA,NV,2015,3,March,2015-03-01,6387,NA,2.4,NA,NA
Great Basin,GRBA,NV,2015,4,April,2015-04-01,8129,NA,2.7,NA,NA
Great Basin,GRBA,NV,2015,5,May,2015-05-01,10451,NA,3.1,NA,NA
Great Basin,GRBA,NV,2015,6,June,2015-06-01,13354,NA,3,NA,NA
Great Basin,GRBA,NV,2015,7,July,2015-07-01,16257,NA,2.7,NA,NA
Great Basin,GRBA,NV,2015,8,August,2015-08-01,15096,NA,2.6,NA,NA
Great Basin,GRBA,NV,2015,9,September,2015-09-01,12193,NA,2.5,NA,NA
Great Basin,GRBA,NV,2015,10,October,2015-10-01,9870,NA,2.5,NA,NA
Great Basin,GRBA,NV,2015,11,November,2015-11-01,8129,NA,2.5,NA,NA
Great Basin,GRBA,NV,2015,12,December,2015-12-01,7548,NA,2.3,NA,NA
Great Basin,GRBA,NV,2016,1,January,2016-01-01,5070,NA,2.1,NA,NA
Great Basin,GRBA,NV,2016,2,February,2016-02-01,5794,NA,1.9,NA,NA
Great Basin,GRBA,NV,2016,3,March,2016-03-01,7967,NA,2.4,NA,NA
Great Basin,GRBA,NV,2016,4,April,2016-04-01,10139,NA,2.7,NA,NA
Great Basin,GRBA,NV,2016,5,May,2016-05-01,13036,NA,3.1,NA,NA
Great Basin,GRBA,NV,2016,6,June,2016-06-01,16657,NA,3,NA,NA
Great Basin,GRBA,NV,2016,7,July,2016-07-01,20278,NA,2.7,NA,NA
Great Basin,GRBA,NV,2016,8,August,2016-08-01,18830,NA,2.6,NA,NA
Great Basin,GRBA,NV,2016,9,September,2016-09-01,15209,NA,2.5,NA,NA
Great Basin,GRBA,NV,2016,10,October,2016-10-01,12312,NA,2.5,NA,NA
Great Basin,GRBA,NV,2016,11,November,2016-11-01,10139,NA,2.5,NA,NA
Great Basin,GRBA,NV,2016,12,December,2016-12-01,9415,NA,2.3,NA,NA
Great Sand Dunes,GRSA,CO,2007,1,January,2007-01-01,9979,NA,2.1,NA,NA
Great Sand Dunes,GRSA,CO,2007,2,February,2007-02-01,11405,NA,1.9,NA,NA
Great Sand Dunes,GRSA,CO,2007,3,March,2007-03-01,15682,NA,2.4,NA,NA
Great Sand Dunes,GRSA,CO,2007,4,April,2007-04-01,19958,NA,2.7,NA,NA
Great Sand Dunes,GRSA,CO,2007,5,May,2007-05-01,25661,NA,3.1,NA,NA
Great Sand Dunes,GRSA,CO,2007,6,June,2007-06-01,32789,NA,3,NA,NA
Great Sand Dunes,GRSA,CO,2007,7,July,2007-07-01,39917,NA,2.7,NA,NA
Great Sand Dunes,GRSA,CO,2007,8,August,2007-08-01,37066,NA,2.6,NA,NA
Great Sand Dunes,GRSA,CO,2007,9,September,2007-09-01,29938,NA,2.5,NA,NA
Great Sand Dunes,GRSA,CO,2007,10,October,2007-10-01,24235,NA,2.5,NA,NA
Great Sand Dunes,GRSA,CO,2007,11,November,2007-11-01,19958,NA,2.5,NA,NA
Great Sand Dunes,GRSA,CO,2007,12,December,2007-12-01,18533,NA,2.3,NA,NA
Great Sand Dunes,GRSA,CO,2008,1,January,2008-01-01,9587,NA,2.1,NA,NA
Great Sand Dunes,GRSA,CO,2008,2,February,2008-02-01,10956,NA,1.9,NA,NA
Great Sand Dunes,GRSA,CO,2008,3,March,2008-03-01,15065,NA,2.4,NA,NA
Great Sand Dunes,GRSA,CO,2008,4,April,2008-04-01,19173,NA,2.7,NA,NA
Great Sand Dunes,GRSA,CO,2008,5,May,2008-05-01,24651,NA,3.1,NA,NA
Great Sand Dunes,GRSA,CO,2008,6,June,2008-06-01,31499,NA,3,NA,NA
Great Sand Dunes,GRSA,CO,2008,7,July,2008-07-01,38346,NA,2.7,NA,NA
Great Sand Dunes,GRSA,CO,2008,8,August,2008-08-01,35607,NA,2.6,NA,NA
Great Sand Dunes,GRSA,CO,2008,9,September,2008-09-01,28760,NA,2.5,NA,NA
Great Sand Dunes,GRSA,CO,2008,10,October,2008-10-01,23282,NA,2.5,NA,NA
Great Sand Dunes,GRSA,CO,2008,11,November,2008-11-01,19173,NA,2.5,NA,NA
Great Sand Dunes,GRSA,CO,2008,12,December,2008-12-01,17804,NA,2.3,NA,NA
Great Sand Dunes,GRSA,CO,2009,1,January,2009-01-01,10148,NA,2.1,NA,NA
Great Sand Dunes,GRSA,CO,2009,2,February,2009-02-01,11598,NA,1.9,NA,NA
Great Sand Dunes,GRSA,CO,2009,3,March,2009-03-01,15948,NA,2.4,NA,NA
Great Sand Dunes,GRSA,CO,2009,4,April,2009-04-01,20297,NA,2.7,NA,NA
Great Sand Dunes,GRSA,CO,2009,5,May,2009-05-01,26096,NA,3.1,NA,NA
Great Sand Dunes,GRSA,CO,2009,6,June,2009-06-01,33345,NA,3,NA,NA
Great Sand Dunes,GRSA,CO,2009,7,July,2009-07-01,40594,NA,2.7,NA,NA
Great Sand Dunes,GRSA,CO,2009,8,August,2009-08-01,37694,NA,2.6,NA,NA
Great Sand Dunes,GRSA,CO,2009,9,September,2009-09-01,30445,NA,2.5,NA,NA
Great Sand Dunes,GRSA,CO,2009,10,October,2009-10-01,24646,NA,2.5,NA,NA
Great Sand Dunes,GRSA,CO,2009,11,November,2009-11-01,20297,NA,2.5,NA,NA
Great Sand Dunes,GRSA,CO,2009,12,December,2009-12-01,18847,NA,2.3,NA,NA
Great Sand Dunes,GRSA,CO,2010,1,January,2010-01-01,9915,NA,2.1,NA,NA
Great Sand Dunes,GRSA,CO,2010,2,February,2010-02-01,11331,NA,1.9,NA,NA
Great Sand Dunes,GRSA,CO,2010,3,March,2010-03-01,15581,NA,2.4,NA,NA
Great Sand Dunes,GRSA,CO,2010,4,April,2010-04-01,19830,NA,2.7,NA,NA
Great Sand Dunes,GRSA,CO,2010,5,May,2010-05-01,25496,NA,3.1,NA,NA
Great Sand Dunes,GRSA,CO,2010,6,June,2010-06-01,32578,NA,3,NA,NA
Great Sand Dunes,GRSA,CO,2010,7,July,2010-07-01,39660,NA,2.7,NA,NA
Great Sand Dunes,GRSA,CO,2010,8,August,2010-08-01,36827,NA,2.6,NA,NA
Great Sand Dunes,GRSA,CO,2010,9,September,2010-09-01,29745,NA,2.5,NA,NA
Great Sand Dunes,GRSA,CO,2010,10,October,2010-10-01,24079,NA,2.5,NA,NA
Great Sand Dunes,GRSA,CO,2010,11,November,2010-11-01,19830,NA,2.5,NA,NA
Great Sand Dunes,GRSA,CO,2010,12,December,2010-12-01,18413,NA,2.3,NA,NA
Great Sand Dunes,GRSA,CO,2011,1,January,2011-01-01,9802,NA,2.1,NA,NA
Great Sand Dunes,GRSA,CO,2011,2,February,2011-02-01,11202,NA,1.9,NA,NA
Great Sand Dunes,GRSA,CO,2011,3,March,2011-03-01,15403,NA,2.4,NA,NA
Great Sand Dunes,GRSA,CO,2011,4,April,2011-04-01,19604,NA,2.7,NA,NA
Great Sand Dunes,GRSA,CO,2011,5,May,2011-05-01,25205,NA,3.1,NA,NA
Great Sand Dunes,GRSA,CO,2011,6,June,2011-06-01,32207,NA,3,NA,NA
Great Sand Dunes,GRSA,CO,2011,7,July,2011-07-01,39208,NA,2.7,NA,NA
Great Sand Dunes,GRSA,CO,2011,8,August,2011-08-01,36408,NA,2.6,NA,NA
Great Sand Dunes,GRSA,CO,2011,9,September,2011-09-01,29406,NA,2.5,NA,NA
Great Sand Dunes,GRSA,CO,2011,10,October,2011-10-01,23805,NA,2.5,NA,NA
Great Sand Dunes,GRSA,CO,2011,11,November,2011-11-01,19604,NA,2.5,NA,NA
Great Sand Dunes,GRSA,CO,2011,12,December,2011-12-01,18204,NA,2.3,NA,NA
Great Sand Dunes,GRSA,CO,2012,1,January,2012-01-01,8914,NA,2.1,NA,NA
Great Sand Dunes,GRSA,CO,2012,2,February,2012-02-01,10187,NA,1.9,NA,NA
Great Sand Dunes,GRSA,CO,2012,3,March,2012-03-01,14007,NA,2.4,NA,NA
Great Sand Dunes,GRSA,CO,2012,4,April,2012-04-01,17827,NA,2.7,NA,NA
Great Sand Dunes,GRSA,CO,2012,5,May,2012-05-01,22921,NA,3.1,NA,NA
Great Sand Dunes,GRSA,CO,2012,6,June,2012-06-01,29288,NA,3,NA,NA
Great Sand Dunes,GRSA,CO,2012,7,July,2012-07-01,35654,NA,2.7,NA,NA
Great Sand Dunes,GRSA,CO,2012,8,August,2012-08-01,33108,NA,2.6,NA,NA
Great Sand Dunes,GRSA,CO,2012,9,September,2012-09-01,26741,NA,2.5,NA,NA
Great Sand Dunes,GRSA,CO,2012,10,October,2012-10-01,21647,NA,2.5,NA,NA
Great Sand Dunes,GRSA,CO,2012,11,November,2012-11-01,17827,NA,2.5,NA,NA
Great Sand Dunes,GRSA,CO,2012,12,December,2012-12-01,16554,NA,2.3,NA,NA
Great Sand Dunes,GRSA,CO,2013,1,January,2013-01-01,8499,NA,2.1,NA,NA
Great Sand Dunes,GRSA,CO,2013,2,February,2013-02-01,9714,NA,1.9,NA,NA
Great Sand Dunes,GRSA,CO,2013,3,March,2013-03-01,13356,NA,2.4,NA,NA
Great Sand Dunes,GRSA,CO,2013,4,April,2013-04-01,16999,NA,2.7,NA,NA
Great Sand Dunes,GRSA,CO,2013,5,May,2013-05-01,21856,NA,3.1,NA,NA
Great Sand Dunes,GRSA,CO,2013,6,June,2013-06-01,27927,NA,3,NA,NA
Great Sand Dunes,GRSA,CO,2013,7,July,2013-07-01,33998,NA,2.7,NA,NA
Great Sand Dunes,GRSA,CO,2013,8,August,2013-08-01,31569,NA,2.6,NA,NA
Great Sand Dunes,GRSA,CO,2013,9,September,2013-09-01,25498,NA,2.5,NA,NA
Great Sand Dunes,GRSA,CO,2013,10,October,2013-10-01,20641,NA,2.5,NA,NA
Great Sand Dunes,GRSA,CO,2013,11,November,2013-11-01,16999,NA,2.5,NA,NA
Great Sand Dunes,GRSA,CO,2013,12,December,2013-12-01,15785,NA,2.3,NA,NA
Great Sand Dunes,GRSA,CO,2014,1,January,2014-01-01,9512,NA,2.1,NA,NA
Great Sand Dunes,GRSA,CO,2014,2,February,2014-02-01,10871,NA,1.9,NA,NA
Great Sand Dunes,GRSA,CO,2014,3,March,2014-03-01,14948,NA,2.4,NA,NA
Great Sand Dunes,GRSA,CO,2014,4,April,2014-04-01,19024,NA,2.7,NA,NA
Great Sand Dunes,GRSA,CO,2014,5,May,2014-05-01,24460,NA,3.1,NA,NA
Great Sand Dunes,GRSA,CO,2014,6,June,2014-06-01,31254,NA,3,NA,NA
Great Sand Dunes,GRSA,CO,2014,7,July,2014-07-01,38048,NA,2.7,NA,NA
Great Sand Dunes,GRSA,CO,2014,8,August,2014-08-01,35331,NA,2.6,NA,NA
Great Sand Dunes,GRSA,CO,2014,9,September,2014-09-01,28536,NA,2.5,NA,NA
Great Sand Dunes,GRSA,CO,2014,10,October,2014-10-01,23101,NA,2.5,NA,NA
Great Sand Dunes,GRSA,CO,2014,11,November,2014-11-01,19024,NA,2.5,NA,NA
Great Sand Dunes,GRSA,CO,2014,12,December,2014-12-01,17665,NA,2.3,NA,NA
Great Sand Dunes,GRSA,CO,2015,1,January,2015-01-01,10483,NA,2.1,NA,NA
Great Sand Dunes,GRSA,CO,2015,2,February,2015-02-01,11981,NA,1.9,NA,NA
Great Sand Dunes,GRSA,CO,2015,3,March,2015-03-01,16473,NA,2.4,NA,NA
Great Sand Dunes,GRSA,CO,2015,4,April,2015-04-01,20966,NA,2.7,NA,NA
Great Sand Dunes,GRSA,CO,2015,5,May,2015-05-01,26956,NA,3.1,NA,NA
Great Sand Dunes,GRSA,CO,2015,6,June,2015-06-01,34444,NA,3,NA,NA
Great Sand Dunes,GRSA,CO,2015,7,July,2015-07-01,41932,NA,2.7,NA,NA
Great Sand Dunes,GRSA,CO,2015,8,August,2015-08-01,38937,NA,2.6,NA,NA
Great Sand Dunes,GRSA,CO,2015,9,September,2015-09-01,31449,NA,2.5,NA,NA
Great Sand Dunes,GRSA,CO,2015,10,October,2015-10-01,25459,NA,2.5,NA,NA
Great Sand Dunes,GRSA,CO,2015,11,November,2015-11-01,20966,NA,2.5,NA,NA
Great Sand Dunes,GRSA,CO,2015,12,December,2015-12-01,19468,NA,2.3,NA,NA
Great Sand Dunes,GRSA,CO,2016,1,January,2016-01-01,13591,NA,2.1,NA,NA
Great Sand Dunes,GRSA,CO,2016,2,February,2016-02-01,15532,NA,1.9,NA,NA
Great Sand Dunes,GRSA,CO,2016,3,March,2016-03-01,21357,NA,2.4,NA,NA
Great Sand Dunes,GRSA,CO,2016,4,April,2016-04-01,27182,NA,2.7,NA,NA
Great Sand Dunes,GRSA,CO,2016,5,May,2016-05-01,34948,NA,3.1,NA,NA
Great Sand Dunes,GRSA,CO,2016,6,June,2016-06-01,44655,NA,3,NA,NA
Great Sand Dunes,GRSA,CO,2016,7,July,2016-07-01,54363,NA,2.7,NA,NA
Great Sand Dunes,GRSA,CO,2016,8,August,2016-08-01,50480,NA,2.6,NA,NA
Great Sand Dunes,GRSA,CO,2016,9,September,2016-09-01,40772,NA,2.5,NA,NA
Great Sand Dunes,GRSA,CO,2016,10,October,2016-10-01,33006,NA,2.5,NA,NA
Great Sand Dunes,GRSA,CO,2016,11,November,2016-11-01,27182,NA,2.5,NA,NA
Great Sand Dunes,GRSA,CO,2016,12,December,2016-12-01,25240,NA,2.3,NA,NA
Guadalupe Mountains,GUMO,TX,2007,1,January,2007-01-01,5779,NA,2.1,NA,NA
Guadalupe Mountains,GUMO,TX,2007,2,February,2007-02-01,6604,NA,1.9,NA,NA
Guadalupe Mountains,GUMO,TX,2007,3,March,2007-03-01,9081,NA,2.4,NA,NA
Guadalupe Mountains,GUMO,TX,2007,4,April,2007-04-01,11558,NA,2.7,NA,NA
Guadalupe Mountains,GUMO,TX,2007,5,May,2007-05-01,14860,NA,3.1,NA,NA
Guadalupe Mountains,GUMO,TX,2007,6,June,2007-06-01,18988,NA,3,NA,NA
Guadalupe Mountains,GUMO,TX,2007,7,July,2007-07-01,23115,NA,2.7,NA,NA
Guadalupe Mountains,GUMO,TX,2007,8,August,2007-08-01,21464,NA,2.6,NA,NA
Guadalupe Mountains,GUMO,TX,2007,9,September,2007-09-01,17337,NA,2.5,NA,NA
Guadalupe Mountains,GUMO,TX,2007,10,October,2007-10-01,14034,NA,2.5,NA,NA
Guadalupe Mountains,GUMO,TX,2007,11,November,2007-11-01,11558,NA,2.5,NA,NA
Guadalupe Mountains,GUMO,TX,2007,12,December,2007-12-01,10732,NA,2.3,NA,NA
Guadalupe Mountains,GUMO,TX,2008,1,January,2008-01-01,5730,NA,2.1,NA,NA
Guadalupe Mountains,GUMO,TX,2008,2,February,2008-02-01,6548,NA,1.9,NA,NA
Guadalupe Mountains,GUMO,TX,2008,3,March,2008-03-01,9004,NA,2.4,NA,NA
Guadalupe Mountains,GUMO,TX,2008,4,April,2008-04-01,11460,NA,2.7,NA,NA
Guadalupe Mountains,GUMO,TX,2008,5,May,2008-05-01,14734,NA,3.1,NA,NA
Guadalupe Mountains,GUMO,TX,2008,6,June,2008-06-01,18827,NA,3,NA,NA
Guadalupe Mountains,GUMO,TX,2008,7,July,2008-07-01,22919,NA,2.7,NA,NA
Guadalupe Mountains,GUMO,TX,2008,8,August,2008-08-01,21282,NA,2.6,NA,NA
Guadalupe Mountains,GUMO,TX,2008,9,September,2008-09-01,17189,NA,2.5,NA,NA
Guadalupe Mountains,GUMO,TX,2008,10,October,2008-10-01,13915,NA,2.5,NA,NA
Guadalupe Mountains,GUMO,TX,2008,11,November,2008-11-01,11460,NA,2.5,NA,NA
Guadalupe Mountains,GUMO,TX,2008,12,December,2008-12-01,10641,NA,2.3,NA,NA
Guadalupe Mountains,GUMO,TX,2009,1,January,2009-01-01,6961,NA,2.1,NA,NA
Guadalupe Mountains,GUMO,TX,2009,2,February,2009-02-01,7955,NA,1.9,NA,NA
Guadalupe Mountains,GUMO,TX,2009,3,March,2009-03-01,10939,NA,2.4,NA,NA
Guadalupe Mountains,GUMO,TX,2009,4,April,2009-04-01,13922,NA,2.7,NA,NA
Guadalupe Mountains,GUMO,TX,2009,5,May,2009-05-01,17899,NA,3.1,NA,NA
Guadalupe Mountains,GUMO,TX,2009,6,June,2009-06-01,22871,NA,3,NA,NA
Guadalupe Mountains,GUMO,TX,2009,7,July,2009-07-01,27843,NA,2.7,NA,NA
Guadalupe Mountains,GUMO,TX,2009,8,August,2009-08-01,25855,NA,2.6,NA,NA
Guadalupe Mountains,GUMO,TX,2009,9,September,2009-09-01,20883,NA,2.5,NA,NA
Guadalupe Mountains,GUMO,TX,2009,10,October,2009-10-01,16905,NA,2.5,NA,NA
Guadalupe Mountains,GUMO,TX,2009,11,November,2009-11-01,13922,NA,2.5,NA,NA
Guadalupe Mountains,GUMO,TX,2009,12,December,2009-12-01,12927,NA,2.3,NA,NA
Guadalupe Mountains,GUMO,TX,2010,1,January,2010-01-01,6727,NA,2.1,NA,NA
Guadalupe Mountains,GUMO,TX,2010,2,February,2010-02-01,7688,NA,1.9,NA,NA
Guadalupe Mountains,GUMO,TX,2010,3,March,2010-03-01,10572,NA,2.4,NA,NA
Guadalupe Mountains,GUMO,TX,2010,4,April,2010-04-01,13455,NA,2.7,NA,NA
Guadalupe Mountains,GUMO,TX,2010,5,May,2010-05-01,17299,NA,3.1,NA,NA
Guadalupe Mountains,GUMO,TX,2010,6,June,2010-06-01,22104,NA,3,NA,NA
Guadalupe Mountains,GUMO,TX,2010,7,July,2010-07-01,26909,NA,2.7,NA,NA
Guadalupe Mountains,GUMO,TX,2010,8,August,2010-08-01,24987,NA,2.6,NA,NA
Guadalupe Mountains,GUMO,TX,2010,9,September,2010-09-01,20182,NA,2.5,NA,NA
Guadalupe Mountains,GUMO,TX,2010,10,October,2010-10-01,16338,NA,2.5,NA,NA
Guadalupe Mountains,GUMO,TX,2010,11,November,2010-11-01,13455,NA,2.5,NA,NA
Guadalupe Mountains,GUMO,TX,2010,12,December,2010-12-01,12494,NA,2.3,NA,NA
Guadalupe Mountains,GUMO,TX,2011,1,January,2011-01-01,5339,NA,2.1,NA,NA
Guadalupe Mountains,GUMO,TX,2011,2,February,2011-02-01,6102,NA,1.9,NA,NA
Guadalupe Mountains,GUMO,TX,2011,3,March,2011-03-01,8390,NA,2.4,NA,NA
Guadalupe Mountains,GUMO,TX,2011,4,April,2011-04-01,10678,NA,2.7,NA,NA
Guadalupe Mountains,GUMO,TX,2011,5,May,2011-05-01,13729,NA,3.1,NA,NA
Guadalupe Mountains,GUMO,TX,2011,6,June,2011-06-01,17543,NA,3,NA,NA
Guadalupe Mountains,GUMO,TX,2011,7,July,2011-07-01,21356,NA,2.7,NA,NA
Guadalupe Mountains,GUMO,TX,2011,8,August,2011-08-01,19831,NA,2.6,NA,NA
Guadalupe Mountains,GUMO,TX,2011,9,September,2011-09-01,16017,NA,2.5,NA,NA
Guadalupe Mountains,GUMO,TX,2011,10,October,2011-10-01,12966,NA,2.5,NA,NA
Guadalupe Mountains,GUMO,TX,2011,11,November,2011-11-01,10678,NA,2.5,NA,NA
Guadalupe Mountains,GUMO,TX,2011,12,December,2011-12-01,9915,NA,2.3,NA,NA
Guadalupe Mountains,GUMO,TX,2012,1,January,2012-01-01,5578,NA,2.1,NA,NA
Guadalupe Mountains,GUMO,TX,2012,2,February,2012-02-01,6374,NA,1.9,NA,NA
Guadalupe Mountains,GUMO,TX,2012,3,March,2012-03-01,8765,NA,2.4,NA,NA
Guadalupe Mountains,GUMO,TX,2012,4,April,2012-04-01,11155,NA,2.7,NA,NA
Guadalupe Mountains,GUMO,TX,2012,5,May,2012-05-01,14342,NA,3.1,NA,NA
Guadalupe Mountains,GUMO,TX,2012,6,June,2012-06-01,18326,NA,3,NA,NA
Guadalupe Mountains,GUMO,TX,2012,7,July,2012-07-01,22310,NA,2.7,NA,NA
Guadalupe Mountains,GUMO,TX,2012,8,August,2012-08-01,20717,NA,2.6,NA,NA
Guadalupe Mountains,GUMO,TX,2012,9,September,2012-09-01,16733,NA,2.5,NA,NA
Guadalupe Mountains,GUMO,TX,2012,10,October,2012-10-01,13546,NA,2.5,NA,NA
Guadalupe Mountains,GUMO,TX,2012,11,November,2012-11-01,11155,NA,2.5,NA,NA
Guadalupe Mountains,GUMO,TX,2012,12,December,2012-12-01,10358,NA,2.3,NA,NA
Guadalupe Mountains,GUMO,TX,2013,1,January,2013-01-01,5098,NA,2.1,NA,NA
Guadalupe Mountains,GUMO,TX,2013,2,February,2013-02-01,5827,NA,1.9,NA,NA
Guadalupe Mountains,GUMO,TX,2013,3,March,2013-03-01,8012,NA,2.4,NA,NA
Guadalupe Mountains,GUMO,TX,2013,4,April,2013-04-01,10197,NA,2.7,NA,NA
Guadalupe Mountains,GUMO,TX,2013,5,May,2013-05-01,13110,NA,3.1,NA,NA
Guadalupe Mountains,GUMO,TX,2013,6,June,2013-06-01,16752,NA,3,NA,NA
Guadalupe Mountains,GUMO,TX,2013,7,July,2013-07-01,20394,NA,2.7,NA,NA
Guadalupe Mountains,GUMO,TX,2013,8,August,2013-08-01,18937,NA,2.6,NA,NA
Guadalupe Mountains,GUMO,TX,2013,9,September,2013-09-01,15295,NA,2.5,NA,NA
Guadalupe Mountains,GUMO,TX,2013,10,October,2013-10-01,12382,NA,2.5,NA,NA
Guadalupe Mountains,GUMO,TX,2013,11,November,2013-11-01,10197,NA,2.5,NA,NA
Guadalupe Mountains,GUMO,TX,2013,12,December,2013-12-01,9469,NA,2.3,NA,NA
Guadalupe Mountains,GUMO,TX,2014,1,January,2014-01-01,5840,NA,2.1,NA,NA
Guadalupe Mountains,GUMO,TX,2014,2,February,2014-02-01,6675,NA,1.9,NA,NA
Guadalupe Mountains,GUMO,TX,2014,3,March,2014-03-01,9178,NA,2.4,NA,NA
Guadalupe Mountains,GUMO,TX,2014,4,April,2014-04-01,11681,NA,2.7,NA,NA
Guadalupe Mountains,GUMO,TX,2014,5,May,2014-05-01,15018,NA,3.1,NA,NA
Guadalupe Mountains,GUMO,TX,2014,6,June,2014-06-01,19190,NA,3,NA,NA
Guadalupe Mountains,GUMO,TX,2014,7,July,2014-07-01,23362,NA,2.7,NA,NA
Guadalupe Mountains,GUMO,TX,2014,8,August,2014-08-01,21693,NA,2.6,NA,NA
Guadalupe Mountains,GUMO,TX,2014,9,September,2014-09-01,17521,NA,2.5,NA,NA
Guadalupe Mountains,GUMO,TX,2014,10,October,2014-10-01,14184,NA,2.5,NA,NA
Guadalupe Mountains,GUMO,TX,2014,11,November,2014-11-01,11681,NA,2.5,NA,NA
Guadalupe Mountains,GUMO,TX,2014,12,December,2014-12-01,10846,NA,2.3,NA,NA
Guadalupe Mountains,GUMO,TX,2015,1,January,2015-01-01,5934,NA,2.1,NA,NA
Guadalupe Mountains,GUMO,TX,2015,2,February,2015-02-01,6781,NA,1.9,NA,NA
Guadalupe Mountains,GUMO,TX,2015,3,March,2015-03-01,9324,NA,2.4,NA,NA
Guadalupe Mountains,GUMO,TX,2015,4,April,2015-04-01,11867,NA,2.7,NA,NA
Guadalupe Mountains,GUMO,TX,2015,5,May,2015-05-01,15258,NA,3.1,NA,NA
Guadalupe Mountains,GUMO,TX,2015,6,June,2015-06-01,19497,NA,3,NA,NA
Guadalupe Mountains,GUMO,TX,2015,7,July,2015-07-01,23735,NA,2.7,NA,NA
Guadalupe Mountains,GUMO,TX,2015,8,August,2015-08-01,22040,NA,2.6,NA,NA
Guadalupe Mountains,GUMO,TX,2015,9,September,2015-09-01,17801,NA,2.5,NA,NA
Guadalupe Mountains,GUMO,TX,2015,10,October,2015-10-01,14410,NA,2.5,NA,NA
Guadalupe Mountains,GUMO,TX,2015,11,November,2015-11-01,11867,NA,2.5,NA,NA
Guadalupe Mountains,GUMO,TX,2015,12,December,2015-12-01,11020,NA,2.3,NA,NA
Guadalupe Mountains,GUMO,TX,2016,1,January,2016-01-01,6364,NA,2.1,NA,NA
Guadalupe Mountains,GUMO,TX,2016,2,February,2016-02-01,7274,NA,1.9,NA,NA
Guadalupe Mountains,GUMO,TX,2016,3,March,2016-03-01,10001,NA,2.4,NA,NA
Guadalupe Mountains,GUMO,TX,2016,4,April,2016-04-01,12729,NA,2.7,NA,NA
Guadalupe Mountains,GUMO,TX,2016,5,May,2016-05-01,16366,NA,3.1,NA,NA
Guadalupe Mountains,GUMO,TX,2016,6,June,2016-06-01,20911,NA,3,NA,NA
Guadalupe Mountains,GUMO,TX,2016,7,July,2016-07-01,25457,NA,2.7,NA,NA
Guadalupe Mountains,GUMO,TX,2016,8,August,2016-08-01,23639,NA,2.6,NA,NA
Guadalupe Mountains,GUMO,TX,2016,9,September,2016-09-01,19093,NA,2.5,NA,NA
Guadalupe Mountains,GUMO,TX,2016,10,October,2016-10-01,15456,NA,2.5,NA,NA
Guadalupe Mountains,GUMO,TX,2016,11,November,2016-11-01,12729,NA,2.5,NA,NA
Guadalupe Mountains,GUMO,TX,2016,12,December,2016-12-01,11820,NA,2.3,NA,NA
Haleakala,HALE,HI,2007,1,January,2007-01-01,46299,NA,2.1,NA,NA
Haleakala,HALE,HI,2007,2,February,2007-02-01,52913,NA,1.9,NA,NA
Haleakala,HALE,HI,2007,3,March,2007-03-01,72755,NA,2.4,NA,NA
Haleakala,HALE,HI,2007,4,April,2007-04-01,92597,NA,2.7,NA,NA
Haleakala,HALE,HI,2007,5,May,2007-05-01,119054,NA,3.1,NA,NA
Haleakala,HALE,HI,2007,6,June,2007-06-01,152124,NA,3,NA,NA
Haleakala,HALE,HI,2007,7,July,2007-07-01,185194,NA,2.7,NA,NA
Haleakala,HALE,HI,2007,8,August,2007-08-01,171966,NA,2.6,NA,NA
Haleakala,HALE,HI,2007,9,September,2007-09-01,138896,NA,2.5,NA,NA
Haleakala,HALE,HI,2007,10,October,2007-10-01,112439,NA,2.5,NA,NA
Haleakala,HALE,HI,2007,11,November,2007-11-01,92597,NA,2.5,NA,NA
Haleakala,HALE,HI,2007,12,December,2007-12-01,85983,NA,2.3,NA,NA
Haleakala,HALE,HI,2008,1,January,2008-01-01,41477,NA,2.1,NA,NA
Haleakala,HALE,HI,2008,2,February,2008-02-01,47403,NA,1.9,NA,NA
Haleakala,HALE,HI,2008,3,March,2008-03-01,65179,NA,2.4,NA,NA
Haleakala,HALE,HI,2008,4,April,2008-04-01,82955,NA,2.7,NA,NA
Haleakala,HALE,HI,2008,5,May,2008-05-01,106656,NA,3.1,NA,NA
Haleakala,HALE,HI,2008,6,June,2008-06-01,136283,NA,3,NA,NA
Haleakala,HALE,HI,2008,7,July,2008-07-01,165910,NA,2.7,NA,NA
Haleakala,HALE,HI,2008,8,August,2008-08-01,154059,NA,2.6,NA,NA
Haleakala,HALE,HI,2008,9,September,2008-09-01,124432,NA,2.5,NA,NA
Haleakala,HALE,HI,2008,10,October,2008-10-01,100731,NA,2.5,NA,NA
Haleakala,HALE,HI,2008,11,November,2008-11-01,82955,NA,2.5,NA,NA
Haleakala,HALE,HI,2008,12,December,2008-12-01,77029,NA,2.3,NA,NA
Haleakala,HALE,HI,2009,1,January,2009-01-01,38819,NA,2.1,NA,NA
Haleakala,HALE,HI,2009,2,February,2009-02-01,44364,NA,1.9,NA,NA
Haleakala,HALE,HI,2009,3,March,2009-03-01,61001,NA,2.4,NA,NA
Haleakala,HALE,HI,2009,4,April,2009-04-01,77637,NA,2.7,NA,NA
Haleakala,HALE,HI,2009,5,May,2009-05-01,99819,NA,3.1,NA,NA
Haleakala,HALE,HI,2009,6,June,2009-06-01,127547,NA,3,NA,NA
Haleakala,HALE,HI,2009,7,July,2009-07-01,155275,NA,2.7,NA,NA
Haleakala,HALE,HI,2009,8,August,2009-08-01,144184,NA,2.6,NA,NA
Haleakala,HALE,HI,2009,9,September,2009-09-01,116456,NA,2.5,NA,NA
Haleakala,HALE,HI,2009,10,October,2009-10-01,94274,NA,2.5,NA,NA
Haleakala,HALE,HI,2009,11,November,2009-11-01,77637,NA,2.5,NA,NA
Haleakala,HALE,HI,2009,12,December,2009-12-01,72092,NA,2.3,NA,NA
Haleakala,HALE,HI,2010,1,January,2010-01-01,38696,NA,2.1,NA,NA
Haleakala,HALE,HI,2010,2,February,2010-02-01,44224,NA,1.9,NA,NA
Haleakala,HALE,HI,2010,3,March,2010-03-01,60808,NA,2.4,NA,NA
Haleakala,HALE,HI,2010,4,April,2010-04-01,77392,NA,2.7,NA,NA
Haleakala,HALE,HI,2010,5,May,2010-05-01,99505,NA,3.1,NA,NA
Haleakala,HALE,HI,2010,6,June,2010-06-01,127145,NA,3,NA,NA
Haleakala,HALE,HI,2010,7,July,2010-07-01,154785,NA,2.7,NA,NA
Haleakala,HALE,HI,2010,8,August,2010-08-01,143729,NA,2.6,NA,NA
Haleakala,HALE,HI,2010,9,September,2010-09-01,116089,NA,2.5,NA,NA
Haleakala,HALE,HI,2010,10,October,2010-10-01,93977,NA,2.5,NA,NA
Haleakala,HALE,HI,2010,11,November,2010-11-01,77392,NA,2.5,NA,NA
Haleakala,HALE,HI,2010,12,December,2010-12-01,71864,NA,2.3,NA,NA
Haleakala,HALE,HI,2011,1,January,2011-01-01,33495,NA,2.1,NA,NA
Haleakala,HALE,HI,2011,2,February,2011-02-01,38280,NA,1.9,NA,NA
Haleakala,HALE,HI,2011,3,March,2011-03-01,52634,NA,2.4,NA,NA
Haleakala,HALE,HI,2011,4,April,2011-04-01,66989,NA,2.7,NA,NA
Haleakala,HALE,HI,2011,5,May,2011-05-01,86129,NA,3.1,NA,NA
Haleakala,HALE,HI,2011,6,June,2011-06-01,110054,NA,3,NA,NA
Haleakala,HALE,HI,2011,7,July,2011-07-01,133978,NA,2.7,NA,NA
Haleakala,HALE,HI,2011,8,August,2011-08-01,124409,NA,2.6,NA,NA
Haleakala,HALE,HI,2011,9,September,2011-09-01,100484,NA,2.5,NA,NA
Haleakala,HALE,HI,2011,10,October,2011-10-01,81344,NA,2.5,NA,NA
Haleakala,HALE,HI,2011,11,November,2011-11-01,66989,NA,2.5,NA,NA
Haleakala,HALE,HI,2011,12,December,2011-12-01,62204,NA,2.3,NA,NA
Haleakala,HALE,HI,2012,1,January,2012-01-01,38313,NA,2.1,NA,NA
Haleakala,HALE,HI,2012,2,February,2012-02-01,43787,NA,1.9,NA,NA
Haleakala,HALE,HI,2012,3,March,2012-03-01,60207,NA,2.4,NA,NA
Haleakala,HALE,HI,2012,4,April,2012-04-01,76627,NA,2.7,NA,NA
Haleakala,HALE,HI,2012,5,May,2012-05-01,98520,NA,3.1,NA,NA
Haleakala,HALE,HI,2012,6,June,2012-06-01,125887,NA,3,NA,NA
Haleakala,HALE,HI,2012,7,July,2012-07-01,153254,NA,2.7,NA,NA
Haleakala,HALE,HI,2012,8,August,2012-08-01,142307,NA,2.6,NA,NA
Haleakala,HALE,HI,2012,9,September,2012-09-01,114940,NA,2.5,NA,NA
Haleakala,HALE,HI,2012,10,October,2012-10-01,93047,NA,2.5,NA,NA
Haleakala,HALE,HI,2012,11,November,2012-11-01,76627,NA,2.5,NA,NA
Haleakala,HALE,HI,2012,12,December,2012-12-01,71153,NA,2.3,NA,NA
Haleakala,HALE,HI,2013,1,January,2013-01-01,27486,NA,2.1,NA,NA
Haleakala,HALE,HI,2013,2,February,2013-02-01,31412,NA,1.9,NA,NA
Haleakala,HALE,HI,2013,3,March,2013-03-01,43192,NA,2.4,NA,NA
Haleakala,HALE,HI,2013,4,April,2013-04-01,54971,NA,2.7,NA,NA
Haleakala,HALE,HI,2013,5,May,2013-05-01,70677,NA,3.1,NA,NA
Haleakala,HALE,HI,2013,6,June,2013-06-01,90310,NA,3,NA,NA
Haleakala,HALE,HI,2013,7,July,2013-07-01,109942,NA,2.7,NA,NA
Haleakala,HALE,HI,2013,8,August,2013-08-01,102089,NA,2.6,NA,NA
Haleakala,HALE,HI,2013,9,September,2013-09-01,82456,NA,2.5,NA,NA
Haleakala,HALE,HI,2013,10,October,2013-10-01,66750,NA,2.5,NA,NA
Haleakala,HALE,HI,2013,11,November,2013-11-01,54971,NA,2.5,NA,NA
Haleakala,HALE,HI,2013,12,December,2013-12-01,51044,NA,2.3,NA,NA
Haleakala,HALE,HI,2014,1,January,2014-01-01,39971,NA,2.1,NA,NA
Haleakala,HALE,HI,2014,2,February,2014-02-01,45682,NA,1.9,NA,NA
Haleakala,HALE,HI,2014,3,March,2014-03-01,62812,NA,2.4,NA,NA
Haleakala,HALE,HI,2014,4,April,2014-04-01,79943,NA,2.7,NA,NA
Haleakala,HALE,HI,2014,5,May,2014-05-01,102784,NA,3.1,NA,NA
Haleakala,HALE,HI,2014,6,June,2014-06-01,131335,NA,3,NA,NA
Haleakala,HALE,HI,2014,7,July,2014-07-01,159886,NA,2.7,NA,NA
Haleakala,HALE,HI,2014,8,August,2014-08-01,148465,NA,2.6,NA,NA
Haleakala,HALE,HI,2014,9,September,2014-09-01,119914,NA,2.5,NA,NA
Haleakala,HALE,HI,2014,10,October,2014-10-01,97073,NA,2.5,NA,NA
Haleakala,HALE,HI,2014,11,November,2014-11-01,79943,NA,2.5,NA,NA
Haleakala,HALE,HI,2014,12,December,2014-12-01,74233,NA,2.3,NA,NA
Haleakala,HALE,HI,2015,1,January,2015-01-01,42587,NA,2.1,NA,NA
Haleakala,HALE,HI,2015,2,February,2015-02-01,48671,NA,1.9,NA,NA
Haleakala,HALE,HI,2015,3,March,2015-03-01,66922,NA,2.4,NA,NA
Haleakala,HALE,HI,2015,4,April,2015-04-01,85174,NA,2.7,NA,NA
Haleakala,HALE,HI,2015,5,May,2015-05-01,109509,NA,3.1,NA,NA
Haleakala,HALE,HI,2015,6,June,2015-06-01,139929,NA,3,NA,NA
Haleakala,HALE,HI,2015,7,July,2015-07-01,170348,NA,2.7,NA,NA
Haleakala,HALE,HI,2015,8,August,2015-08-01,158180,NA,2.6,NA,NA
Haleakala,HALE,HI,2015,9,September,2015-09-01,127761,NA,2.5,NA,NA
Haleakala,HALE,HI,2015,10,October,2015-10-01,103426,NA,2.5,NA,NA
Haleakala,HALE,HI,2015,11,November,2015-11-01,85174,NA,2.5,NA,NA
Haleakala,HALE,HI,2015,12,December,2015-12-01,79090,NA,2.3,NA,NA
Haleakala,HALE,HI,2016,1,January,2016-01-01,44225,NA,2.1,NA,NA
Haleakala,HALE,HI,2016,2,February,2016-02-01,50542,NA,1.9,NA,NA
Haleakala,HALE,HI,2016,3,March,2016-03-01,69496,NA,2.4,NA,NA
Haleakala,HALE,HI,2016,4,April,2016-04-01,88449,NA,2.7,NA,NA
Haleakala,HALE,HI,2016,5,May,2016-05-01,113720,NA,3.1,NA,NA
Haleakala,HALE,HI,2016,6,June,2016-06-01,145309,NA,3,NA,NA
Haleakala,HALE,HI,2016,7,July,2016-07-01,176898,NA,2.7,NA,NA
Haleakala,HALE,HI,2016,8,August,2016-08-01,164263,NA,2.6,NA,NA
Haleakala,HALE,HI,2016,9,September,2016-09-01,132674,NA,2.5,NA,NA
Haleakala,HALE,HI,2016,10,October,2016-10-01,107402,NA,2.5,NA,NA
Haleakala,HALE,HI,2016,11,November,2016-11-01,88449,NA,2.5,NA,NA
Haleakala,HALE,HI,2016,12,December,2016-12-01,82131,NA,2.3,NA,NA
Hawai'i Volcanoes,HAVO,HI,2007,1,January,2007-01-01,51372,NA,2.1,NA,NA
Hawai'i Volcanoes,HAVO,HI,2007,2,February,2007-02-01,58711,NA,1.9,NA,NA
Hawai'i Volcanoes,HAVO,HI,2007,3,March,2007-03-01,80728,NA,2.4,NA,NA
Hawai'i Volcanoes,HAVO,HI,2007,4,April,2007-04-01,102745,NA,2.7,NA,NA
Hawai'i Volcanoes,HAVO,HI,2007,5,May,2007-05-01,132100,NA,3.1,NA,NA
Hawai'i Volcanoes,HAVO,HI,2007,6,June,2007-06-01,168795,NA,3,NA,NA
Hawai'i Volcanoes,HAVO,HI,2007,7,July,2007-07-01,205489,NA,2.7,NA,NA
Hawai'i Volcanoes,HAVO,HI,2007,8,August,2007-08-01,190811,NA,2.6,NA,NA
Hawai'i Volcanoes,HAVO,HI,2007,9,September,2007-09-01,154117,NA,2.5,NA,NA
Hawai'i Volcanoes,HAVO,HI,2007,10,October,2007-10-01,124761,NA,2.5,NA,NA
Hawai'i Volcanoes,HAVO,HI,2007,11,November,2007-11-01,102745,NA,2.5,NA,NA
Hawai'i Volcanoes,HAVO,HI,2007,12,December,2007-12-01,95406,NA,2.3,NA,NA
Hawai'i Volcanoes,HAVO,HI,2008,1,January,2008-01-01,44469,NA,2.1,NA,NA
Hawai'i Volcanoes,HAVO,HI,2008,2,February,2008-02-01,50822,NA,1.9,NA,NA
Hawai'i Volcanoes,HAVO,HI,2008,3,March,2008-03-01,69880,NA,2.4,NA,NA
Hawai'i Volcanoes,HAVO,HI,2008,4,April,2008-04-01,88938,NA,2.7,NA,NA
Hawai'i Volcanoes,HAVO,HI,2008,5,May,2008-05-01,114348,NA,3.1,NA,NA
Hawai'i Volcanoes,HAVO,HI,2008,6,June,2008-06-01,146112,NA,3,NA,NA
Hawai'i Volcanoes,HAVO,HI,2008,7,July,2008-07-01,177875,NA,2.7,NA,NA
Hawai'i Volcanoes,HAVO,HI,2008,8,August,2008-08-01,165170,NA,2.6,NA,NA
Hawai'i Volcanoes,HAVO,HI,2008,9,September,2008-09-01,133406,NA,2.5,NA,NA
Hawai'i Volcanoes,HAVO,HI,2008,10,October,2008-10-01,107996,NA,2.5,NA,NA
Hawai'i Volcanoes,HAVO,HI,2008,11,November,2008-11-01,88938,NA,2.5,NA,NA
Hawai'i Volcanoes,HAVO,HI,2008,12,December,2008-12-01,82585,NA,2.3,NA,NA
Hawai'i Volcanoes,HAVO,HI,2009,1,January,2009-01-01,43159,NA,2.1,NA,NA
Hawai'i Volcanoes,HAVO,HI,2009,2,February,2009-02-01,49324,NA,1.9,NA,NA
Hawai'i Volcanoes,HAVO,HI,2009,3,March,2009-03-01,67821,NA,2.4,NA,NA
Hawai'i Volcanoes,HAVO,HI,2009,4,April,2009-04-01,86317,NA,2.7,NA,NA
Hawai'i Volcanoes,HAVO,HI,2009,5,May,2009-05-01,110979,NA,3.1,NA,NA
Hawai'i Volcanoes,HAVO,HI,2009,6,June,2009-06-01,141807,NA,3,NA,NA
Hawai'i Volcanoes,HAVO,HI,2009,7,July,2009-07-01,172635,NA,2.7,NA,NA
Hawai'i Volcanoes,HAVO,HI,2009,8,August,2009-08-01,160304,NA,2.6,NA,NA
Hawai'i Volcanoes,HAVO,HI,2009,9,September,2009-09-01,129476,NA,2.5,NA,NA
Hawai'i Volcanoes,HAVO,HI,2009,10,October,2009-10-01,104814,NA,2.5,NA,NA
Hawai'i Volcanoes,HAVO,HI,2009,11,November,2009-11-01,86317,NA,2.5,NA,NA
Hawai'i Volcanoes,HAVO,HI,2009,12,December,2009-12-01,80152,NA,2.3,NA,NA
Hawai'i Volcanoes,HAVO,HI,2010,1,January,2010-01-01,45663,NA,2.1,NA,NA
Hawai'i Volcanoes,HAVO,HI,2010,2,February,2010-02-01,52187,NA,1.9,NA,NA
Hawai'i Volcanoes,HAVO,HI,2010,3,March,2010-03-01,71757,NA,2.4,NA,NA
Hawai'i Volcanoes,HAVO,HI,2010,4,April,2010-04-01,91327,NA,2.7,NA,NA
Hawai'i Volcanoes,HAVO,HI,2010,5,May,2010-05-01,117420,NA,3.1,NA,NA
Hawai'i Volcanoes,HAVO,HI,2010,6,June,2010-06-01,150037,NA,3,NA,NA
Hawai'i Volcanoes,HAVO,HI,2010,7,July,2010-07-01,182653,NA,2.7,NA,NA
Hawai'i Volcanoes,HAVO,HI,2010,8,August,2010-08-01,169607,NA,2.6,NA,NA
Hawai'i Volcanoes,HAVO,HI,2010,9,September,2010-09-01,136990,NA,2.5,NA,NA
Hawai'i Volcanoes,HAVO,HI,2010,10,October,2010-10-01,110897,NA,2.5,NA,NA
Hawai'i Volcanoes,HAVO,HI,2010,11,November,2010-11-01,91327,NA,2.5,NA,NA
Hawai'i Volcanoes,HAVO,HI,2010,12,December,2010-12-01,84803,NA,2.3,NA,NA
Hawai'i Volcanoes,HAVO,HI,2011,1,January,2011-01-01,47324,NA,2.1,NA,NA
Hawai'i Volcanoes,HAVO,HI,2011,2,February,2011-02-01,54085,NA,1.9,NA,NA
Hawai'i Volcanoes,HAVO,HI,2011,3,March,2011-03-01,74367,NA,2.4,NA,NA
Hawai'i Volcanoes,HAVO,HI,2011,4,April,2011-04-01,94649,NA,2.7,NA,NA
Hawai'i Volcanoes,HAVO,HI,2011,5,May,2011-05-01,121691,NA,3.1,NA,NA
Hawai'i Volcanoes,HAVO,HI,2011,6,June,2011-06-01,155494,NA,3,NA,NA
Hawai'i Volcanoes,HAVO,HI,2011,7,July,2011-07-01,189297,NA,2.7,NA,NA
Hawai'i Volcanoes,HAVO,HI,2011,8,August,2011-08-01,175776,NA,2.6,NA,NA
Hawai'i Volcanoes,HAVO,HI,2011,9,September,2011-09-01,141973,NA,2.5,NA,NA
Hawai'i Volcanoes,HAVO,HI,2011,10,October,2011-10-01,114930,NA,2.5,NA,NA
Hawai'i Volcanoes,HAVO,HI,2011,11,November,2011-11-01,94649,NA,2.5,NA,NA
Hawai'i Volcanoes,HAVO,HI,2011,12,December,2011-12-01,87888,NA,2.3,NA,NA
Hawai'i Volcanoes,HAVO,HI,2012,1,January,2012-01-01,51937,NA,2.1,NA,NA
Hawai'i Volcanoes,HAVO,HI,2012,2,February,2012-02-01,59357,NA,1.9,NA,NA
Hawai'i Volcanoes,HAVO,HI,2012,3,March,2012-03-01,81616,NA,2.4,NA,NA
Hawai'i Volcanoes,HAVO,HI,2012,4,April,2012-04-01,103875,NA,2.7,NA,NA
Hawai'i Volcanoes,HAVO,HI,2012,5,May,2012-05-01,133554,NA,3.1,NA,NA
Hawai'i Volcanoes,HAVO,HI,2012,6,June,2012-06-01,170652,NA,3,NA,NA
Hawai'i Volcanoes,HAVO,HI,2012,7,July,2012-07-01,207750,NA,2.7,NA,NA
Hawai'i Volcanoes,HAVO,HI,2012,8,August,2012-08-01,192911,NA,2.6,NA,NA
Hawai'i Volcanoes,HAVO,HI,2012,9,September,2012-09-01,155812,NA,2.5,NA,NA
Hawai'i Volcanoes,HAVO,HI,2012,10,October,2012-10-01,126134,NA,2.5,NA,NA
Hawai'i Volcanoes,HAVO,HI,2012,11,November,2012-11-01,103875,NA,2.5,NA,NA
Hawai'i Volcanoes,HAVO,HI,2012,12,December,2012-12-01,96455,NA,2.3,NA,NA
Hawai'i Volcanoes,HAVO,HI,2013,1,January,2013-01-01,55412,NA,2.1,NA,NA
Hawai'i Volcanoes,HAVO,HI,2013,2,February,2013-02-01,63328,NA,1.9,NA,NA
Hawai'i Volcanoes,HAVO,HI,2013,3,March,2013-03-01,87076,NA,2.4,NA,NA
Hawai'i Volcanoes,HAVO,HI,2013,4,April,2013-04-01,110825,NA,2.7,NA,NA
Hawai'i Volcanoes,HAVO,HI,2013,5,May,2013-05-01,142489,NA,3.1,NA,NA
Hawai'i Volcanoes,HAVO,HI,2013,6,June,2013-06-01,182069,NA,3,NA,NA
Hawai'i Volcanoes,HAVO,HI,2013,7,July,2013-07-01,221649,NA,2.7,NA,NA
Hawai'i Volcanoes,HAVO,HI,2013,8,August,2013-08-01,205817,NA,2.6,NA,NA
Hawai'i Volcanoes,HAVO,HI,2013,9,September,2013-09-01,166237,NA,2.5,NA,NA
Hawai'i Volcanoes,HAVO,HI,2013,10,October,2013-10-01,134573,NA,2.5,NA,NA
Hawai'i Volcanoes,HAVO,HI,2013,11,November,2013-11-01,110825,NA,2.5,NA,NA
Hawai'i Volcanoes,HAVO,HI,2013,12,December,2013-12-01,102909,NA,2.3,NA,NA
Hawai'i Volcanoes,HAVO,HI,2014,1,January,2014-01-01,59255,NA,2.1,NA,NA
Hawai'i Volcanoes,HAVO,HI,2014,2,February,2014-02-01,67720,NA,1.9,NA,NA
Hawai'i Volcanoes,HAVO,HI,2014,3,March,2014-03-01,93115,NA,2.4,NA,NA
Hawai'i Volcanoes,HAVO,HI,2014,4,April,2014-04-01,118510,NA,2.7,NA,NA
Hawai'i Volcanoes,HAVO,HI,2014,5,May,2014-05-01,152370,NA,3.1,NA,NA
Hawai'i Volcanoes,HAVO,HI,2014,6,June,2014-06-01,194696,NA,3,NA,NA
Hawai'i Volcanoes,HAVO,HI,2014,7,July,2014-07-01,237021,NA,2.7,NA,NA
Hawai'i Volcanoes,HAVO,HI,2014,8,August,2014-08-01,220091,NA,2.6,NA,NA
Hawai'i Volcanoes,HAVO,HI,2014,9,September,2014-09-01,177766,NA,2.5,NA,NA
Hawai'i Volcanoes,HAVO,HI,2014,10,October,2014-10-01,143905,NA,2.5,NA,NA
Hawai'i Volcanoes,HAVO,HI,2014,11,November,2014-11-01,118510,NA,2.5,NA,NA
Hawai'i Volcanoes,HAVO,HI,2014,12,December,2014-12-01,110045,NA,2.3,NA,NA
Hawai'i Volcanoes,HAVO,HI,2015,1,January,2015-01-01,64143,NA,2.1,NA,NA
Hawai'i Volcanoes,HAVO,HI,2015,2,February,2015-02-01,73306,NA,1.9,NA,NA
Hawai'i Volcanoes,HAVO,HI,2015,3,March,2015-03-01,100796,NA,2.4,NA,NA
Hawai'i Volcanoes,HAVO,HI,2015,4,April,2015-04-01,128286,NA,2.7,NA,NA
Hawai'i Volcanoes,HAVO,HI,2015,5,May,2015-05-01,164939,NA,3.1,NA,NA
Hawai'i Volcanoes,HAVO,HI,2015,6,June,2015-06-01,210756,NA,3,NA,NA
Hawai'i Volcanoes,HAVO,HI,2015,7,July,2015-07-01,256572,NA,2.7,NA,NA
Hawai'i Volcanoes,HAVO,HI,2015,8,August,2015-08-01,238246,NA,2.6,NA,NA
Hawai'i Volcanoes,HAVO,HI,2015,9,September,2015-09-01,192429,NA,2.5,NA,NA
Hawai'i Volcanoes,HAVO,HI,2015,10,October,2015-10-01,155776,NA,2.5,NA,NA
Hawai'i Volcanoes,HAVO,HI,2015,11,November,2015-11-01,128286,NA,2.5,NA,NA
Hawai'i Volcanoes,HAVO,HI,2015,12,December,2015-12-01,119123,NA,2.3,NA,NA
Hawai'i Volcanoes,HAVO,HI,2016,1,January,2016-01-01,66065,NA,2.1,NA,NA
Hawai'i Volcanoes,HAVO,HI,2016,2,February,2016-02-01,75503,NA,1.9,NA,NA
Hawai'i Volcanoes,HAVO,HI,2016,3,March,2016-03-01,103817,NA,2.4,NA,NA
Hawai'i Volcanoes,HAVO,HI,2016,4,April,2016-04-01,132131,NA,2.7,NA,NA
Hawai'i Volcanoes,HAVO,HI,2016,5,May,2016-05-01,169882,NA,3.1,NA,NA
Hawai'i Volcanoes,HAVO,HI,2016,6,June,2016-06-01,217072,NA,3,NA,NA
Hawai'i Volcanoes,HAVO,HI,2016,7,July,2016-07-01,264261,NA,2.7,NA,NA
Hawai'i Volcanoes,HAVO,HI,2016,8,August,2016-08-01,245385,NA,2.6,NA,NA
Hawai'i Volcanoes,HAVO,HI,2016,9,September,2016-09-01,198196,NA,2.5,NA,NA
Hawai'i Volcanoes,HAVO,HI,2016,10,October,2016-10-01,160444,NA,2.5,NA,NA
Hawai'i Volcanoes,HAVO,HI,2016,11,November,2016-11-01,132131,NA,2.5,NA,NA
Hawai'i Volcanoes,HAVO,HI,2016,12,December,2016-12-01,122693,NA,2.3,NA,NA
Hot Springs,HOSP,AR,2007,1,January,2007-01-01,45505,NA,2.1,NA,NA
Hot Springs,HOSP,AR,2007,2,February,2007-02-01,52006,NA,1.9,NA,NA
Hot Springs,HOSP,AR,2007,3,March,2007-03-01,71508,NA,2.4,NA,NA
Hot Springs,HOSP,AR,2007,4,April,2007-04-01,91011,NA,2.7,NA,NA
Hot Springs,HOSP,AR,2007,5,May,2007-05-01,117014,NA,3.1,NA,NA
Hot Springs,HOSP,AR,2007,6,June,2007-06-01,149517,NA,3,NA,NA
Hot Springs,HOSP,AR,2007,7,July,2007-07-01,182021,NA,2.7,NA,NA
Hot Springs,HOSP,AR,2007,8,August,2007-08-01,169020,NA,2.6,NA,NA
Hot Springs,HOSP,AR,2007,9,September,2007-09-01,136516,NA,2.5,NA,NA
Hot Springs,HOSP,AR,2007,10,October,2007-10-01,110513,NA,2.5,NA,NA
Hot Springs,HOSP,AR,2007,11,November,2007-11-01,91011,NA,2.5,NA,NA
Hot Springs,HOSP,AR,2007,12,December,2007-12-01,84510,NA,2.3,NA,NA
Hot Springs,HOSP,AR,2008,1,January,2008-01-01,43335,NA,2.1,NA,NA
Hot Springs,HOSP,AR,2008,2,February,2008-02-01,49526,NA,1.9,NA,NA
Hot Springs,HOSP,AR,2008,3,March,2008-03-01,68098,NA,2.4,NA,NA
Hot Springs,HOSP,AR,2008,4,April,2008-04-01,86670,NA,2.7,NA,NA
Hot Springs,HOSP,AR,2008,5,May,2008-05-01,111433,NA,3.1,NA,NA
Hot Springs,HOSP,AR,2008,6,June,2008-06-01,142387,NA,3,NA,NA
Hot Springs,HOSP,AR,2008,7,July,2008-07-01,173341,NA,2.7,NA,NA
Hot Springs,HOSP,AR,2008,8,August,2008-08-01,160959,NA,2.6,NA,NA
Hot Springs,HOSP,AR,2008,9,September,2008-09-01,130005,NA,2.5,NA,NA
Hot Springs,HOSP,AR,2008,10,October,2008-10-01,105242,NA,2.5,NA,NA
Hot Springs,HOSP,AR,2008,11,November,2008-11-01,86670,NA,2.5,NA,NA
Hot Springs,HOSP,AR,2008,12,December,2008-12-01,80480,NA,2.3,NA,NA
Hot Springs,HOSP,AR,2009,1,January,2009-01-01,44965,NA,2.1,NA,NA
Hot Springs,HOSP,AR,2009,2,February,2009-02-01,51388,NA,1.9,NA,NA
Hot Springs,HOSP,AR,2009,3,March,2009-03-01,70659,NA,2.4,NA,NA
Hot Springs,HOSP,AR,2009,4,April,2009-04-01,89929,NA,2.7,NA,NA
Hot Springs,HOSP,AR,2009,5,May,2009-05-01,115624,NA,3.1,NA,NA
Hot Springs,HOSP,AR,2009,6,June,2009-06-01,147741,NA,3,NA,NA
Hot Springs,HOSP,AR,2009,7,July,2009-07-01,179859,NA,2.7,NA,NA
Hot Springs,HOSP,AR,2009,8,August,2009-08-01,167012,NA,2.6,NA,NA
Hot Springs,HOSP,AR,2009,9,September,2009-09-01,134894,NA,2.5,NA,NA
Hot Springs,HOSP,AR,2009,10,October,2009-10-01,109200,NA,2.5,NA,NA
Hot Springs,HOSP,AR,2009,11,November,2009-11-01,89929,NA,2.5,NA,NA
Hot Springs,HOSP,AR,2009,12,December,2009-12-01,83506,NA,2.3,NA,NA
Hot Springs,HOSP,AR,2010,1,January,2010-01-01,45913,NA,2.1,NA,NA
Hot Springs,HOSP,AR,2010,2,February,2010-02-01,52472,NA,1.9,NA,NA
Hot Springs,HOSP,AR,2010,3,March,2010-03-01,72149,NA,2.4,NA,NA
Hot Springs,HOSP,AR,2010,4,April,2010-04-01,91826,NA,2.7,NA,NA
Hot Springs,HOSP,AR,2010,5,May,2010-05-01,118063,NA,3.1,NA,NA
Hot Springs,HOSP,AR,2010,6,June,2010-06-01,150858,NA,3,NA,NA
Hot Springs,HOSP,AR,2010,7,July,2010-07-01,183653,NA,2.7,NA,NA
Hot Springs,HOSP,AR,2010,8,August,2010-08-01,170535,NA,2.6,NA,NA
Hot Springs,HOSP,AR,2010,9,September,2010-09-01,137740,NA,2.5,NA,NA
Hot Springs,HOSP,AR,2010,10,October,2010-10-01,111504,NA,2.5,NA,NA
Hot Springs,HOSP,AR,2010,11,November,2010-11-01,91826,NA,2.5,NA,NA
Hot Springs,HOSP,AR,2010,12,December,2010-12-01,85267,NA,2.3,NA,NA
Hot Springs,HOSP,AR,2011,1,January,2011-01-01,48872,NA,2.1,NA,NA
Hot Springs,HOSP,AR,2011,2,February,2011-02-01,55854,NA,1.9,NA,NA
Hot Springs,HOSP,AR,2011,3,March,2011-03-01,76799,NA,2.4,NA,NA
Hot Springs,HOSP,AR,2011,4,April,2011-04-01,97745,NA,2.7,NA,NA
Hot Springs,HOSP,AR,2011,5,May,2011-05-01,125672,NA,3.1,NA,NA
Hot Springs,HOSP,AR,2011,6,June,2011-06-01,160581,NA,3,NA,NA
Hot Springs,HOSP,AR,2011,7,July,2011-07-01,195490,NA,2.7,NA,NA
Hot Springs,HOSP,AR,2011,8,August,2011-08-01,181526,NA,2.6,NA,NA
Hot Springs,HOSP,AR,2011,9,September,2011-09-01,146617,NA,2.5,NA,NA
Hot Springs,HOSP,AR,2011,10,October,2011-10-01,118690,NA,2.5,NA,NA
Hot Springs,HOSP,AR,2011,11,November,2011-11-01,97745,NA,2.5,NA,NA
Hot Springs,HOSP,AR,2011,12,December,2011-12-01,90763,NA,2.3,NA,NA
Hot Springs,HOSP,AR,2012,1,January,2012-01-01,45588,NA,2.1,NA,NA
Hot Springs,HOSP,AR,2012,2,February,2012-02-01,52100,NA,1.9,NA,NA
Hot Springs,HOSP,AR,2012,3,March,2012-03-01,71638,NA,2.4,NA,NA
Hot Springs,HOSP,AR,2012,4,April,2012-04-01,91175,NA,2.7,NA,NA
Hot Springs,HOSP,AR,2012,5,May,2012-05-01,117225,NA,3.1,NA,NA
Hot Springs,HOSP,AR,2012,6,June,2012-06-01,149788,NA,3,NA,NA
Hot Springs,HOSP,AR,2012,7,July,2012-07-01,182351,NA,2.7,NA,NA
Hot Springs,HOSP,AR,2012,8,August,2012-08-01,169326,NA,2.6,NA,NA
Hot Springs,HOSP,AR,2012,9,September,2012-09-01,136763,NA,2.5,NA,NA
Hot Springs,HOSP,AR,2012,10,October,2012-10-01,110713,NA,2.5,NA,NA
Hot Springs,HOSP,AR,2012,11,November,2012-11-01,91175,NA,2.5,NA,NA
Hot Springs,HOSP,AR,2012,12,December,2012-12-01,84663,NA,2.3,NA,NA
Hot Springs,HOSP,AR,2013,1,January,2013-01-01,46400,NA,2.1,NA,NA
Hot Springs,HOSP,AR,2013,2,February,2013-02-01,53029,NA,1.9,NA,NA
Hot Springs,HOSP,AR,2013,3,March,2013-03-01,72915,NA,2.4,NA,NA
Hot Springs,HOSP,AR,2013,4,April,2013-04-01,92800,NA,2.7,NA,NA
Hot Springs,HOSP,AR,2013,5,May,2013-05-01,119315,NA,3.1,NA,NA
Hot Springs,HOSP,AR,2013,6,June,2013-06-01,152458,NA,3,NA,NA
Hot Springs,HOSP,AR,2013,7,July,2013-07-01,185601,NA,2.7,NA,NA
Hot Springs,HOSP,AR,2013,8,August,2013-08-01,172343,NA,2.6,NA,NA
Hot Springs,HOSP,AR,2013,9,September,2013-09-01,139200,NA,2.5,NA,NA
Hot Springs,HOSP,AR,2013,10,October,2013-10-01,112686,NA,2.5,NA,NA
Hot Springs,HOSP,AR,2013,11,November,2013-11-01,92800,NA,2.5,NA,NA
Hot Springs,HOSP,AR,2013,12,December,2013-12-01,86172,NA,2.3,NA,NA
Hot Springs,HOSP,AR,2014,1,January,2014-01-01,49857,NA,2.1,NA,NA
Hot Springs,HOSP,AR,2014,2,February,2014-02-01,56979,NA,1.9,NA,NA
Hot Springs,HOSP,AR,2014,3,March,2014-03-01,78347,NA,2.4,NA,NA
Hot Springs,HOSP,AR,2014,4,April,2014-04-01,99714,NA,2.7,NA,NA
Hot Springs,HOSP,AR,2014,5,May,2014-05-01,128204,NA,3.1,NA,NA
Hot Springs,HOSP,AR,2014,6,June,2014-06-01,163816,NA,3,NA,NA
Hot Springs,HOSP,AR,2014,7,July,2014-07-01,199428,NA,2.7,NA,NA
Hot Springs,HOSP,AR,2014,8,August,2014-08-01,185183,NA,2.6,NA,NA
Hot Springs,HOSP,AR,2014,9,September,2014-09-01,149571,NA,2.5,NA,NA
Hot Springs,HOSP,AR,2014,10,October,2014-10-01,121081,NA,2.5,NA,NA
Hot Springs,HOSP,AR,2014,11,November,2014-11-01,99714,NA,2.5,NA,NA
Hot Springs,HOSP,AR,2014,12,December,2014-12-01,92591,NA,2.3,NA,NA
Hot Springs,HOSP,AR,2015,1,January,2015-01-01,49636,NA,2.1,NA,NA
Hot Springs,HOSP,AR,2015,2,February,2015-02-01,56726,NA,1.9,NA,NA
Hot Springs,HOSP,AR,2015,3,March,2015-03-01,77999,NA,2.4,NA,NA
Hot Springs,HOSP,AR,2015,4,April,2015-04-01,99271,NA,2.7,NA,NA
Hot Springs,HOSP,AR,2015,5,May,2015-05-01,127635,NA,3.1,NA,NA
Hot Springs,HOSP,AR,2015,6,June,2015-06-01,163089,NA,3,NA,NA
Hot Springs,HOSP,AR,2015,7,July,2015-07-01,198543,NA,2.7,NA,NA
Hot Springs,HOSP,AR,2015,8,August,2015-08-01,184361,NA,2.6,NA,NA
Hot Springs,HOSP,AR,2015,9,September,2015-09-01,148907,NA,2.5,NA,NA
Hot Springs,HOSP,AR,2015,10,October,2015-10-01,120544,NA,2.5,NA,NA
Hot Springs,HOSP,AR,2015,11,November,2015-11-01,99271,NA,2.5,NA,NA
Hot Springs,HOSP,AR,2015,12,December,2015-12-01,92181,NA,2.3,NA,NA
Hot Springs,HOSP,AR,2016,1,January,2016-01-01,54051,NA,2.1,NA,NA
Hot Springs,HOSP,AR,2016,2,February,2016-02-01,61772,NA,1.9,NA,NA
Hot Springs,HOSP,AR,2016,3,March,2016-03-01,84936,NA,2.4,NA,NA
Hot Springs,HOSP,AR,2016,4,April,2016-04-01,108101,NA,2.7,NA,NA
Hot Springs,HOSP,AR,2016,5,May,2016-05-01,138987,NA,3.1,NA,NA
Hot Springs,HOSP,AR,2016,6,June,2016-06-01,177594,NA,3,NA,NA
Hot Springs,HOSP,AR,2016,7,July,2016-07-01,216202,NA,2.7,NA,NA
Hot Springs,HOSP,AR,2016,8,August,2016-08-01,200759,NA,2.6,NA,NA
Hot Springs,HOSP,AR,2016,9,September,2016-09-01,162152,NA,2.5,NA,NA
Hot Springs,HOSP,AR,2016,10,October,2016-10-01,131266,NA,2.5,NA,NA
Hot Springs,HOSP,AR,2016,11,November,2016-11-01,108101,NA,2.5,NA,NA
Hot Springs,HOSP,AR,2016,12,December,2016-12-01,100380,NA,2.3,NA,NA
Joshua Tree,JOTR,CA,2007,1,January,2007-01-01,45464,NA,2.1,NA,NA
Joshua Tree,JOTR,CA,2007,2,February,2007-02-01,51959,NA,1.9,NA,NA
Joshua Tree,JOTR,CA,2007,3,March,2007-03-01,71444,NA,2.4,NA,NA
Joshua Tree,JOTR,CA,2007,4,April,2007-04-01,90929,NA,2.7,NA,NA
Joshua Tree,JOTR,CA,2007,5,May,2007-05-01,116908,NA,3.1,NA,NA
Joshua Tree,JOTR,CA,2007,6,June,2007-06-01,149383,NA,3,NA,NA
Joshua Tree,JOTR,CA,2007,7,July,2007-07-01,181857,NA,2.7,NA,NA
Joshua Tree,JOTR,CA,2007,8,August,2007-08-01,168867,NA,2.6,NA,NA
Joshua Tree,JOTR,CA,2007,9,September,2007-09-01,136393,NA,2.5,NA,NA
Joshua Tree,JOTR,CA,2007,10,October,2007-10-01,110413,NA,2.5,NA,NA
Joshua Tree,JOTR,CA,2007,11,November,2007-11-01,90929,NA,2.5,NA,NA
Joshua Tree,JOTR,CA,2007,12,December,2007-12-01,84434,NA,2.3,NA,NA
Joshua Tree,JOTR,CA,2008,1,January,2008-01-01,48736,NA,2.1,NA,NA
Joshua Tree,JOTR,CA,2008,2,February,2008-02-01,55698,NA,1.9,NA,NA
Joshua Tree,JOTR,CA,2008,3,March,2008-03-01,76585,NA,2.4,NA,NA
Joshua Tree,JOTR,CA,2008,4,April,2008-04-01,97471,NA,2.7,NA,NA
Joshua Tree,JOTR,CA,2008,5,May,2008-05-01,125320,NA,3.1,NA,NA
Joshua Tree,JOTR,CA,2008,6,June,2008-06-01,160131,NA,3,NA,NA
Joshua Tree,JOTR,CA,2008,7,July,2008-07-01,194942,NA,2.7,NA,NA
Joshua Tree,JOTR,CA,2008,8,August,2008-08-01,181018,NA,2.6,NA,NA
Joshua Tree,JOTR,CA,2008,9,September,2008-09-01,146207,NA,2.5,NA,NA
Joshua Tree,JOTR,CA,2008,10,October,2008-10-01,118358,NA,2.5,NA,NA
Joshua Tree,JOTR,CA,2008,11,November,2008-11-01,97471,NA,2.5,NA,NA
Joshua Tree,JOTR,CA,2008,12,December,2008-12-01,90509,NA,2.3,NA,NA
Joshua Tree,JOTR,CA,2009,1,January,2009-01-01,45656,NA,2.1,NA,NA
Joshua Tree,JOTR,CA,2009,2,February,2009-02-01,52179,NA,1.9,NA,NA
Joshua Tree,JOTR,CA,2009,3,March,2009-03-01,71746,NA,2.4,NA,NA
Joshua Tree,JOTR,CA,2009,4,April,2009-04-01,91313,NA,2.7,NA,NA
Joshua Tree,JOTR,CA,2009,5,May,2009-05-01,117402,NA,3.1,NA,NA
Joshua Tree,JOTR,CA,2009,6,June,2009-06-01,150014,NA,3,NA,NA
Joshua Tree,JOTR,CA,2009,7,July,2009-07-01,182626,NA,2.7,NA,NA
Joshua Tree,JOTR,CA,2009,8,August,2009-08-01,169581,NA,2.6,NA,NA
Joshua Tree,JOTR,CA,2009,9,September,2009-09-01,136969,NA,2.5,NA,NA
Joshua Tree,JOTR,CA,2009,10,October,2009-10-01,110880,NA,2.5,NA,NA
Joshua Tree,JOTR,CA,2009,11,November,2009-11-01,91313,NA,2.5,NA,NA
Joshua Tree,JOTR,CA,2009,12,December,2009-12-01,84791,NA,2.3,NA,NA
Joshua Tree,JOTR,CA,2010,1,January,2010-01-01,50224,NA,2.1,NA,NA
Joshua Tree,JOTR,CA,2010,2,February,2010-02-01,57399,NA,1.9,NA,NA
Joshua Tree,JOTR,CA,2010,3,March,2010-03-01,78924,NA,2.4,NA,NA
Joshua Tree,JOTR,CA,2010,4,April,2010-04-01,100448,NA,2.7,NA,NA
Joshua Tree,JOTR,CA,2010,5,May,2010-05-01,129148,NA,3.1,NA,NA
Joshua Tree,JOTR,CA,2010,6,June,2010-06-01,165022,NA,3,NA,NA
Joshua Tree,JOTR,CA,2010,7,July,2010-07-01,200897,NA,2.7,NA,NA
Joshua Tree,JOTR,CA,2010,8,August,2010-08-01,186547,NA,2.6,NA,NA
Joshua Tree,JOTR,CA,2010,9,September,2010-09-01,150672,NA,2.5,NA,NA
Joshua Tree,JOTR,CA,2010,10,October,2010-10-01,121973,NA,2.5,NA,NA
Joshua Tree,JOTR,CA,2010,11,November,2010-11-01,100448,NA,2.5,NA,NA
Joshua Tree,JOTR,CA,2010,12,December,2010-12-01,93273,NA,2.3,NA,NA
Joshua Tree,JOTR,CA,2011,1,January,2011-01-01,48868,NA,2.1,NA,NA
Joshua Tree,JOTR,CA,2011,2,February,2011-02-01,55849,NA,1.9,NA,NA
Joshua Tree,JOTR,CA,2011,3,March,2011-03-01,76793,NA,2.4,NA,NA
Joshua Tree,JOTR,CA,2011,4,April,2011-04-01,97737,NA,2.7,NA,NA
Joshua Tree,JOTR,CA,2011,5,May,2011-05-01,125661,NA,3.1,NA,NA
Joshua Tree,JOTR,CA,2011,6,June,2011-06-01,160567,NA,3,NA,NA
Joshua Tree,JOTR,CA,2011,7,July,2011-07-01,195473,NA,2.7,NA,NA
Joshua Tree,JOTR,CA,2011,8,August,2011-08-01,181511,NA,2.6,NA,NA
Joshua Tree,JOTR,CA,2011,9,September,2011-09-01,146605,NA,2.5,NA,NA
Joshua Tree,JOTR,CA,2011,10,October,2011-10-01,118680,NA,2.5,NA,NA
Joshua Tree,JOTR,CA,2011,11,November,2011-11-01,97737,NA,2.5,NA,NA
Joshua Tree,JOTR,CA,2011,12,December,2011-12-01,90755,NA,2.3,NA,NA
Joshua Tree,JOTR,CA,2012,1,January,2012-01-01,48864,NA,2.1,NA,NA
Joshua Tree,JOTR,CA,2012,2,February,2012-02-01,55845,NA,1.9,NA,NA
Joshua Tree,JOTR,CA,2012,3,March,2012-03-01,76786,NA,2.4,NA,NA
Joshua Tree,JOTR,CA,2012,4,April,2012-04-01,97728,NA,2.7,NA,NA
Joshua Tree,JOTR,CA,2012,5,May,2012-05-01,125651,NA,3.1,NA,NA
Joshua Tree,JOTR,CA,2012,6,June,2012-06-01,160553,NA,3,NA,NA
Joshua Tree,JOTR,CA,2012,7,July,2012-07-01,195456,NA,2.7,NA,NA
Joshua Tree,JOTR,CA,2012,8,August,2012-08-01,181495,NA,2.6,NA,NA
Joshua Tree,JOTR,CA,2012,9,September,2012-09-01,146592,NA,2.5,NA,NA
Joshua Tree,JOTR,CA,2012,10,October,2012-10-01,118670,NA,2.5,NA,NA
Joshua Tree,JOTR,CA,2012,11,November,2012-11-01,97728,NA,2.5,NA,NA
Joshua Tree,JOTR,CA,2012,12,December,2012-12-01,90748,NA,2.3,NA,NA
Joshua Tree,JOTR,CA,2013,1,January,2013-01-01,48417,NA,2.1,NA,NA
Joshua Tree,JOTR,CA,2013,2,February,2013-02-01,55334,NA,1.9,NA,NA
Joshua Tree,JOTR,CA,2013,3,March,2013-03-01,76084,NA,2.4,NA,NA
Joshua Tree,JOTR,CA,2013,4,April,2013-04-01,96834,NA,2.7,NA,NA
Joshua Tree,JOTR,CA,2013,5,May,2013-05-01,124501,NA,3.1,NA,NA
Joshua Tree,JOTR,CA,2013,6,June,2013-06-01,159084,NA,3,NA,NA
Joshua Tree,JOTR,CA,2013,7,July,2013-07-01,193668,NA,2.7,NA,NA
Joshua Tree,JOTR,CA,2013,8,August,2013-08-01,179834,NA,2.6,NA,NA
Joshua Tree,JOTR,CA,2013,9,September,2013-09-01,145251,NA,2.5,NA,NA
Joshua Tree,JOTR,CA,2013,10,October,2013-10-01,117584,NA,2.5,NA,NA
Joshua Tree,JOTR,CA,2013,11,November,2013-11-01,96834,NA,2.5,NA,NA
Joshua Tree,JOTR,CA,2013,12,December,2013-12-01,89917,NA,2.3,NA,NA
Joshua Tree,JOTR,CA,2014,1,January,2014-01-01,55647,NA,2.1,NA,NA
Joshua Tree,JOTR,CA,2014,2,February,2014-02-01,63596,NA,1.9,NA,NA
Joshua Tree,JOTR,CA,2014,3,March,2014-03-01,87445,NA,2.4,NA,NA
Joshua Tree,JOTR,CA,2014,4,April,2014-04-01,111293,NA,2.7,NA,NA
Joshua Tree,JOTR,CA,2014,5,May,2014-05-01,143091,NA,3.1,NA,NA
Joshua Tree,JOTR,CA,2014,6,June,2014-06-01,182839,NA,3,NA,NA
Joshua Tree,JOTR,CA,2014,7,July,2014-07-01,222587,NA,2.7,NA,NA
Joshua Tree,JOTR,CA,2014,8,August,2014-08-01,206688,NA,2.6,NA,NA
Joshua Tree,JOTR,CA,2014,9,September,2014-09-01,166940,NA,2.5,NA,NA
Joshua Tree,JOTR,CA,2014,10,October,2014-10-01,135142,NA,2.5,NA,NA
Joshua Tree,JOTR,CA,2014,11,November,2014-11-01,111293,NA,2.5,NA,NA
Joshua Tree,JOTR,CA,2014,12,December,2014-12-01,103344,NA,2.3,NA,NA
Joshua Tree,JOTR,CA,2015,1,January,2015-01-01,70901,NA,2.1,NA,NA
Joshua Tree,JOTR,CA,2015,2,February,2015-02-01,81030,NA,1.9,NA,NA
Joshua Tree,JOTR,CA,2015,3,March,2015-03-01,111417,NA,2.4,NA,NA
Joshua Tree,JOTR,CA,2015,4,April,2015-04-01,141803,NA,2.7,NA,NA
Joshua Tree,JOTR,CA,2015,5,May,2015-05-01,182318,NA,3.1,NA,NA
Joshua Tree,JOTR,CA,2015,6,June,2015-06-01,232962,NA,3,NA,NA
Joshua Tree,JOTR,CA,2015,7,July,2015-07-01,283606,NA,2.7,NA,NA
Joshua Tree,JOTR,CA,2015,8,August,2015-08-01,263348,NA,2.6,NA,NA
Joshua Tree,JOTR,CA,2015,9,September,2015-09-01,212704,NA,2.5,NA,NA
Joshua Tree,JOTR,CA,2015,10,October,2015-10-01,172189,NA,2.5,NA,NA
Joshua Tree,JOTR,CA,2015,11,November,2015-11-01,141803,NA,2.5,NA,NA
Joshua Tree,JOTR,CA,2015,12,December,2015-12-01,131674,NA,2.3,NA,NA
Joshua Tree,JOTR,CA,2016,1,January,2016-01-01,87685,NA,2.1,NA,NA
Joshua Tree,JOTR,CA,2016,2,February,2016-02-01,100211,NA,1.9,NA,NA
Joshua Tree,JOTR,CA,2016,3,March,2016-03-01,137791,NA,2.4,NA,NA
Joshua Tree,JOTR,CA,2016,4,April,2016-04-01,175370,NA,2.7,NA,NA
Joshua Tree,JOTR,CA,2016,5,May,2016-05-01,225476,NA,3.1,NA,NA
Joshua Tree,JOTR,CA,2016,6,June,2016-06-01,288108,NA,3,NA,NA
Joshua Tree,JOTR,CA,2016,7,July,2016-07-01,350740,NA,2.7,NA,NA
Joshua Tree,JOTR,CA,2016,8,August,2016-08-01,325687,NA,2.6,NA,NA
Joshua Tree,JOTR,CA,2016,9,September,2016-09-01,263055,NA,2.5,NA,NA
Joshua Tree,JOTR,CA,2016,10,October,2016-10-01,212949,NA,2.5,NA,NA
Joshua Tree,JOTR,CA,2016,11,November,2016-11-01,175370,NA,2.5,NA,NA
Joshua Tree,JOTR,CA,2016,12,December,2016-12-01,162844,NA,2.3,NA,NA
Katmai,KATM,AK,2007,1,January,2007-01-01,2892,NA,2.1,NA,NA
Katmai,KATM,AK,2007,2,February,2007-02-01,3305,NA,1.9,NA,NA
Katmai,KATM,AK,2007,3,March,2007-03-01,4545,NA,2.4,NA,NA
Katmai,KATM,AK,2007,4,April,2007-04-01,5784,NA,2.7,NA,NA
Katmai,KATM,AK,2007,5,May,2007-05-01,7437,NA,3.1,NA,NA
Katmai,KATM,AK,2007,6,June,2007-06-01,9503,NA,3,NA,NA
Katmai,KATM,AK,2007,7,July,2007-07-01,11569,NA,2.7,NA,NA
Katmai,KATM,AK,2007,8,August,2007-08-01,10742,NA,2.6,NA,NA
Katmai,KATM,AK,2007,9,September,2007-09-01,8677,NA,2.5,NA,NA
Katmai,KATM,AK,2007,10,October,2007-10-01,7024,NA,2.5,NA,NA
Katmai,KATM,AK,2007,11,November,2007-11-01,5784,NA,2.5,NA,NA
Katmai,KATM,AK,2007,12,December,2007-12-01,5371,NA,2.3,NA,NA
Katmai,KATM,AK,2008,1,January,2008-01-01,279,NA,2.1,NA,NA
Katmai,KATM,AK,2008,2,February,2008-02-01,319,NA,1.9,NA,NA
Katmai,KATM,AK,2008,3,March,2008-03-01,438,NA,2.4,NA,NA
Katmai,KATM,AK,2008,4,April,2008-04-01,558,NA,2.7,NA,NA
Katmai,KATM,AK,2008,5,May,2008-05-01,717,NA,3.1,NA,NA
Katmai,KATM,AK,2008,6,June,2008-06-01,917,NA,3,NA,NA
Katmai,KATM,AK,2008,7,July,2008-07-01,1116,NA,2.7,NA,NA
Katmai,KATM,AK,2008,8,August,2008-08-01,1036,NA,2.6,NA,NA
Katmai,KATM,AK,2008,9,September,2008-09-01,837,NA,2.5,NA,NA
Katmai,KATM,AK,2008,10,October,2008-10-01,677,NA,2.5,NA,NA
Katmai,KATM,AK,2008,11,November,2008-11-01,558,NA,2.5,NA,NA
Katmai,KATM,AK,2008,12,December,2008-12-01,518,NA,2.3,NA,NA
Katmai,KATM,AK,2009,1,January,2009-01-01,1506,NA,2.1,NA,NA
Katmai,KATM,AK,2009,2,February,2009-02-01,1721,NA,1.9,NA,NA
Katmai,KATM,AK,2009,3,March,2009-03-01,2367,NA,2.4,NA,NA
Katmai,KATM,AK,2009,4,April,2009-04-01,3012,NA,2.7,NA,NA
Katmai,KATM,AK,2009,5,May,2009-05-01,3873,NA,3.1,NA,NA
Katmai,KATM,AK,2009,6,June,2009-06-01,4949,NA,3,NA,NA
Katmai,KATM,AK,2009,7,July,2009-07-01,6025,NA,2.7,NA,NA
Katmai,KATM,AK,2009,8,August,2009-08-01,5595,NA,2.6,NA,NA
Katmai,KATM,AK,2009,9,September,2009-09-01,4519,NA,2.5,NA,NA
Katmai,KATM,AK,2009,10,October,2009-10-01,3658,NA,2.5,NA,NA
Katmai,KATM,AK,2009,11,November,2009-11-01,3012,NA,2.5,NA,NA
Katmai,KATM,AK,2009,12,December,2009-12-01,2797,NA,2.3,NA,NA
Katmai,KATM,AK,2010,1,January,2010-01-01,1931,NA,2.1,NA,NA
Katmai,KATM,AK,2010,2,February,2010-02-01,2207,NA,1.9,NA,NA
Katmai,KATM,AK,2010,3,March,2010-03-01,3034,NA,2.4,NA,NA
Katmai,KATM,AK,2010,4,April,2010-04-01,3862,NA,2.7,NA,NA
Katmai,KATM,AK,2010,5,May,2010-05-01,4965,NA,3.1,NA,NA
Katmai,KATM,AK,2010,6,June,2010-06-01,6345,NA,3,NA,NA
Katmai,KATM,AK,2010,7,July,2010-07-01,7724,NA,2.7,NA,NA
Katmai,KATM,AK,2010,8,August,2010-08-01,7172,NA,2.6,NA,NA
Katmai,KATM,AK,2010,9,September,2010-09-01,5793,NA,2.5,NA,NA
Katmai,KATM,AK,2010,10,October,2010-10-01,4690,NA,2.5,NA,NA
Katmai,KATM,AK,2010,11,November,2010-11-01,3862,NA,2.5,NA,NA
Katmai,KATM,AK,2010,12,December,2010-12-01,3586,NA,2.3,NA,NA
Katmai,KATM,AK,2011,1,January,2011-01-01,1713,NA,2.1,NA,NA
Katmai,KATM,AK,2011,2,February,2011-02-01,1958,NA,1.9,NA,NA
Katmai,KATM,AK,2011,3,March,2011-03-01,2692,NA,2.4,NA,NA
Katmai,KATM,AK,2011,4,April,2011-04-01,3426,NA,2.7,NA,NA
Katmai,KATM,AK,2011,5,May,2011-05-01,4405,NA,3.1,NA,NA
Katmai,KATM,AK,2011,6,June,2011-06-01,5628,NA,3,NA,NA
Katmai,KATM,AK,2011,7,July,2011-07-01,6851,NA,2.7,NA,NA
Katmai,KATM,AK,2011,8,August,2011-08-01,6362,NA,2.6,NA,NA
Katmai,KATM,AK,2011,9,September,2011-09-01,5139,NA,2.5,NA,NA
Katmai,KATM,AK,2011,10,October,2011-10-01,4160,NA,2.5,NA,NA
Katmai,KATM,AK,2011,11,November,2011-11-01,3426,NA,2.5,NA,NA
Katmai,KATM,AK,2011,12,December,2011-12-01,3181,NA,2.3,NA,NA
Katmai,KATM,AK,2012,1,January,2012-01-01,1394,NA,2.1,NA,NA
Katmai,KATM,AK,2012,2,February,2012-02-01,1593,NA,1.9,NA,NA
Katmai,KATM,AK,2012,3,March,2012-03-01,2190,NA,2.4,NA,NA
Katmai,KATM,AK,2012,4,April,2012-04-01,2787,NA,2.7,NA,NA
Katmai,KATM,AK,2012,5,May,2012-05-01,3584,NA,3.1,NA,NA
Katmai,KATM,AK,2012,6,June,2012-06-01,4579,NA,3,NA,NA
Katmai,KATM,AK,2012,7,July,2012-07-01,5575,NA,2.7,NA,NA
Katmai,KATM,AK,2012,8,August,2012-08-01,5176,NA,2.6,NA,NA
Katmai,KATM,AK,2012,9,September,2012-09-01,4181,NA,2.5,NA,NA
Katmai,KATM,AK,2012,10,October,2012-10-01,3385,NA,2.5,NA,NA
Katmai,KATM,AK,2012,11,November,2012-11-01,2787,NA,2.5,NA,NA
Katmai,KATM,AK,2012,12,December,2012-12-01,2588,NA,2.3,NA,NA
Katmai,KATM,AK,2013,1,January,2013-01-01,1014,NA,2.1,NA,NA
Katmai,KATM,AK,2013,2,February,2013-02-01,1159,NA,1.9,NA,NA
Katmai,KATM,AK,2013,3,March,2013-03-01,1593,NA,2.4,NA,NA
Katmai,KATM,AK,2013,4,April,2013-04-01,2028,NA,2.7,NA,NA
Katmai,KATM,AK,2013,5,May,2013-05-01,2607,NA,3.1,NA,NA
Katmai,KATM,AK,2013,6,June,2013-06-01,3331,NA,3,NA,NA
Katmai,KATM,AK,2013,7,July,2013-07-01,4055,NA,2.7,NA,NA
Katmai,KATM,AK,2013,8,August,2013-08-01,3766,NA,2.6,NA,NA
Katmai,KATM,AK,2013,9,September,2013-09-01,3041,NA,2.5,NA,NA
Katmai,KATM,AK,2013,10,October,2013-10-01,2462,NA,2.5,NA,NA
Katmai,KATM,AK,2013,11,November,2013-11-01,2028,NA,2.5,NA,NA
Katmai,KATM,AK,2013,12,December,2013-12-01,1883,NA,2.3,NA,NA
Katmai,KATM,AK,2014,1,January,2014-01-01,1081,NA,2.1,NA,NA
Katmai,KATM,AK,2014,2,February,2014-02-01,1236,NA,1.9,NA,NA
Katmai,KATM,AK,2014,3,March,2014-03-01,1699,NA,2.4,NA,NA
Katmai,KATM,AK,2014,4,April,2014-04-01,2163,NA,2.7,NA,NA
Katmai,KATM,AK,2014,5,May,2014-05-01,2781,NA,3.1,NA,NA
Katmai,KATM,AK,2014,6,June,2014-06-01,3553,NA,3,NA,NA
Katmai,KATM,AK,2014,7,July,2014-07-01,4325,NA,2.7,NA,NA
Katmai,KATM,AK,2014,8,August,2014-08-01,4016,NA,2.6,NA,NA
Katmai,KATM,AK,2014,9,September,2014-09-01,3244,NA,2.5,NA,NA
Katmai,KATM,AK,2014,10,October,2014-10-01,2626,NA,2.5,NA,NA
Katmai,KATM,AK,2014,11,November,2014-11-01,2163,NA,2.5,NA,NA
Katmai,KATM,AK,2014,12,December,2014-12-01,2008,NA,2.3,NA,NA
Katmai,KATM,AK,2015,1,January,2015-01-01,1324,NA,2.1,NA,NA
Katmai,KATM,AK,2015,2,February,2015-02-01,1513,NA,1.9,NA,NA
Katmai,KATM,AK,2015,3,March,2015-03-01,2080,NA,2.4,NA,NA
Katmai,KATM,AK,2015,4,April,2015-04-01,2647,NA,2.7,NA,NA
Katmai,KATM,AK,2015,5,May,2015-05-01,3404,NA,3.1,NA,NA
Katmai,KATM,AK,2015,6,June,2015-06-01,4349,NA,3,NA,NA
Katmai,KATM,AK,2015,7,July,2015-07-01,5295,NA,2.7,NA,NA
Katmai,KATM,AK,2015,8,August,2015-08-01,4916,NA,2.6,NA,NA
Katmai,KATM,AK,2015,9,September,2015-09-01,3971,NA,2.5,NA,NA
Katmai,KATM,AK,2015,10,October,2015-10-01,3215,NA,2.5,NA,NA
Katmai,KATM,AK,2015,11,November,2015-11-01,2647,NA,2.5,NA,NA
Katmai,KATM,AK,2015,12,December,2015-12-01,2458,NA,2.3,NA,NA
Katmai,KATM,AK,2016,1,January,2016-01-01,1324,NA,2.1,NA,NA
Katmai,KATM,AK,2016,2,February,2016-02-01,1513,NA,1.9,NA,NA
Katmai,KATM,AK,2016,3,March,2016-03-01,2080,NA,2.4,NA,NA
Katmai,KATM,AK,2016,4,April,2016-04-01,2647,NA,2.7,NA,NA
Katmai,KATM,AK,2016,5,May,2016-05-01,3404,NA,3.1,NA,NA
Katmai,KATM,AK,2016,6,June,2016-06-01,4349,NA,3,NA,NA
Katmai,KATM,AK,2016,7,July,2016-07-01,5295,NA,2.7,NA,NA
Katmai,KATM,AK,2016,8,August,2016-08-01,4916,NA,2.6,NA,NA
Katmai,KATM,AK,2016,9,September,2016-09-01,3971,NA,2.5,NA,NA
Katmai,KATM,AK,2016,10,October,2016-10-01,3215,NA,2.5,NA,NA
Katmai,KATM,AK,2016,11,November,2016-11-01,2647,NA,2.5,NA,NA
Katmai,KATM,AK,2016,12,December,2016-12-01,2458,NA,2.3,NA,NA
Kenai Fjords,KEFJ,AK,2007,1,January,2007-01-01,9961,NA,2.1,NA,NA
Kenai Fjords,KEFJ,AK,2007,2,February,2007-02-01,11384,NA,1.9,NA,NA
Kenai Fjords,KEFJ,AK,2007,3,March,2007-03-01,15653,NA,2.4,NA,NA
Kenai Fjords,KEFJ,AK,2007,4,April,2007-04-01,19922,NA,2.7,NA,NA
Kenai Fjords,KEFJ,AK,2007,5,May,2007-05-01,25614,NA,3.1,NA,NA
Kenai Fjords,KEFJ,AK,2007,6,June,2007-06-01,32729,NA,3,NA,NA
Kenai Fjords,KEFJ,AK,2007,7,July,2007-07-01,39845,NA,2.7,NA,NA
Kenai Fjords,KEFJ,AK,2007,8,August,2007-08-01,36999,NA,2.6,NA,NA
Kenai Fjords,KEFJ,AK,2007,9,September,2007-09-01,29883,NA,2.5,NA,NA
Kenai Fjords,KEFJ,AK,2007,10,October,2007-10-01,24191,NA,2.5,NA,NA
Kenai Fjords,KEFJ,AK,2007,11,November,2007-11-01,19922,NA,2.5,NA,NA
Kenai Fjords,KEFJ,AK,2007,12,December,2007-12-01,18499,NA,2.3,NA,NA
Kenai Fjords,KEFJ,AK,2008,1,January,2008-01-01,9527,NA,2.1,NA,NA
Kenai Fjords,KEFJ,AK,2008,2,February,2008-02-01,10888,NA,1.9,NA,NA
Kenai Fjords,KEFJ,AK,2008,3,March,2008-03-01,14970,NA,2.4,NA,NA
Kenai Fjords,KEFJ,AK,2008,4,April,2008-04-01,19053,NA,2.7,NA,NA
Kenai Fjords,KEFJ,AK,2008,5,May,2008-05-01,24497,NA,3.1,NA,NA
Kenai Fjords,KEFJ,AK,2008,6,June,2008-06-01,31302,NA,3,NA,NA
Kenai Fjords,KEFJ,AK,2008,7,July,2008-07-01,38107,NA,2.7,NA,NA
Kenai Fjords,KEFJ,AK,2008,8,August,2008-08-01,35385,NA,2.6,NA,NA
Kenai Fjords,KEFJ,AK,2008,9,September,2008-09-01,28580,NA,2.5,NA,NA
Kenai Fjords,KEFJ,AK,2008,10,October,2008-10-01,23136,NA,2.5,NA,NA
Kenai Fjords,KEFJ,AK,2008,11,November,2008-11-01,19053,NA,2.5,NA,NA
Kenai Fjords,KEFJ,AK,2008,12,December,2008-12-01,17692,NA,2.3,NA,NA
Kenai Fjords,KEFJ,AK,2009,1,January,2009-01-01,7643,NA,2.1,NA,NA
Kenai Fjords,KEFJ,AK,2009,2,February,2009-02-01,8734,NA,1.9,NA,NA
Kenai Fjords,KEFJ,AK,2009,3,March,2009-03-01,12010,NA,2.4,NA,NA
Kenai Fjords,KEFJ,AK,2009,4,April,2009-04-01,15285,NA,2.7,NA,NA
Kenai Fjords,KEFJ,AK,2009,5,May,2009-05-01,19652,NA,3.1,NA,NA
Kenai Fjords,KEFJ,AK,2009,6,June,2009-06-01,25111,NA,3,NA,NA
Kenai Fjords,KEFJ,AK,2009,7,July,2009-07-01,30570,NA,2.7,NA,NA
Kenai Fjords,KEFJ,AK,2009,8,August,2009-08-01,28387,NA,2.6,NA,NA
Kenai Fjords,KEFJ,AK,2009,9,September,2009-09-01,22928,NA,2.5,NA,NA
Kenai Fjords,KEFJ,AK,2009,10,October,2009-10-01,18560,NA,2.5,NA,NA
Kenai Fjords,KEFJ,AK,2009,11,November,2009-11-01,15285,NA,2.5,NA,NA
Kenai Fjords,KEFJ,AK,2009,12,December,2009-12-01,14193,NA,2.3,NA,NA
Kenai Fjords,KEFJ,AK,2010,1,January,2010-01-01,10416,NA,2.1,NA,NA
Kenai Fjords,KEFJ,AK,2010,2,February,2010-02-01,11904,NA,1.9,NA,NA
Kenai Fjords,KEFJ,AK,2010,3,March,2010-03-01,16368,NA,2.4,NA,NA
Kenai Fjords,KEFJ,AK,2010,4,April,2010-04-01,20832,NA,2.7,NA,NA
Kenai Fjords,KEFJ,AK,2010,5,May,2010-05-01,26784,NA,3.1,NA,NA
Kenai Fjords,KEFJ,AK,2010,6,June,2010-06-01,34224,NA,3,NA,NA
Kenai Fjords,KEFJ,AK,2010,7,July,2010-07-01,41663,NA,2.7,NA,NA
Kenai Fjords,KEFJ,AK,2010,8,August,2010-08-01,38687,NA,2.6,NA,NA
Kenai Fjords,KEFJ,AK,2010,9,September,2010-09-01,31248,NA,2.5,NA,NA
Kenai Fjords,KEFJ,AK,2010,10,October,2010-10-01,25296,NA,2.5,NA,NA
Kenai Fjords,KEFJ,AK,2010,11,November,2010-11-01,20832,NA,2.5,NA,NA
Kenai Fjords,KEFJ,AK,2010,12,December,2010-12-01,19344,NA,2.3,NA,NA
Kenai Fjords,KEFJ,AK,2011,1,January,2011-01-01,12140,NA,2.1,NA,NA
Kenai Fjords,KEFJ,AK,2011,2,February,2011-02-01,13874,NA,1.9,NA,NA
Kenai Fjords,KEFJ,AK,2011,3,March,2011-03-01,19077,NA,2.4,NA,NA
Kenai Fjords,KEFJ,AK,2011,4,April,2011-04-01,24280,NA,2.7,NA,NA
Kenai Fjords,KEFJ,AK,2011,5,May,2011-05-01,31217,NA,3.1,NA,NA
Kenai Fjords,KEFJ,AK,2011,6,June,2011-06-01,39888,NA,3,NA,NA
Kenai Fjords,KEFJ,AK,2011,7,July,2011-07-01,48559,NA,2.7,NA,NA
Kenai Fjords,KEFJ,AK,2011,8,August,2011-08-01,45091,NA,2.6,NA,NA
Kenai Fjords,KEFJ,AK,2011,9,September,2011-09-01,36419,NA,2.5,NA,NA
Kenai Fjords,KEFJ,AK,2011,10,October,2011-10-01,29482,NA,2.5,NA,NA
Kenai Fjords,KEFJ,AK,2011,11,November,2011-11-01,24280,NA,2.5,NA,NA
Kenai Fjords,KEFJ,AK,2011,12,December,2011-12-01,22545,NA,2.3,NA,NA
Kenai Fjords,KEFJ,AK,2012,1,January,2012-01-01,9845,NA,2.1,NA,NA
Kenai Fjords,KEFJ,AK,2012,2,February,2012-02-01,11251,NA,1.9,NA,NA
Kenai Fjords,KEFJ,AK,2012,3,March,2012-03-01,15470,NA,2.4,NA,NA
Kenai Fjords,KEFJ,AK,2012,4,April,2012-04-01,19690,NA,2.7,NA,NA
Kenai Fjords,KEFJ,AK,2012,5,May,2012-05-01,25315,NA,3.1,NA,NA
Kenai Fjords,KEFJ,AK,2012,6,June,2012-06-01,32347,NA,3,NA,NA
Kenai Fjords,KEFJ,AK,2012,7,July,2012-07-01,39379,NA,2.7,NA,NA
Kenai Fjords,KEFJ,AK,2012,8,August,2012-08-01,36566,NA,2.6,NA,NA
Kenai Fjords,KEFJ,AK,2012,9,September,2012-09-01,29534,NA,2.5,NA,NA
Kenai Fjords,KEFJ,AK,2012,10,October,2012-10-01,23909,NA,2.5,NA,NA
Kenai Fjords,KEFJ,AK,2012,11,November,2012-11-01,19690,NA,2.5,NA,NA
Kenai Fjords,KEFJ,AK,2012,12,December,2012-12-01,18283,NA,2.3,NA,NA
Kenai Fjords,KEFJ,AK,2013,1,January,2013-01-01,9923,NA,2.1,NA,NA
Kenai Fjords,KEFJ,AK,2013,2,February,2013-02-01,11340,NA,1.9,NA,NA
Kenai Fjords,KEFJ,AK,2013,3,March,2013-03-01,15593,NA,2.4,NA,NA
Kenai Fjords,KEFJ,AK,2013,4,April,2013-04-01,19845,NA,2.7,NA,NA
Kenai Fjords,KEFJ,AK,2013,5,May,2013-05-01,25515,NA,3.1,NA,NA
Kenai Fjords,KEFJ,AK,2013,6,June,2013-06-01,32603,NA,3,NA,NA
Kenai Fjords,KEFJ,AK,2013,7,July,2013-07-01,39690,NA,2.7,NA,NA
Kenai Fjords,KEFJ,AK,2013,8,August,2013-08-01,36855,NA,2.6,NA,NA
Kenai Fjords,KEFJ,AK,2013,9,September,2013-09-01,29768,NA,2.5,NA,NA
Kenai Fjords,KEFJ,AK,2013,10,October,2013-10-01,24098,NA,2.5,NA,NA
Kenai Fjords,KEFJ,AK,2013,11,November,2013-11-01,19845,NA,2.5,NA,NA
Kenai Fjords,KEFJ,AK,2013,12,December,2013-12-01,18428,NA,2.3,NA,NA
Kenai Fjords,KEFJ,AK,2014,1,January,2014-01-01,9473,NA,2.1,NA,NA
Kenai Fjords,KEFJ,AK,2014,2,February,2014-02-01,10827,NA,1.9,NA,NA
Kenai Fjords,KEFJ,AK,2014,3,March,2014-03-01,14887,NA,2.4,NA,NA
Kenai Fjords,KEFJ,AK,2014,4,April,2014-04-01,18947,NA,2.7,NA,NA
Kenai Fjords,KEFJ,AK,2014,5,May,2014-05-01,24360,NA,3.1,NA,NA
Kenai Fjords,KEFJ,AK,2014,6,June,2014-06-01,31127,NA,3,NA,NA
Kenai Fjords,KEFJ,AK,2014,7,July,2014-07-01,37893,NA,2.7,NA,NA
Kenai Fjords,KEFJ,AK,2014,8,August,2014-08-01,35187,NA,2.6,NA,NA
Kenai Fjords,KEFJ,AK,2014,9,September,2014-09-01,28420,NA,2.5,NA,NA
Kenai Fjords,KEFJ,AK,2014,10,October,2014-10-01,23007,NA,2.5,NA,NA
Kenai Fjords,KEFJ,AK,2014,11,November,2014-11-01,18947,NA,2.5,NA,NA
Kenai Fjords,KEFJ,AK,2014,12,December,2014-12-01,17593,NA,2.3,NA,NA
Kenai Fjords,KEFJ,AK,2015,1,January,2015-01-01,10384,NA,2.1,NA,NA
Kenai Fjords,KEFJ,AK,2015,2,February,2015-02-01,11868,NA,1.9,NA,NA
Kenai Fjords,KEFJ,AK,2015,3,March,2015-03-01,16318,NA,2.4,NA,NA
Kenai Fjords,KEFJ,AK,2015,4,April,2015-04-01,20769,NA,2.7,NA,NA
Kenai Fjords,KEFJ,AK,2015,5,May,2015-05-01,26703,NA,3.1,NA,NA
Kenai Fjords,KEFJ,AK,2015,6,June,2015-06-01,34120,NA,3,NA,NA
Kenai Fjords,KEFJ,AK,2015,7,July,2015-07-01,41538,NA,2.7,NA,NA
Kenai Fjords,KEFJ,AK,2015,8,August,2015-08-01,38571,NA,2.6,NA,NA
Kenai Fjords,KEFJ,AK,2015,9,September,2015-09-01,31153,NA,2.5,NA,NA
Kenai Fjords,KEFJ,AK,2015,10,October,2015-10-01,25219,NA,2.5,NA,NA
Kenai Fjords,KEFJ,AK,2015,11,November,2015-11-01,20769,NA,2.5,NA,NA
Kenai Fjords,KEFJ,AK,2015,12,December,2015-12-01,19285,NA,2.3,NA,NA
Kenai Fjords,KEFJ,AK,2016,1,January,2016-01-01,12129,NA,2.1,NA,NA
Kenai Fjords,KEFJ,AK,2016,2,February,2016-02-01,13861,NA,1.9,NA,NA
Kenai Fjords,KEFJ,AK,2016,3,March,2016-03-01,19059,NA,2.4,NA,NA
Kenai Fjords,KEFJ,AK,2016,4,April,2016-04-01,24257,NA,2.7,NA,NA
Kenai Fjords,KEFJ,AK,2016,5,May,2016-05-01,31188,NA,3.1,NA,NA
Kenai Fjords,KEFJ,AK,2016,6,June,2016-06-01,39851,NA,3,NA,NA
Kenai Fjords,KEFJ,AK,2016,7,July,2016-07-01,48515,NA,2.7,NA,NA
Kenai Fjords,KEFJ,AK,2016,8,August,2016-08-01,45049,NA,2.6,NA,NA
Kenai Fjords,KEFJ,AK,2016,9,September,2016-09-01,36386,NA,2.5,NA,NA
Kenai Fjords,KEFJ,AK,2016,10,October,2016-10-01,29455,NA,2.5,NA,NA
Kenai Fjords,KEFJ,AK,2016,11,November,2016-11-01,24257,NA,2.5,NA,NA
Kenai Fjords,KEFJ,AK,2016,12,December,2016-12-01,22525,NA,2.3,NA,NA
Kings Canyon,KICA,CA,2007,1,January,2007-01-01,20305,NA,2.1,NA,NA
Kings Canyon,KICA,CA,2007,2,February,2007-02-01,23205,NA,1.9,NA,NA
Kings Canyon,KICA,CA,2007,3,March,2007-03-01,31907,NA,2.4,NA,NA
Kings Canyon,KICA,CA,2007,4,April,2007-04-01,40609,NA,2.7,NA,NA
Kings Canyon,KICA,CA,2007,5,May,2007-05-01,52212,NA,3.1,NA,NA
Kings Canyon,KICA,CA,2007,6,June,2007-06-01,66715,NA,3,NA,NA
Kings Canyon,KICA,CA,2007,7,July,2007-07-01,81218,NA,2.7,NA,NA
Kings Canyon,KICA,CA,2007,8,August,2007-08-01,75417,NA,2.6,NA,NA
Kings Canyon,KICA,CA,2007,9,September,2007-09-01,60914,NA,2.5,NA,NA
Kings Canyon,KICA,CA,2007,10,October,2007-10-01,49311,NA,2.5,NA,NA
Kings Canyon,KICA,CA,2007,11,November,2007-11-01,40609,NA,2.5,NA,NA
Kings Canyon,KICA,CA,2007,12,December,2007-12-01,37708,NA,2.3,NA,NA
Kings Canyon,KICA,CA,2008,1,January,2008-01-01,20120,NA,2.1,NA,NA
Kings Canyon,KICA,CA,2008,2,February,2008-02-01,22995,NA,1.9,NA,NA
Kings Canyon,KICA,CA,2008,3,March,2008-03-01,31618,NA,2.4,NA,NA
Kings Canyon,KICA,CA,2008,4,April,2008-04-01,40241,NA,2.7,NA,NA
Kings Canyon,KICA,CA,2008,5,May,2008-05-01,51738,NA,3.1,NA,NA
Kings Canyon,KICA,CA,2008,6,June,2008-06-01,66110,NA,3,NA,NA
Kings Canyon,KICA,CA,2008,7,July,2008-07-01,80482,NA,2.7,NA,NA
Kings Canyon,KICA,CA,2008,8,August,2008-08-01,74733,NA,2.6,NA,NA
Kings Canyon,KICA,CA,2008,9,September,2008-09-01,60361,NA,2.5,NA,NA
Kings Canyon,KICA,CA,2008,10,October,2008-10-01,48864,NA,2.5,NA,NA
Kings Canyon,KICA,CA,2008,11,November,2008-11-01,40241,NA,2.5,NA,NA
Kings Canyon,KICA,CA,2008,12,December,2008-12-01,37367,NA,2.3,NA,NA
Kings Canyon,KICA,CA,2009,1,January,2009-01-01,21325,NA,2.1,NA,NA
Kings Canyon,KICA,CA,2009,2,February,2009-02-01,24372,NA,1.9,NA,NA
Kings Canyon,KICA,CA,2009,3,March,2009-03-01,33511,NA,2.4,NA,NA
Kings Canyon,KICA,CA,2009,4,April,2009-04-01,42651,NA,2.7,NA,NA
Kings Canyon,KICA,CA,2009,5,May,2009-05-01,54837,NA,3.1,NA,NA
Kings Canyon,KICA,CA,2009,6,June,2009-06-01,70069,NA,3,NA,NA
Kings Canyon,KICA,CA,2009,7,July,2009-07-01,85301,NA,2.7,NA,NA
Kings Canyon,KICA,CA,2009,8,August,2009-08-01,79208,NA,2.6,NA,NA
Kings Canyon,KICA,CA,2009,9,September,2009-09-01,63976,NA,2.5,NA,NA
Kings Canyon,KICA,CA,2009,10,October,2009-10-01,51790,NA,2.5,NA,NA
Kings Canyon,KICA,CA,2009,11,November,2009-11-01,42651,NA,2.5,NA,NA
Kings Canyon,KICA,CA,2009,12,December,2009-12-01,39604,NA,2.3,NA,NA
Kings Canyon,KICA,CA,2010,1,January,2010-01-01,20937,NA,2.1,NA,NA
Kings Canyon,KICA,CA,2010,2,February,2010-02-01,23928,NA,1.9,NA,NA
Kings Canyon,KICA,CA,2010,3,March,2010-03-01,32901,NA,2.4,NA,NA
Kings Canyon,KICA,CA,2010,4,April,2010-04-01,41874,NA,2.7,NA,NA
Kings Canyon,KICA,CA,2010,5,May,2010-05-01,53838,NA,3.1,NA,NA
Kings Canyon,KICA,CA,2010,6,June,2010-06-01,68794,NA,3,NA,NA
Kings Canyon,KICA,CA,2010,7,July,2010-07-01,83749,NA,2.7,NA,NA
Kings Canyon,KICA,CA,2010,8,August,2010-08-01,77767,NA,2.6,NA,NA
Kings Canyon,KICA,CA,2010,9,September,2010-09-01,62812,NA,2.5,NA,NA
Kings Canyon,KICA,CA,2010,10,October,2010-10-01,50847,NA,2.5,NA,NA
Kings Canyon,KICA,CA,2010,11,November,2010-11-01,41874,NA,2.5,NA,NA
Kings Canyon,KICA,CA,2010,12,December,2010-12-01,38883,NA,2.3,NA,NA
Kings Canyon,KICA,CA,2011,1,January,2011-01-01,19838,NA,2.1,NA,NA
Kings Canyon,KICA,CA,2011,2,February,2011-02-01,22672,NA,1.9,NA,NA
Kings Canyon,KICA,CA,2011,3,March,2011-03-01,31175,NA,2.4,NA,NA
Kings Canyon,KICA,CA,2011,4,April,2011-04-01,39677,NA,2.7,NA,NA
Kings Canyon,KICA,CA,2011,5,May,2011-05-01,51013,NA,3.1,NA,NA
Kings Canyon,KICA,CA,2011,6,June,2011-06-01,65183,NA,3,NA,NA
Kings Canyon,KICA,CA,2011,7,July,2011-07-01,79353,NA,2.7,NA,NA
Kings Canyon,KICA,CA,2011,8,August,2011-08-01,73685,NA,2.6,NA,NA
Kings Canyon,KICA,CA,2011,9,September,2011-09-01,59515,NA,2.5,NA,NA
Kings Canyon,KICA,CA,2011,10,October,2011-10-01,48179,NA,2.5,NA,NA
Kings Canyon,KICA,CA,2011,11,November,2011-11-01,39677,NA,2.5,NA,NA
Kings Canyon,KICA,CA,2011,12,December,2011-12-01,36843,NA,2.3,NA,NA
Kings Canyon,KICA,CA,2012,1,January,2012-01-01,20686,NA,2.1,NA,NA
Kings Canyon,KICA,CA,2012,2,February,2012-02-01,23641,NA,1.9,NA,NA
Kings Canyon,KICA,CA,2012,3,March,2012-03-01,32507,NA,2.4,NA,NA
Kings Canyon,KICA,CA,2012,4,April,2012-04-01,41372,NA,2.7,NA,NA
Kings Canyon,KICA,CA,2012,5,May,2012-05-01,53193,NA,3.1,NA,NA
Kings Canyon,KICA,CA,2012,6,June,2012-06-01,67969,NA,3,NA,NA
Kings Canyon,KICA,CA,2012,7,July,2012-07-01,82745,NA,2.7,NA,NA
Kings Canyon,KICA,CA,2012,8,August,2012-08-01,76834,NA,2.6,NA,NA
Kings Canyon,KICA,CA,2012,9,September,2012-09-01,62058,NA,2.5,NA,NA
Kings Canyon,KICA,CA,2012,10,October,2012-10-01,50238,NA,2.5,NA,NA
Kings Canyon,KICA,CA,2012,11,November,2012-11-01,41372,NA,2.5,NA,NA
Kings Canyon,KICA,CA,2012,12,December,2012-12-01,38417,NA,2.3,NA,NA
Kings Canyon,KICA,CA,2013,1,January,2013-01-01,19864,NA,2.1,NA,NA
Kings Canyon,KICA,CA,2013,2,February,2013-02-01,22702,NA,1.9,NA,NA
Kings Canyon,KICA,CA,2013,3,March,2013-03-01,31215,NA,2.4,NA,NA
Kings Canyon,KICA,CA,2013,4,April,2013-04-01,39728,NA,2.7,NA,NA
Kings Canyon,KICA,CA,2013,5,May,2013-05-01,51079,NA,3.1,NA,NA
Kings Canyon,KICA,CA,2013,6,June,2013-06-01,65268,NA,3,NA,NA
Kings Canyon,KICA,CA,2013,7,July,2013-07-01,79456,NA,2.7,NA,NA
Kings Canyon,KICA,CA,2013,8,August,2013-08-01,73781,NA,2.6,NA,NA
Kings Canyon,KICA,CA,2013,9,September,2013-09-01,59592,NA,2.5,NA,NA
Kings Canyon,KICA,CA,2013,10,October,2013-10-01,48241,NA,2.5,NA,NA
Kings Canyon,KICA,CA,2013,11,November,2013-11-01,39728,NA,2.5,NA,NA
Kings Canyon,KICA,CA,2013,12,December,2013-12-01,36890,NA,2.3,NA,NA
Kings Canyon,KICA,CA,2014,1,January,2014-01-01,17579,NA,2.1,NA,NA
Kings Canyon,KICA,CA,2014,2,February,2014-02-01,20091,NA,1.9,NA,NA
Kings Canyon,KICA,CA,2014,3,March,2014-03-01,27625,NA,2.4,NA,NA
Kings Canyon,KICA,CA,2014,4,April,2014-04-01,35159,NA,2.7,NA,NA
Kings Canyon,KICA,CA,2014,5,May,2014-05-01,45204,NA,3.1,NA,NA
Kings Canyon,KICA,CA,2014,6,June,2014-06-01,57761,NA,3,NA,NA
Kings Canyon,KICA,CA,2014,7,July,2014-07-01,70318,NA,2.7,NA,NA
Kings Canyon,KICA,CA,2014,8,August,2014-08-01,65295,NA,2.6,NA,NA
Kings Canyon,KICA,CA,2014,9,September,2014-09-01,52738,NA,2.5,NA,NA
Kings Canyon,KICA,CA,2014,10,October,2014-10-01,42693,NA,2.5,NA,NA
Kings Canyon,KICA,CA,2014,11,November,2014-11-01,35159,NA,2.5,NA,NA
Kings Canyon,KICA,CA,2014,12,December,2014-12-01,32647,NA,2.3,NA,NA
Kings Canyon,KICA,CA,2015,1,January,2015-01-01,16384,NA,2.1,NA,NA
Kings Canyon,KICA,CA,2015,2,February,2015-02-01,18724,NA,1.9,NA,NA
Kings Canyon,KICA,CA,2015,3,March,2015-03-01,25746,NA,2.4,NA,NA
Kings Canyon,KICA,CA,2015,4,April,2015-04-01,32767,NA,2.7,NA,NA
Kings Canyon,KICA,CA,2015,5,May,2015-05-01,42130,NA,3.1,NA,NA
Kings Canyon,KICA,CA,2015,6,June,2015-06-01,53832,NA,3,NA,NA
Kings Canyon,KICA,CA,2015,7,July,2015-07-01,65535,NA,2.7,NA,NA
Kings Canyon,KICA,CA,2015,8,August,2015-08-01,60854,NA,2.6,NA,NA
Kings Canyon,KICA,CA,2015,9,September,2015-09-01,49151,NA,2.5,NA,NA
Kings Canyon,KICA,CA,2015,10,October,2015-10-01,39789,NA,2.5,NA,NA
Kings Canyon,KICA,CA,2015,11,November,2015-11-01,32767,NA,2.5,NA,NA
Kings Canyon,KICA,CA,2015,12,December,2015-12-01,30427,NA,2.3,NA,NA
Kings Canyon,KICA,CA,2016,1,January,2016-01-01,21262,NA,2.1,NA,NA
Kings Canyon,KICA,CA,2016,2,February,2016-02-01,24299,NA,1.9,NA,NA
Kings Canyon,KICA,CA,2016,3,March,2016-03-01,33411,NA,2.4,NA,NA
Kings Canyon,KICA,CA,2016,4,April,2016-04-01,42524,NA,2.7,NA,NA
Kings Canyon,KICA,CA,2016,5,May,2016-05-01,54673,NA,3.1,NA,NA
Kings Canyon,KICA,CA,2016,6,June,2016-06-01,69860,NA,3,NA,NA
Kings Canyon,KICA,CA,2016,7,July,2016-07-01,85047,NA,2.7,NA,NA
Kings Canyon,KICA,CA,2016,8,August,2016-08-01,78972,NA,2.6,NA,NA
Kings Canyon,KICA,CA,2016,9,September,2016-09-01,63785,NA,2.5,NA,NA
Kings Canyon,KICA,CA,2016,10,October,2016-10-01,51636,NA,2.5,NA,NA
Kings Canyon,KICA,CA,2016,11,November,2016-11-01,42524,NA,2.5,NA,NA
Kings Canyon,KICA,CA,2016,12,December,2016-12-01,39486,NA,2.3,NA,NA
Kobuk Valley,KOVA,AK,2007,1,January,2007-01-01,30,NA,2.1,NA,NA
Kobuk Valley,KOVA,AK,2007,2,February,2007-02-01,34,NA,1.9,NA,NA
Kobuk Valley,KOVA,AK,2007,3,March,2007-03-01,47,NA,2.4,NA,NA
Kobuk Valley,KOVA,AK,2007,4,April,2007-04-01,59,NA,2.7,NA,NA
Kobuk Valley,KOVA,AK,2007,5,May,2007-05-01,76,NA,3.1,NA,NA
Kobuk Valley,KOVA,AK,2007,6,June,2007-06-01,97,NA,3,NA,NA
Kobuk Valley,KOVA,AK,2007,7,July,2007-07-01,119,NA,2.7,NA,NA
Kobuk Valley,KOVA,AK,2007,8,August,2007-08-01,110,NA,2.6,NA,NA
Kobuk Valley,KOVA,AK,2007,9,September,2007-09-01,89,NA,2.5,NA,NA
Kobuk Valley,KOVA,AK,2007,10,October,2007-10-01,72,NA,2.5,NA,NA
Kobuk Valley,KOVA,AK,2007,11,November,2007-11-01,59,NA,2.5,NA,NA
Kobuk Valley,KOVA,AK,2007,12,December,2007-12-01,55,NA,2.3,NA,NA
Kobuk Valley,KOVA,AK,2008,1,January,2008-01-01,55,NA,2.1,NA,NA
Kobuk Valley,KOVA,AK,2008,2,February,2008-02-01,63,NA,1.9,NA,NA
Kobuk Valley,KOVA,AK,2008,3,March,2008-03-01,86,NA,2.4,NA,NA
Kobuk Valley,KOVA,AK,2008,4,April,2008-04-01,110,NA,2.7,NA,NA
Kobuk Valley,KOVA,AK,2008,5,May,2008-05-01,141,NA,3.1,NA,NA
Kobuk Valley,KOVA,AK,2008,6,June,2008-06-01,180,NA,3,NA,NA
Kobuk Valley,KOVA,AK,2008,7,July,2008-07-01,219,NA,2.7,NA,NA
Kobuk Valley,KOVA,AK,2008,8,August,2008-08-01,203,NA,2.6,NA,NA
Kobuk Valley,KOVA,AK,2008,9,September,2008-09-01,164,NA,2.5,NA,NA
Kobuk Valley,KOVA,AK,2008,10,October,2008-10-01,133,NA,2.5,NA,NA
Kobuk Valley,KOVA,AK,2008,11,November,2008-11-01,110,NA,2.5,NA,NA
Kobuk Valley,KOVA,AK,2008,12,December,2008-12-01,102,NA,2.3,NA,NA
Kobuk Valley,KOVA,AK,2009,1,January,2009-01-01,66,NA,2.1,NA,NA
Kobuk Valley,KOVA,AK,2009,2,February,2009-02-01,75,NA,1.9,NA,NA
Kobuk Valley,KOVA,AK,2009,3,March,2009-03-01,103,NA,2.4,NA,NA
Kobuk Valley,KOVA,AK,2009,4,April,2009-04-01,132,NA,2.7,NA,NA
Kobuk Valley,KOVA,AK,2009,5,May,2009-05-01,169,NA,3.1,NA,NA
Kobuk Valley,KOVA,AK,2009,6,June,2009-06-01,216,NA,3,NA,NA
Kobuk Valley,KOVA,AK,2009,7,July,2009-07-01,263,NA,2.7,NA,NA
Kobuk Valley,KOVA,AK,2009,8,August,2009-08-01,244,NA,2.6,NA,NA
Kobuk Valley,KOVA,AK,2009,9,September,2009-09-01,197,NA,2.5,NA,NA
Kobuk Valley,KOVA,AK,2009,10,October,2009-10-01,160,NA,2.5,NA,NA
Kobuk Valley,KOVA,AK,2009,11,November,2009-11-01,132,NA,2.5,NA,NA
Kobuk Valley,KOVA,AK,2009,12,December,2009-12-01,122,NA,2.3,NA,NA
Kobuk Valley,KOVA,AK,2010,1,January,2010-01-01,111,NA,2.1,NA,NA
Kobuk Valley,KOVA,AK,2010,2,February,2010-02-01,127,NA,1.9,NA,NA
Kobuk Valley,KOVA,AK,2010,3,March,2010-03-01,174,NA,2.4,NA,NA
Kobuk Valley,KOVA,AK,2010,4,April,2010-04-01,221,NA,2.7,NA,NA
Kobuk Valley,KOVA,AK,2010,5,May,2010-05-01,285,NA,3.1,NA,NA
Kobuk Valley,KOVA,AK,2010,6,June,2010-06-01,364,NA,3,NA,NA
Kobuk Valley,KOVA,AK,2010,7,July,2010-07-01,443,NA,2.7,NA,NA
Kobuk Valley,KOVA,AK,2010,8,August,2010-08-01,411,NA,2.6,NA,NA
Kobuk Valley,KOVA,AK,2010,9,September,2010-09-01,332,NA,2.5,NA,NA
Kobuk Valley,KOVA,AK,2010,10,October,2010-10-01,269,NA,2.5,NA,NA
Kobuk Valley,KOVA,AK,2010,11,November,2010-11-01,221,NA,2.5,NA,NA
Kobuk Valley,KOVA,AK,2010,12,December,2010-12-01,206,NA,2.3,NA,NA
Kobuk Valley,KOVA,AK,2011,1,January,2011-01-01,402,NA,2.1,NA,NA
Kobuk Valley,KOVA,AK,2011,2,February,2011-02-01,459,NA,1.9,NA,NA
Kobuk Valley,KOVA,AK,2011,3,March,2011-03-01,632,NA,2.4,NA,NA
Kobuk Valley,KOVA,AK,2011,4,April,2011-04-01,804,NA,2.7,NA,NA
Kobuk Valley,KOVA,AK,2011,5,May,2011-05-01,1034,NA,3.1,NA,NA
Kobuk Valley,KOVA,AK,2011,6,June,2011-06-01,1321,NA,3,NA,NA
Kobuk Valley,KOVA,AK,2011,7,July,2011-07-01,1608,NA,2.7,NA,NA
Kobuk Valley,KOVA,AK,2011,8,August,2011-08-01,1493,NA,2.6,NA,NA
Kobuk Valley,KOVA,AK,2011,9,September,2011-09-01,1206,NA,2.5,NA,NA
Kobuk Valley,KOVA,AK,2011,10,October,2011-10-01,976,NA,2.5,NA,NA
Kobuk Valley,KOVA,AK,2011,11,November,2011-11-01,804,NA,2.5,NA,NA
Kobuk Valley,KOVA,AK,2011,12,December,2011-12-01,747,NA,2.3,NA,NA
Kobuk Valley,KOVA,AK,2012,1,January,2012-01-01,1034,NA,2.1,NA,NA
Kobuk Valley,KOVA,AK,2012,2,February,2012-02-01,1182,NA,1.9,NA,NA
Kobuk Valley,KOVA,AK,2012,3,March,2012-03-01,1625,NA,2.4,NA,NA
Kobuk Valley,KOVA,AK,2012,4,April,2012-04-01,2068,NA,2.7,NA,NA
Kobuk Valley,KOVA,AK,2012,5,May,2012-05-01,2660,NA,3.1,NA,NA
Kobuk Valley,KOVA,AK,2012,6,June,2012-06-01,3398,NA,3,NA,NA
Kobuk Valley,KOVA,AK,2012,7,July,2012-07-01,4137,NA,2.7,NA,NA
Kobuk Valley,KOVA,AK,2012,8,August,2012-08-01,3842,NA,2.6,NA,NA
Kobuk Valley,KOVA,AK,2012,9,September,2012-09-01,3103,NA,2.5,NA,NA
Kobuk Valley,KOVA,AK,2012,10,October,2012-10-01,2512,NA,2.5,NA,NA
Kobuk Valley,KOVA,AK,2012,11,November,2012-11-01,2068,NA,2.5,NA,NA
Kobuk Valley,KOVA,AK,2012,12,December,2012-12-01,1921,NA,2.3,NA,NA
Kobuk Valley,KOVA,AK,2013,1,January,2013-01-01,591,NA,2.1,NA,NA
Kobuk Valley,KOVA,AK,2013,2,February,2013-02-01,675,NA,1.9,NA,NA
Kobuk Valley,KOVA,AK,2013,3,March,2013-03-01,928,NA,2.4,NA,NA
Kobuk Valley,KOVA,AK,2013,4,April,2013-04-01,1181,NA,2.7,NA,NA
Kobuk Valley,KOVA,AK,2013,5,May,2013-05-01,1519,NA,3.1,NA,NA
Kobuk Valley,KOVA,AK,2013,6,June,2013-06-01,1941,NA,3,NA,NA
Kobuk Valley,KOVA,AK,2013,7,July,2013-07-01,2362,NA,2.7,NA,NA
Kobuk Valley,KOVA,AK,2013,8,August,2013-08-01,2194,NA,2.6,NA,NA
Kobuk Valley,KOVA,AK,2013,9,September,2013-09-01,1772,NA,2.5,NA,NA
Kobuk Valley,KOVA,AK,2013,10,October,2013-10-01,1434,NA,2.5,NA,NA
Kobuk Valley,KOVA,AK,2013,11,November,2013-11-01,1181,NA,2.5,NA,NA
Kobuk Valley,KOVA,AK,2013,12,December,2013-12-01,1097,NA,2.3,NA,NA
Kobuk Valley,KOVA,AK,2016,1,January,2016-01-01,542,NA,2.1,NA,NA
Kobuk Valley,KOVA,AK,2016,2,February,2016-02-01,620,NA,1.9,NA,NA
Kobuk Valley,KOVA,AK,2016,3,March,2016-03-01,852,NA,2.4,NA,NA
Kobuk Valley,KOVA,AK,2016,4,April,2016-04-01,1085,NA,2.7,NA,NA
Kobuk Valley,KOVA,AK,2016,5,May,2016-05-01,1395,NA,3.1,NA,NA
Kobuk Valley,KOVA,AK,2016,6,June,2016-06-01,1782,NA,3,NA,NA
Kobuk Valley,KOVA,AK,2016,7,July,2016-07-01,2170,NA,2.7,NA,NA
Kobuk Valley,KOVA,AK,2016,8,August,2016-08-01,2015,NA,2.6,NA,NA
Kobuk Valley,KOVA,AK,2016,9,September,2016-09-01,1628,NA,2.5,NA,NA
Kobuk Valley,KOVA,AK,2016,10,October,2016-10-01,1318,NA,2.5,NA,NA
Kobuk Valley,KOVA,AK,2016,11,November,2016-11-01,1085,NA,2.5,NA,NA
Kobuk Valley,KOVA,AK,2016,12,December,2016-12-01,1008,NA,2.3,NA,NA
Lake Clark,LACL,AK,2007,1,January,2007-01-01,194,NA,2.1,NA,NA
Lake Clark,LACL,AK,2007,2,February,2007-02-01,222,NA,1.9,NA,NA
Lake Clark,LACL,AK,2007,3,March,2007-03-01,305,NA,2.4,NA,NA
Lake Clark,LACL,AK,2007,4,April,2007-04-01,388,NA,2.7,NA,NA
Lake Clark,LACL,AK,2007,5,May,2007-05-01,499,NA,3.1,NA,NA
Lake Clark,LACL,AK,2007,6,June,2007-06-01,638,NA,3,NA,NA
Lake Clark,LACL,AK,2007,7,July,2007-07-01,777,NA,2.7,NA,NA
Lake Clark,LACL,AK,2007,8,August,2007-08-01,721,NA,2.6,NA,NA
Lake Clark,LACL,AK,2007,9,September,2007-09-01,583,NA,2.5,NA,NA
Lake Clark,LACL,AK,2007,10,October,2007-10-01,472,NA,2.5,NA,NA
Lake Clark,LACL,AK,2007,11,November,2007-11-01,388,NA,2.5,NA,NA
Lake Clark,LACL,AK,2007,12,December,2007-12-01,361,NA,2.3,NA,NA
Lake Clark,LACL,AK,2008,1,January,2008-01-01,238,NA,2.1,NA,NA
Lake Clark,LACL,AK,2008,2,February,2008-02-01,272,NA,1.9,NA,NA
Lake Clark,LACL,AK,2008,3,March,2008-03-01,374,NA,2.4,NA,NA
Lake Clark,LACL,AK,2008,4,April,2008-04-01,476,NA,2.7,NA,NA
Lake Clark,LACL,AK,2008,5,May,2008-05-01,612,NA,3.1,NA,NA
Lake Clark,LACL,AK,2008,6,June,2008-06-01,782,NA,3,NA,NA
Lake Clark,LACL,AK,2008,7,July,2008-07-01,952,NA,2.7,NA,NA
Lake Clark,LACL,AK,2008,8,August,2008-08-01,884,NA,2.6,NA,NA
Lake Clark,LACL,AK,2008,9,September,2008-09-01,714,NA,2.5,NA,NA
Lake Clark,LACL,AK,2008,10,October,2008-10-01,578,NA,2.5,NA,NA
Lake Clark,LACL,AK,2008,11,November,2008-11-01,476,NA,2.5,NA,NA
Lake Clark,LACL,AK,2008,12,December,2008-12-01,442,NA,2.3,NA,NA
Lake Clark,LACL,AK,2009,1,January,2009-01-01,340,NA,2.1,NA,NA
Lake Clark,LACL,AK,2009,2,February,2009-02-01,388,NA,1.9,NA,NA
Lake Clark,LACL,AK,2009,3,March,2009-03-01,534,NA,2.4,NA,NA
Lake Clark,LACL,AK,2009,4,April,2009-04-01,680,NA,2.7,NA,NA
Lake Clark,LACL,AK,2009,5,May,2009-05-01,874,NA,3.1,NA,NA
Lake Clark,LACL,AK,2009,6,June,2009-06-01,1117,NA,3,NA,NA
Lake Clark,LACL,AK,2009,7,July,2009-07-01,1360,NA,2.7,NA,NA
Lake Clark,LACL,AK,2009,8,August,2009-08-01,1262,NA,2.6,NA,NA
Lake Clark,LACL,AK,2009,9,September,2009-09-01,1020,NA,2.5,NA,NA
Lake Clark,LACL,AK,2009,10,October,2009-10-01,825,NA,2.5,NA,NA
Lake Clark,LACL,AK,2009,11,November,2009-11-01,680,NA,2.5,NA,NA
Lake Clark,LACL,AK,2009,12,December,2009-12-01,631,NA,2.3,NA,NA
Lake Clark,LACL,AK,2010,1,January,2010-01-01,348,NA,2.1,NA,NA
Lake Clark,LACL,AK,2010,2,February,2010-02-01,397,NA,1.9,NA,NA
Lake Clark,LACL,AK,2010,3,March,2010-03-01,546,NA,2.4,NA,NA
Lake Clark,LACL,AK,2010,4,April,2010-04-01,695,NA,2.7,NA,NA
Lake Clark,LACL,AK,2010,5,May,2010-05-01,894,NA,3.1,NA,NA
Lake Clark,LACL,AK,2010,6,June,2010-06-01,1142,NA,3,NA,NA
Lake Clark,LACL,AK,2010,7,July,2010-07-01,1390,NA,2.7,NA,NA
Lake Clark,LACL,AK,2010,8,August,2010-08-01,1291,NA,2.6,NA,NA
Lake Clark,LACL,AK,2010,9,September,2010-09-01,1043,NA,2.5,NA,NA
Lake Clark,LACL,AK,2010,10,October,2010-10-01,844,NA,2.5,NA,NA
Lake Clark,LACL,AK,2010,11,November,2010-11-01,695,NA,2.5,NA,NA
Lake Clark,LACL,AK,2010,12,December,2010-12-01,646,NA,2.3,NA,NA
Lake Clark,LACL,AK,2011,1,January,2011-01-01,181,NA,2.1,NA,NA
Lake Clark,LACL,AK,2011,2,February,2011-02-01,206,NA,1.9,NA,NA
Lake Clark,LACL,AK,2011,3,March,2011-03-01,284,NA,2.4,NA,NA
Lake Clark,LACL,AK,2011,4,April,2011-04-01,361,NA,2.7,NA,NA
Lake Clark,LACL,AK,2011,5,May,2011-05-01,464,NA,3.1,NA,NA
Lake Clark,LACL,AK,2011,6,June,2011-06-01,593,NA,3,NA,NA
Lake Clark,LACL,AK,2011,7,July,2011-07-01,722,NA,2.7,NA,NA
Lake Clark,LACL,AK,2011,8,August,2011-08-01,671,NA,2.6,NA,NA
Lake Clark,LACL,AK,2011,9,September,2011-09-01,542,NA,2.5,NA,NA
Lake Clark,LACL,AK,2011,10,October,2011-10-01,438,NA,2.5,NA,NA
Lake Clark,LACL,AK,2011,11,November,2011-11-01,361,NA,2.5,NA,NA
Lake Clark,LACL,AK,2011,12,December,2011-12-01,335,NA,2.3,NA,NA
Lake Clark,LACL,AK,2012,1,January,2012-01-01,407,NA,2.1,NA,NA
Lake Clark,LACL,AK,2012,2,February,2012-02-01,466,NA,1.9,NA,NA
Lake Clark,LACL,AK,2012,3,March,2012-03-01,640,NA,2.4,NA,NA
Lake Clark,LACL,AK,2012,4,April,2012-04-01,815,NA,2.7,NA,NA
Lake Clark,LACL,AK,2012,5,May,2012-05-01,1048,NA,3.1,NA,NA
Lake Clark,LACL,AK,2012,6,June,2012-06-01,1338,NA,3,NA,NA
Lake Clark,LACL,AK,2012,7,July,2012-07-01,1629,NA,2.7,NA,NA
Lake Clark,LACL,AK,2012,8,August,2012-08-01,1513,NA,2.6,NA,NA
Lake Clark,LACL,AK,2012,9,September,2012-09-01,1222,NA,2.5,NA,NA
Lake Clark,LACL,AK,2012,10,October,2012-10-01,989,NA,2.5,NA,NA
Lake Clark,LACL,AK,2012,11,November,2012-11-01,815,NA,2.5,NA,NA
Lake Clark,LACL,AK,2012,12,December,2012-12-01,757,NA,2.3,NA,NA
Lake Clark,LACL,AK,2013,1,January,2013-01-01,455,NA,2.1,NA,NA
Lake Clark,LACL,AK,2013,2,February,2013-02-01,520,NA,1.9,NA,NA
Lake Clark,LACL,AK,2013,3,March,2013-03-01,715,NA,2.4,NA,NA
Lake Clark,LACL,AK,2013,4,April,2013-04-01,910,NA,2.7,NA,NA
Lake Clark,LACL,AK,2013,5,May,2013-05-01,1170,NA,3.1,NA,NA
Lake Clark,LACL,AK,2013,6,June,2013-06-01,1495,NA,3,NA,NA
Lake Clark,LACL,AK,2013,7,July,2013-07-01,1820,NA,2.7,NA,NA
Lake Clark,LACL,AK,2013,8,August,2013-08-01,1690,NA,2.6,NA,NA
Lake Clark,LACL,AK,2013,9,September,2013-09-01,1365,NA,2.5,NA,NA
Lake Clark,LACL,AK,2013,10,October,2013-10-01,1105,NA,2.5,NA,NA
Lake Clark,LACL,AK,2013,11,November,2013-11-01,910,NA,2.5,NA,NA
Lake Clark,LACL,AK,2013,12,December,2013-12-01,845,NA,2.3,NA,NA
Lake Clark,LACL,AK,2014,1,January,2014-01-01,564,NA,2.1,NA,NA
Lake Clark,LACL,AK,2014,2,February,2014-02-01,644,NA,1.9,NA,NA
Lake Clark,LACL,AK,2014,3,March,2014-03-01,886,NA,2.4,NA,NA
Lake Clark,LACL,AK,2014,4,April,2014-04-01,1127,NA,2.7,NA,NA
Lake Clark,LACL,AK,2014,5,May,2014-05-01,1449,NA,3.1,NA,NA
Lake Clark,LACL,AK,2014,6,June,2014-06-01,1852,NA,3,NA,NA
Lake Clark,LACL,AK,2014,7,July,2014-07-01,2254,NA,2.7,NA,NA
Lake Clark,LACL,AK,2014,8,August,2014-08-01,2093,NA,2.6,NA,NA
Lake Clark,LACL,AK,2014,9,September,2014-09-01,1690,NA,2.5,NA,NA
Lake Clark,LACL,AK,2014,10,October,2014-10-01,1368,NA,2.5,NA,NA
Lake Clark,LACL,AK,2014,11,November,2014-11-01,1127,NA,2.5,NA,NA
Lake Clark,LACL,AK,2014,12,December,2014-12-01,1046,NA,2.3,NA,NA
Lake Clark,LACL,AK,2015,1,January,2015-01-01,624,NA,2.1,NA,NA
Lake Clark,LACL,AK,2015,2,February,2015-02-01,713,NA,1.9,NA,NA
Lake Clark,LACL,AK,2015,3,March,2015-03-01,980,NA,2.4,NA,NA
Lake Clark,LACL,AK,2015,4,April,2015-04-01,1247,NA,2.7,NA,NA
Lake Clark,LACL,AK,2015,5,May,2015-05-01,1604,NA,3.1,NA,NA
Lake Clark,LACL,AK,2015,6,June,2015-06-01,2049,NA,3,NA,NA
Lake Clark,LACL,AK,2015,7,July,2015-07-01,2495,NA,2.7,NA,NA
Lake Clark,LACL,AK,2015,8,August,2015-08-01,2316,NA,2.6,NA,NA
Lake Clark,LACL,AK,2015,9,September,2015-09-01,1871,NA,2.5,NA,NA
Lake Clark,LACL,AK,2015,10,October,2015-10-01,1515,NA,2.5,NA,NA
Lake Clark,LACL,AK,2015,11,November,2015-11-01,1247,NA,2.5,NA,NA
Lake Clark,LACL,AK,2015,12,December,2015-12-01,1158,NA,2.3,NA,NA
Lake Clark,LACL,AK,2016,1,January,2016-01-01,739,NA,2.1,NA,NA
Lake Clark,LACL,AK,2016,2,February,2016-02-01,844,NA,1.9,NA,NA
Lake Clark,LACL,AK,2016,3,March,2016-03-01,1161,NA,2.4,NA,NA
Lake Clark,LACL,AK,2016,4,April,2016-04-01,1477,NA,2.7,NA,NA
Lake Clark,LACL,AK,2016,5,May,2016-05-01,1899,NA,3.1,NA,NA
Lake Clark,LACL,AK,2016,6,June,2016-06-01,2427,NA,3,NA,NA
Lake Clark,LACL,AK,2016,7,July,2016-07-01,2954,NA,2.7,NA,NA
Lake Clark,LACL,AK,2016,8,August,2016-08-01,2743,NA,2.6,NA,NA
Lake Clark,LACL,AK,2016,9,September,2016-09-01,2216,NA,2.5,NA,NA
Lake Clark,LACL,AK,2016,10,October,2016-10-01,1794,NA,2.5,NA,NA
Lake Clark,LACL,AK,2016,11,November,2016-11-01,1477,NA,2.5,NA,NA
Lake Clark,LACL,AK,2016,12,December,2016-12-01,1372,NA,2.3,NA,NA
Lassen Volcanic,LAVO,CA,2007,1,January,2007-01-01,13827,NA,2.1,NA,NA
Lassen Volcanic,LAVO,CA,2007,2,February,2007-02-01,15802,NA,1.9,NA,NA
Lassen Volcanic,LAVO,CA,2007,3,March,2007-03-01,21728,NA,2.4,NA,NA
Lassen Volcanic,LAVO,CA,2007,4,April,2007-04-01,27654,NA,2.7,NA,NA
Lassen Volcanic,LAVO,CA,2007,5,May,2007-05-01,35555,NA,3.1,NA,NA
Lassen Volcanic,LAVO,CA,2007,6,June,2007-06-01,45432,NA,3,NA,NA
Lassen Volcanic,LAVO,CA,2007,7,July,2007-07-01,55308,NA,2.7,NA,NA
Lassen Volcanic,LAVO,CA,2007,8,August,2007-08-01,51357,NA,2.6,NA,NA
Lassen Volcanic,LAVO,CA,2007,9,September,2007-09-01,41481,NA,2.5,NA,NA
Lassen Volcanic,LAVO,CA,2007,10,October,2007-10-01,33580,NA,2.5,NA,NA
Lassen Volcanic,LAVO,CA,2007,11,November,2007-11-01,27654,NA,2.5,NA,NA
Lassen Volcanic,LAVO,CA,2007,12,December,2007-12-01,25679,NA,2.3,NA,NA
Lassen Volcanic,LAVO,CA,2008,1,January,2008-01-01,13208,NA,2.1,NA,NA
Lassen Volcanic,LAVO,CA,2008,2,February,2008-02-01,15094,NA,1.9,NA,NA
Lassen Volcanic,LAVO,CA,2008,3,March,2008-03-01,20755,NA,2.4,NA,NA
Lassen Volcanic,LAVO,CA,2008,4,April,2008-04-01,26415,NA,2.7,NA,NA
Lassen Volcanic,LAVO,CA,2008,5,May,2008-05-01,33962,NA,3.1,NA,NA
Lassen Volcanic,LAVO,CA,2008,6,June,2008-06-01,43397,NA,3,NA,NA
Lassen Volcanic,LAVO,CA,2008,7,July,2008-07-01,52831,NA,2.7,NA,NA
Lassen Volcanic,LAVO,CA,2008,8,August,2008-08-01,49057,NA,2.6,NA,NA
Lassen Volcanic,LAVO,CA,2008,9,September,2008-09-01,39623,NA,2.5,NA,NA
Lassen Volcanic,LAVO,CA,2008,10,October,2008-10-01,32076,NA,2.5,NA,NA
Lassen Volcanic,LAVO,CA,2008,11,November,2008-11-01,26415,NA,2.5,NA,NA
Lassen Volcanic,LAVO,CA,2008,12,December,2008-12-01,24528,NA,2.3,NA,NA
Lassen Volcanic,LAVO,CA,2009,1,January,2009-01-01,12797,NA,2.1,NA,NA
Lassen Volcanic,LAVO,CA,2009,2,February,2009-02-01,14626,NA,1.9,NA,NA
Lassen Volcanic,LAVO,CA,2009,3,March,2009-03-01,20110,NA,2.4,NA,NA
Lassen Volcanic,LAVO,CA,2009,4,April,2009-04-01,25595,NA,2.7,NA,NA
Lassen Volcanic,LAVO,CA,2009,5,May,2009-05-01,32908,NA,3.1,NA,NA
Lassen Volcanic,LAVO,CA,2009,6,June,2009-06-01,42048,NA,3,NA,NA
Lassen Volcanic,LAVO,CA,2009,7,July,2009-07-01,51189,NA,2.7,NA,NA
Lassen Volcanic,LAVO,CA,2009,8,August,2009-08-01,47533,NA,2.6,NA,NA
Lassen Volcanic,LAVO,CA,2009,9,September,2009-09-01,38392,NA,2.5,NA,NA
Lassen Volcanic,LAVO,CA,2009,10,October,2009-10-01,31079,NA,2.5,NA,NA
Lassen Volcanic,LAVO,CA,2009,11,November,2009-11-01,25595,NA,2.5,NA,NA
Lassen Volcanic,LAVO,CA,2009,12,December,2009-12-01,23767,NA,2.3,NA,NA
Lassen Volcanic,LAVO,CA,2010,1,January,2010-01-01,13460,NA,2.1,NA,NA
Lassen Volcanic,LAVO,CA,2010,2,February,2010-02-01,15383,NA,1.9,NA,NA
Lassen Volcanic,LAVO,CA,2010,3,March,2010-03-01,21151,NA,2.4,NA,NA
Lassen Volcanic,LAVO,CA,2010,4,April,2010-04-01,26920,NA,2.7,NA,NA
Lassen Volcanic,LAVO,CA,2010,5,May,2010-05-01,34611,NA,3.1,NA,NA
Lassen Volcanic,LAVO,CA,2010,6,June,2010-06-01,44226,NA,3,NA,NA
Lassen Volcanic,LAVO,CA,2010,7,July,2010-07-01,53840,NA,2.7,NA,NA
Lassen Volcanic,LAVO,CA,2010,8,August,2010-08-01,49994,NA,2.6,NA,NA
Lassen Volcanic,LAVO,CA,2010,9,September,2010-09-01,40380,NA,2.5,NA,NA
Lassen Volcanic,LAVO,CA,2010,10,October,2010-10-01,32688,NA,2.5,NA,NA
Lassen Volcanic,LAVO,CA,2010,11,November,2010-11-01,26920,NA,2.5,NA,NA
Lassen Volcanic,LAVO,CA,2010,12,December,2010-12-01,24997,NA,2.3,NA,NA
Lassen Volcanic,LAVO,CA,2011,1,January,2011-01-01,12294,NA,2.1,NA,NA
Lassen Volcanic,LAVO,CA,2011,2,February,2011-02-01,14051,NA,1.9,NA,NA
Lassen Volcanic,LAVO,CA,2011,3,March,2011-03-01,19320,NA,2.4,NA,NA
Lassen Volcanic,LAVO,CA,2011,4,April,2011-04-01,24589,NA,2.7,NA,NA
Lassen Volcanic,LAVO,CA,2011,5,May,2011-05-01,31614,NA,3.1,NA,NA
Lassen Volcanic,LAVO,CA,2011,6,June,2011-06-01,40396,NA,3,NA,NA
Lassen Volcanic,LAVO,CA,2011,7,July,2011-07-01,49178,NA,2.7,NA,NA
Lassen Volcanic,LAVO,CA,2011,8,August,2011-08-01,45665,NA,2.6,NA,NA
Lassen Volcanic,LAVO,CA,2011,9,September,2011-09-01,36883,NA,2.5,NA,NA
Lassen Volcanic,LAVO,CA,2011,10,October,2011-10-01,29858,NA,2.5,NA,NA
Lassen Volcanic,LAVO,CA,2011,11,November,2011-11-01,24589,NA,2.5,NA,NA
Lassen Volcanic,LAVO,CA,2011,12,December,2011-12-01,22832,NA,2.3,NA,NA
Lassen Volcanic,LAVO,CA,2012,1,January,2012-01-01,14268,NA,2.1,NA,NA
Lassen Volcanic,LAVO,CA,2012,2,February,2012-02-01,16306,NA,1.9,NA,NA
Lassen Volcanic,LAVO,CA,2012,3,March,2012-03-01,22421,NA,2.4,NA,NA
Lassen Volcanic,LAVO,CA,2012,4,April,2012-04-01,28536,NA,2.7,NA,NA
Lassen Volcanic,LAVO,CA,2012,5,May,2012-05-01,36689,NA,3.1,NA,NA
Lassen Volcanic,LAVO,CA,2012,6,June,2012-06-01,46880,NA,3,NA,NA
Lassen Volcanic,LAVO,CA,2012,7,July,2012-07-01,57071,NA,2.7,NA,NA
Lassen Volcanic,LAVO,CA,2012,8,August,2012-08-01,52995,NA,2.6,NA,NA
Lassen Volcanic,LAVO,CA,2012,9,September,2012-09-01,42804,NA,2.5,NA,NA
Lassen Volcanic,LAVO,CA,2012,10,October,2012-10-01,34651,NA,2.5,NA,NA
Lassen Volcanic,LAVO,CA,2012,11,November,2012-11-01,28536,NA,2.5,NA,NA
Lassen Volcanic,LAVO,CA,2012,12,December,2012-12-01,26497,NA,2.3,NA,NA
Lassen Volcanic,LAVO,CA,2013,1,January,2013-01-01,14959,NA,2.1,NA,NA
Lassen Volcanic,LAVO,CA,2013,2,February,2013-02-01,17096,NA,1.9,NA,NA
Lassen Volcanic,LAVO,CA,2013,3,March,2013-03-01,23507,NA,2.4,NA,NA
Lassen Volcanic,LAVO,CA,2013,4,April,2013-04-01,29919,NA,2.7,NA,NA
Lassen Volcanic,LAVO,CA,2013,5,May,2013-05-01,38467,NA,3.1,NA,NA
Lassen Volcanic,LAVO,CA,2013,6,June,2013-06-01,49152,NA,3,NA,NA
Lassen Volcanic,LAVO,CA,2013,7,July,2013-07-01,59837,NA,2.7,NA,NA
Lassen Volcanic,LAVO,CA,2013,8,August,2013-08-01,55563,NA,2.6,NA,NA
Lassen Volcanic,LAVO,CA,2013,9,September,2013-09-01,44878,NA,2.5,NA,NA
Lassen Volcanic,LAVO,CA,2013,10,October,2013-10-01,36330,NA,2.5,NA,NA
Lassen Volcanic,LAVO,CA,2013,11,November,2013-11-01,29919,NA,2.5,NA,NA
Lassen Volcanic,LAVO,CA,2013,12,December,2013-12-01,27782,NA,2.3,NA,NA
Lassen Volcanic,LAVO,CA,2014,1,January,2014-01-01,15154,NA,2.1,NA,NA
Lassen Volcanic,LAVO,CA,2014,2,February,2014-02-01,17319,NA,1.9,NA,NA
Lassen Volcanic,LAVO,CA,2014,3,March,2014-03-01,23814,NA,2.4,NA,NA
Lassen Volcanic,LAVO,CA,2014,4,April,2014-04-01,30308,NA,2.7,NA,NA
Lassen Volcanic,LAVO,CA,2014,5,May,2014-05-01,38968,NA,3.1,NA,NA
Lassen Volcanic,LAVO,CA,2014,6,June,2014-06-01,49792,NA,3,NA,NA
Lassen Volcanic,LAVO,CA,2014,7,July,2014-07-01,60617,NA,2.7,NA,NA
Lassen Volcanic,LAVO,CA,2014,8,August,2014-08-01,56287,NA,2.6,NA,NA
Lassen Volcanic,LAVO,CA,2014,9,September,2014-09-01,45463,NA,2.5,NA,NA
Lassen Volcanic,LAVO,CA,2014,10,October,2014-10-01,36803,NA,2.5,NA,NA
Lassen Volcanic,LAVO,CA,2014,11,November,2014-11-01,30308,NA,2.5,NA,NA
Lassen Volcanic,LAVO,CA,2014,12,December,2014-12-01,28144,NA,2.3,NA,NA
Lassen Volcanic,LAVO,CA,2015,1,January,2015-01-01,16383,NA,2.1,NA,NA
Lassen Volcanic,LAVO,CA,2015,2,February,2015-02-01,18724,NA,1.9,NA,NA
Lassen Volcanic,LAVO,CA,2015,3,March,2015-03-01,25745,NA,2.4,NA,NA
Lassen Volcanic,LAVO,CA,2015,4,April,2015-04-01,32766,NA,2.7,NA,NA
Lassen Volcanic,LAVO,CA,2015,5,May,2015-05-01,42128,NA,3.1,NA,NA
Lassen Volcanic,LAVO,CA,2015,6,June,2015-06-01,53831,NA,3,NA,NA
Lassen Volcanic,LAVO,CA,2015,7,July,2015-07-01,65533,NA,2.7,NA,NA
Lassen Volcanic,LAVO,CA,2015,8,August,2015-08-01,60852,NA,2.6,NA,NA
Lassen Volcanic,LAVO,CA,2015,9,September,2015-09-01,49150,NA,2.5,NA,NA
Lassen Volcanic,LAVO,CA,2015,10,October,2015-10-01,39788,NA,2.5,NA,NA
Lassen Volcanic,LAVO,CA,2015,11,November,2015-11-01,32766,NA,2.5,NA,NA
Lassen Volcanic,LAVO,CA,2015,12,December,2015-12-01,30426,NA,2.3,NA,NA
Lassen Volcanic,LAVO,CA,2016,1,January,2016-01-01,18762,NA,2.1,NA,NA
Lassen Volcanic,LAVO,CA,2016,2,February,2016-02-01,21443,NA,1.9,NA,NA
Lassen Volcanic,LAVO,CA,2016,3,March,2016-03-01,29484,NA,2.4,NA,NA
Lassen Volcanic,LAVO,CA,2016,4,April,2016-04-01,37525,NA,2.7,NA,NA
Lassen Volcanic,LAVO,CA,2016,5,May,2016-05-01,48246,NA,3.1,NA,NA
Lassen Volcanic,LAVO,CA,2016,6,June,2016-06-01,61648,NA,3,NA,NA
Lassen Volcanic,LAVO,CA,2016,7,July,2016-07-01,75050,NA,2.7,NA,NA
Lassen Volcanic,LAVO,CA,2016,8,August,2016-08-01,69689,NA,2.6,NA,NA
Lassen Volcanic,LAVO,CA,2016,9,September,2016-09-01,56287,NA,2.5,NA,NA
Lassen Volcanic,LAVO,CA,2016,10,October,2016-10-01,45566,NA,2.5,NA,NA
Lassen Volcanic,LAVO,CA,2016,11,November,2016-11-01,37525,NA,2.5,NA,NA
Lassen Volcanic,LAVO,CA,2016,12,December,2016-12-01,34844,NA,2.3,NA,NA
Mammoth Cave,MACA,KY,2007,1,January,2007-01-01,17056,NA,2.1,NA,NA
Mammoth Cave,MACA,KY,2007,2,February,2007-02-01,19492,NA,1.9,NA,NA
Mammoth Cave,MACA,KY,2007,3,March,2007-03-01,26802,NA,2.4,NA,NA
Mammoth Cave,MACA,KY,2007,4,April,2007-04-01,34111,NA,2.7,NA,NA
Mammoth Cave,MACA,KY,2007,5,May,2007-05-01,43857,NA,3.1,NA,NA
Mammoth Cave,MACA,KY,2007,6,June,2007-06-01,56040,NA,3,NA,NA
Mammoth Cave,MACA,KY,2007,7,July,2007-07-01,68223,NA,2.7,NA,NA
Mammoth Cave,MACA,KY,2007,8,August,2007-08-01,63350,NA,2.6,NA,NA
Mammoth Cave,MACA,KY,2007,9,September,2007-09-01,51167,NA,2.5,NA,NA
Mammoth Cave,MACA,KY,2007,10,October,2007-10-01,41421,NA,2.5,NA,NA
Mammoth Cave,MACA,KY,2007,11,November,2007-11-01,34111,NA,2.5,NA,NA
Mammoth Cave,MACA,KY,2007,12,December,2007-12-01,31675,NA,2.3,NA,NA
Mammoth Cave,MACA,KY,2008,1,January,2008-01-01,15616,NA,2.1,NA,NA
Mammoth Cave,MACA,KY,2008,2,February,2008-02-01,17847,NA,1.9,NA,NA
Mammoth Cave,MACA,KY,2008,3,March,2008-03-01,24540,NA,2.4,NA,NA
Mammoth Cave,MACA,KY,2008,4,April,2008-04-01,31232,NA,2.7,NA,NA
Mammoth Cave,MACA,KY,2008,5,May,2008-05-01,40156,NA,3.1,NA,NA
Mammoth Cave,MACA,KY,2008,6,June,2008-06-01,51310,NA,3,NA,NA
Mammoth Cave,MACA,KY,2008,7,July,2008-07-01,62464,NA,2.7,NA,NA
Mammoth Cave,MACA,KY,2008,8,August,2008-08-01,58003,NA,2.6,NA,NA
Mammoth Cave,MACA,KY,2008,9,September,2008-09-01,46848,NA,2.5,NA,NA
Mammoth Cave,MACA,KY,2008,10,October,2008-10-01,37925,NA,2.5,NA,NA
Mammoth Cave,MACA,KY,2008,11,November,2008-11-01,31232,NA,2.5,NA,NA
Mammoth Cave,MACA,KY,2008,12,December,2008-12-01,29001,NA,2.3,NA,NA
Mammoth Cave,MACA,KY,2009,1,January,2009-01-01,17635,NA,2.1,NA,NA
Mammoth Cave,MACA,KY,2009,2,February,2009-02-01,20154,NA,1.9,NA,NA
Mammoth Cave,MACA,KY,2009,3,March,2009-03-01,27712,NA,2.4,NA,NA
Mammoth Cave,MACA,KY,2009,4,April,2009-04-01,35270,NA,2.7,NA,NA
Mammoth Cave,MACA,KY,2009,5,May,2009-05-01,45347,NA,3.1,NA,NA
Mammoth Cave,MACA,KY,2009,6,June,2009-06-01,57943,NA,3,NA,NA
Mammoth Cave,MACA,KY,2009,7,July,2009-07-01,70540,NA,2.7,NA,NA
Mammoth Cave,MACA,KY,2009,8,August,2009-08-01,65501,NA,2.6,NA,NA
Mammoth Cave,MACA,KY,2009,9,September,2009-09-01,52905,NA,2.5,NA,NA
Mammoth Cave,MACA,KY,2009,10,October,2009-10-01,42828,NA,2.5,NA,NA
Mammoth Cave,MACA,KY,2009,11,November,2009-11-01,35270,NA,2.5,NA,NA
Mammoth Cave,MACA,KY,2009,12,December,2009-12-01,32751,NA,2.3,NA,NA
Mammoth Cave,MACA,KY,2010,1,January,2010-01-01,17403,NA,2.1,NA,NA
Mammoth Cave,MACA,KY,2010,2,February,2010-02-01,19889,NA,1.9,NA,NA
Mammoth Cave,MACA,KY,2010,3,March,2010-03-01,27347,NA,2.4,NA,NA
Mammoth Cave,MACA,KY,2010,4,April,2010-04-01,34806,NA,2.7,NA,NA
Mammoth Cave,MACA,KY,2010,5,May,2010-05-01,44750,NA,3.1,NA,NA
Mammoth Cave,MACA,KY,2010,6,June,2010-06-01,57181,NA,3,NA,NA
Mammoth Cave,MACA,KY,2010,7,July,2010-07-01,69612,NA,2.7,NA,NA
Mammoth Cave,MACA,KY,2010,8,August,2010-08-01,64639,NA,2.6,NA,NA
Mammoth Cave,MACA,KY,2010,9,September,2010-09-01,52209,NA,2.5,NA,NA
Mammoth Cave,MACA,KY,2010,10,October,2010-10-01,42264,NA,2.5,NA,NA
Mammoth Cave,MACA,KY,2010,11,November,2010-11-01,34806,NA,2.5,NA,NA
Mammoth Cave,MACA,KY,2010,12,December,2010-12-01,32320,NA,2.3,NA,NA
Mammoth Cave,MACA,KY,2011,1,January,2011-01-01,16916,NA,2.1,NA,NA
Mammoth Cave,MACA,KY,2011,2,February,2011-02-01,19333,NA,1.9,NA,NA
Mammoth Cave,MACA,KY,2011,3,March,2011-03-01,26583,NA,2.4,NA,NA
Mammoth Cave,MACA,KY,2011,4,April,2011-04-01,33832,NA,2.7,NA,NA
Mammoth Cave,MACA,KY,2011,5,May,2011-05-01,43499,NA,3.1,NA,NA
Mammoth Cave,MACA,KY,2011,6,June,2011-06-01,55582,NA,3,NA,NA
Mammoth Cave,MACA,KY,2011,7,July,2011-07-01,67665,NA,2.7,NA,NA
Mammoth Cave,MACA,KY,2011,8,August,2011-08-01,62831,NA,2.6,NA,NA
Mammoth Cave,MACA,KY,2011,9,September,2011-09-01,50748,NA,2.5,NA,NA
Mammoth Cave,MACA,KY,2011,10,October,2011-10-01,41082,NA,2.5,NA,NA
Mammoth Cave,MACA,KY,2011,11,November,2011-11-01,33832,NA,2.5,NA,NA
Mammoth Cave,MACA,KY,2011,12,December,2011-12-01,31416,NA,2.3,NA,NA
Mammoth Cave,MACA,KY,2012,1,January,2012-01-01,17782,NA,2.1,NA,NA
Mammoth Cave,MACA,KY,2012,2,February,2012-02-01,20322,NA,1.9,NA,NA
Mammoth Cave,MACA,KY,2012,3,March,2012-03-01,27943,NA,2.4,NA,NA
Mammoth Cave,MACA,KY,2012,4,April,2012-04-01,35564,NA,2.7,NA,NA
Mammoth Cave,MACA,KY,2012,5,May,2012-05-01,45725,NA,3.1,NA,NA
Mammoth Cave,MACA,KY,2012,6,June,2012-06-01,58426,NA,3,NA,NA
Mammoth Cave,MACA,KY,2012,7,July,2012-07-01,71128,NA,2.7,NA,NA
Mammoth Cave,MACA,KY,2012,8,August,2012-08-01,66047,NA,2.6,NA,NA
Mammoth Cave,MACA,KY,2012,9,September,2012-09-01,53346,NA,2.5,NA,NA
Mammoth Cave,MACA,KY,2012,10,October,2012-10-01,43185,NA,2.5,NA,NA
Mammoth Cave,MACA,KY,2012,11,November,2012-11-01,35564,NA,2.5,NA,NA
Mammoth Cave,MACA,KY,2012,12,December,2012-12-01,33024,NA,2.3,NA,NA
Mammoth Cave,MACA,KY,2013,1,January,2013-01-01,17309,NA,2.1,NA,NA
Mammoth Cave,MACA,KY,2013,2,February,2013-02-01,19782,NA,1.9,NA,NA
Mammoth Cave,MACA,KY,2013,3,March,2013-03-01,27200,NA,2.4,NA,NA
Mammoth Cave,MACA,KY,2013,4,April,2013-04-01,34618,NA,2.7,NA,NA
Mammoth Cave,MACA,KY,2013,5,May,2013-05-01,44509,NA,3.1,NA,NA
Mammoth Cave,MACA,KY,2013,6,June,2013-06-01,56872,NA,3,NA,NA
Mammoth Cave,MACA,KY,2013,7,July,2013-07-01,69236,NA,2.7,NA,NA
Mammoth Cave,MACA,KY,2013,8,August,2013-08-01,64290,NA,2.6,NA,NA
Mammoth Cave,MACA,KY,2013,9,September,2013-09-01,51927,NA,2.5,NA,NA
Mammoth Cave,MACA,KY,2013,10,October,2013-10-01,42036,NA,2.5,NA,NA
Mammoth Cave,MACA,KY,2013,11,November,2013-11-01,34618,NA,2.5,NA,NA
Mammoth Cave,MACA,KY,2013,12,December,2013-12-01,32145,NA,2.3,NA,NA
Mammoth Cave,MACA,KY,2014,1,January,2014-01-01,18292,NA,2.1,NA,NA
Mammoth Cave,MACA,KY,2014,2,February,2014-02-01,20905,NA,1.9,NA,NA
Mammoth Cave,MACA,KY,2014,3,March,2014-03-01,28745,NA,2.4,NA,NA
Mammoth Cave,MACA,KY,2014,4,April,2014-04-01,36584,NA,2.7,NA,NA
Mammoth Cave,MACA,KY,2014,5,May,2014-05-01,47037,NA,3.1,NA,NA
Mammoth Cave,MACA,KY,2014,6,June,2014-06-01,60102,NA,3,NA,NA
Mammoth Cave,MACA,KY,2014,7,July,2014-07-01,73168,NA,2.7,NA,NA
Mammoth Cave,MACA,KY,2014,8,August,2014-08-01,67942,NA,2.6,NA,NA
Mammoth Cave,MACA,KY,2014,9,September,2014-09-01,54876,NA,2.5,NA,NA
Mammoth Cave,MACA,KY,2014,10,October,2014-10-01,44423,NA,2.5,NA,NA
Mammoth Cave,MACA,KY,2014,11,November,2014-11-01,36584,NA,2.5,NA,NA
Mammoth Cave,MACA,KY,2014,12,December,2014-12-01,33971,NA,2.3,NA,NA
Mammoth Cave,MACA,KY,2015,1,January,2015-01-01,19841,NA,2.1,NA,NA
Mammoth Cave,MACA,KY,2015,2,February,2015-02-01,22676,NA,1.9,NA,NA
Mammoth Cave,MACA,KY,2015,3,March,2015-03-01,31179,NA,2.4,NA,NA
Mammoth Cave,MACA,KY,2015,4,April,2015-04-01,39683,NA,2.7,NA,NA
Mammoth Cave,MACA,KY,2015,5,May,2015-05-01,51021,NA,3.1,NA,NA
Mammoth Cave,MACA,KY,2015,6,June,2015-06-01,65193,NA,3,NA,NA
Mammoth Cave,MACA,KY,2015,7,July,2015-07-01,79365,NA,2.7,NA,NA
Mammoth Cave,MACA,KY,2015,8,August,2015-08-01,73696,NA,2.6,NA,NA
Mammoth Cave,MACA,KY,2015,9,September,2015-09-01,59524,NA,2.5,NA,NA
Mammoth Cave,MACA,KY,2015,10,October,2015-10-01,48186,NA,2.5,NA,NA
Mammoth Cave,MACA,KY,2015,11,November,2015-11-01,39683,NA,2.5,NA,NA
Mammoth Cave,MACA,KY,2015,12,December,2015-12-01,36848,NA,2.3,NA,NA
Mammoth Cave,MACA,KY,2016,1,January,2016-01-01,20528,NA,2.1,NA,NA
Mammoth Cave,MACA,KY,2016,2,February,2016-02-01,23461,NA,1.9,NA,NA
Mammoth Cave,MACA,KY,2016,3,March,2016-03-01,32258,NA,2.4,NA,NA
Mammoth Cave,MACA,KY,2016,4,April,2016-04-01,41056,NA,2.7,NA,NA
Mammoth Cave,MACA,KY,2016,5,May,2016-05-01,52786,NA,3.1,NA,NA
Mammoth Cave,MACA,KY,2016,6,June,2016-06-01,67449,NA,3,NA,NA
Mammoth Cave,MACA,KY,2016,7,July,2016-07-01,82112,NA,2.7,NA,NA
Mammoth Cave,MACA,KY,2016,8,August,2016-08-01,76247,NA,2.6,NA,NA
Mammoth Cave,MACA,KY,2016,9,September,2016-09-01,61584,NA,2.5,NA,NA
Mammoth Cave,MACA,KY,2016,10,October,2016-10-01,49854,NA,2.5,NA,NA
Mammoth Cave,MACA,KY,2016,11,November,2016-11-01,41056,NA,2.5,NA,NA
Mammoth Cave,MACA,KY,2016,12,December,2016-12-01,38123,NA,2.3,NA,NA
Mesa Verde,MEVE,CO,2007,1,January,2007-01-01,18939,NA,2.1,NA,NA
Mesa Verde,MEVE,CO,2007,2,February,2007-02-01,21644,NA,1.9,NA,NA
Mesa Verde,MEVE,CO,2007,3,March,2007-03-01,29761,NA,2.4,NA,NA
Mesa Verde,MEVE,CO,2007,4,April,2007-04-01,37877,NA,2.7,NA,NA
Mesa Verde,MEVE,CO,2007,5,May,2007-05-01,48699,NA,3.1,NA,NA
Mesa Verde,MEVE,CO,2007,6,June,2007-06-01,62227,NA,3,NA,NA
Mesa Verde,MEVE,CO,2007,7,July,2007-07-01,75754,NA,2.7,NA,NA
Mesa Verde,MEVE,CO,2007,8,August,2007-08-01,70343,NA,2.6,NA,NA
Mesa Verde,MEVE,CO,2007,9,September,2007-09-01,56816,NA,2.5,NA,NA
Mesa Verde,MEVE,CO,2007,10,October,2007-10-01,45994,NA,2.5,NA,NA
Mesa Verde,MEVE,CO,2007,11,November,2007-11-01,37877,NA,2.5,NA,NA
Mesa Verde,MEVE,CO,2007,12,December,2007-12-01,35172,NA,2.3,NA,NA
Mesa Verde,MEVE,CO,2008,1,January,2008-01-01,19301,NA,2.1,NA,NA
Mesa Verde,MEVE,CO,2008,2,February,2008-02-01,22058,NA,1.9,NA,NA
Mesa Verde,MEVE,CO,2008,3,March,2008-03-01,30330,NA,2.4,NA,NA
Mesa Verde,MEVE,CO,2008,4,April,2008-04-01,38601,NA,2.7,NA,NA
Mesa Verde,MEVE,CO,2008,5,May,2008-05-01,49630,NA,3.1,NA,NA
Mesa Verde,MEVE,CO,2008,6,June,2008-06-01,63416,NA,3,NA,NA
Mesa Verde,MEVE,CO,2008,7,July,2008-07-01,77202,NA,2.7,NA,NA
Mesa Verde,MEVE,CO,2008,8,August,2008-08-01,71688,NA,2.6,NA,NA
Mesa Verde,MEVE,CO,2008,9,September,2008-09-01,57902,NA,2.5,NA,NA
Mesa Verde,MEVE,CO,2008,10,October,2008-10-01,46873,NA,2.5,NA,NA
Mesa Verde,MEVE,CO,2008,11,November,2008-11-01,38601,NA,2.5,NA,NA
Mesa Verde,MEVE,CO,2008,12,December,2008-12-01,35844,NA,2.3,NA,NA
Mesa Verde,MEVE,CO,2009,1,January,2009-01-01,19263,NA,2.1,NA,NA
Mesa Verde,MEVE,CO,2009,2,February,2009-02-01,22015,NA,1.9,NA,NA
Mesa Verde,MEVE,CO,2009,3,March,2009-03-01,30271,NA,2.4,NA,NA
Mesa Verde,MEVE,CO,2009,4,April,2009-04-01,38526,NA,2.7,NA,NA
Mesa Verde,MEVE,CO,2009,5,May,2009-05-01,49534,NA,3.1,NA,NA
Mesa Verde,MEVE,CO,2009,6,June,2009-06-01,63293,NA,3,NA,NA
Mesa Verde,MEVE,CO,2009,7,July,2009-07-01,77053,NA,2.7,NA,NA
Mesa Verde,MEVE,CO,2009,8,August,2009-08-01,71549,NA,2.6,NA,NA
Mesa Verde,MEVE,CO,2009,9,September,2009-09-01,57790,NA,2.5,NA,NA
Mesa Verde,MEVE,CO,2009,10,October,2009-10-01,46782,NA,2.5,NA,NA
Mesa Verde,MEVE,CO,2009,11,November,2009-11-01,38526,NA,2.5,NA,NA
Mesa Verde,MEVE,CO,2009,12,December,2009-12-01,35775,NA,2.3,NA,NA
Mesa Verde,MEVE,CO,2010,1,January,2010-01-01,19590,NA,2.1,NA,NA
Mesa Verde,MEVE,CO,2010,2,February,2010-02-01,22388,NA,1.9,NA,NA
Mesa Verde,MEVE,CO,2010,3,March,2010-03-01,30784,NA,2.4,NA,NA
Mesa Verde,MEVE,CO,2010,4,April,2010-04-01,39180,NA,2.7,NA,NA
Mesa Verde,MEVE,CO,2010,5,May,2010-05-01,50374,NA,3.1,NA,NA
Mesa Verde,MEVE,CO,2010,6,June,2010-06-01,64367,NA,3,NA,NA
Mesa Verde,MEVE,CO,2010,7,July,2010-07-01,78360,NA,2.7,NA,NA
Mesa Verde,MEVE,CO,2010,8,August,2010-08-01,72763,NA,2.6,NA,NA
Mesa Verde,MEVE,CO,2010,9,September,2010-09-01,58770,NA,2.5,NA,NA
Mesa Verde,MEVE,CO,2010,10,October,2010-10-01,47576,NA,2.5,NA,NA
Mesa Verde,MEVE,CO,2010,11,November,2010-11-01,39180,NA,2.5,NA,NA
Mesa Verde,MEVE,CO,2010,12,December,2010-12-01,36381,NA,2.3,NA,NA
Mesa Verde,MEVE,CO,2011,1,January,2011-01-01,20032,NA,2.1,NA,NA
Mesa Verde,MEVE,CO,2011,2,February,2011-02-01,22893,NA,1.9,NA,NA
Mesa Verde,MEVE,CO,2011,3,March,2011-03-01,31478,NA,2.4,NA,NA
Mesa Verde,MEVE,CO,2011,4,April,2011-04-01,40063,NA,2.7,NA,NA
Mesa Verde,MEVE,CO,2011,5,May,2011-05-01,51510,NA,3.1,NA,NA
Mesa Verde,MEVE,CO,2011,6,June,2011-06-01,65818,NA,3,NA,NA
Mesa Verde,MEVE,CO,2011,7,July,2011-07-01,80126,NA,2.7,NA,NA
Mesa Verde,MEVE,CO,2011,8,August,2011-08-01,74403,NA,2.6,NA,NA
Mesa Verde,MEVE,CO,2011,9,September,2011-09-01,60095,NA,2.5,NA,NA
Mesa Verde,MEVE,CO,2011,10,October,2011-10-01,48648,NA,2.5,NA,NA
Mesa Verde,MEVE,CO,2011,11,November,2011-11-01,40063,NA,2.5,NA,NA
Mesa Verde,MEVE,CO,2011,12,December,2011-12-01,37201,NA,2.3,NA,NA
Mesa Verde,MEVE,CO,2012,1,January,2012-01-01,17110,NA,2.1,NA,NA
Mesa Verde,MEVE,CO,2012,2,February,2012-02-01,19554,NA,1.9,NA,NA
Mesa Verde,MEVE,CO,2012,3,March,2012-03-01,26887,NA,2.4,NA,NA
Mesa Verde,MEVE,CO,2012,4,April,2012-04-01,34220,NA,2.7,NA,NA
Mesa Verde,MEVE,CO,2012,5,May,2012-05-01,43997,NA,3.1,NA,NA
Mesa Verde,MEVE,CO,2012,6,June,2012-06-01,56219,NA,3,NA,NA
Mesa Verde,MEVE,CO,2012,7,July,2012-07-01,68440,NA,2.7,NA,NA
Mesa Verde,MEVE,CO,2012,8,August,2012-08-01,63552,NA,2.6,NA,NA
Mesa Verde,MEVE,CO,2012,9,September,2012-09-01,51330,NA,2.5,NA,NA
Mesa Verde,MEVE,CO,2012,10,October,2012-10-01,41553,NA,2.5,NA,NA
Mesa Verde,MEVE,CO,2012,11,November,2012-11-01,34220,NA,2.5,NA,NA
Mesa Verde,MEVE,CO,2012,12,December,2012-12-01,31776,NA,2.3,NA,NA
Mesa Verde,MEVE,CO,2013,1,January,2013-01-01,16108,NA,2.1,NA,NA
Mesa Verde,MEVE,CO,2013,2,February,2013-02-01,18409,NA,1.9,NA,NA
Mesa Verde,MEVE,CO,2013,3,March,2013-03-01,25313,NA,2.4,NA,NA
Mesa Verde,MEVE,CO,2013,4,April,2013-04-01,32217,NA,2.7,NA,NA
Mesa Verde,MEVE,CO,2013,5,May,2013-05-01,41421,NA,3.1,NA,NA
Mesa Verde,MEVE,CO,2013,6,June,2013-06-01,52927,NA,3,NA,NA
Mesa Verde,MEVE,CO,2013,7,July,2013-07-01,64433,NA,2.7,NA,NA
Mesa Verde,MEVE,CO,2013,8,August,2013-08-01,59831,NA,2.6,NA,NA
Mesa Verde,MEVE,CO,2013,9,September,2013-09-01,48325,NA,2.5,NA,NA
Mesa Verde,MEVE,CO,2013,10,October,2013-10-01,39120,NA,2.5,NA,NA
Mesa Verde,MEVE,CO,2013,11,November,2013-11-01,32217,NA,2.5,NA,NA
Mesa Verde,MEVE,CO,2013,12,December,2013-12-01,29915,NA,2.3,NA,NA
Mesa Verde,MEVE,CO,2014,1,January,2014-01-01,17555,NA,2.1,NA,NA
Mesa Verde,MEVE,CO,2014,2,February,2014-02-01,20063,NA,1.9,NA,NA
Mesa Verde,MEVE,CO,2014,3,March,2014-03-01,27586,NA,2.4,NA,NA
Mesa Verde,MEVE,CO,2014,4,April,2014-04-01,35109,NA,2.7,NA,NA
Mesa Verde,MEVE,CO,2014,5,May,2014-05-01,45141,NA,3.1,NA,NA
Mesa Verde,MEVE,CO,2014,6,June,2014-06-01,57680,NA,3,NA,NA
Mesa Verde,MEVE,CO,2014,7,July,2014-07-01,70219,NA,2.7,NA,NA
Mesa Verde,MEVE,CO,2014,8,August,2014-08-01,65203,NA,2.6,NA,NA
Mesa Verde,MEVE,CO,2014,9,September,2014-09-01,52664,NA,2.5,NA,NA
Mesa Verde,MEVE,CO,2014,10,October,2014-10-01,42633,NA,2.5,NA,NA
Mesa Verde,MEVE,CO,2014,11,November,2014-11-01,35109,NA,2.5,NA,NA
Mesa Verde,MEVE,CO,2014,12,December,2014-12-01,32602,NA,2.3,NA,NA
Mesa Verde,MEVE,CO,2015,1,January,2015-01-01,19156,NA,2.1,NA,NA
Mesa Verde,MEVE,CO,2015,2,February,2015-02-01,21893,NA,1.9,NA,NA
Mesa Verde,MEVE,CO,2015,3,March,2015-03-01,30103,NA,2.4,NA,NA
Mesa Verde,MEVE,CO,2015,4,April,2015-04-01,38313,NA,2.7,NA,NA
Mesa Verde,MEVE,CO,2015,5,May,2015-05-01,49259,NA,3.1,NA,NA
Mesa Verde,MEVE,CO,2015,6,June,2015-06-01,62942,NA,3,NA,NA
Mesa Verde,MEVE,CO,2015,7,July,2015-07-01,76626,NA,2.7,NA,NA
Mesa Verde,MEVE,CO,2015,8,August,2015-08-01,71152,NA,2.6,NA,NA
Mesa Verde,MEVE,CO,2015,9,September,2015-09-01,57469,NA,2.5,NA,NA
Mesa Verde,MEVE,CO,2015,10,October,2015-10-01,46523,NA,2.5,NA,NA
Mesa Verde,MEVE,CO,2015,11,November,2015-11-01,38313,NA,2.5,NA,NA
Mesa Verde,MEVE,CO,2015,12,December,2015-12-01,35576,NA,2.3,NA,NA
Mesa Verde,MEVE,CO,2016,1,January,2016-01-01,20423,NA,2.1,NA,NA
Mesa Verde,MEVE,CO,2016,2,February,2016-02-01,23341,NA,1.9,NA,NA
Mesa Verde,MEVE,CO,2016,3,March,2016-03-01,32094,NA,2.4,NA,NA
Mesa Verde,MEVE,CO,2016,4,April,2016-04-01,40847,NA,2.7,NA,NA
Mesa Verde,MEVE,CO,2016,5,May,2016-05-01,52517,NA,3.1,NA,NA
Mesa Verde,MEVE,CO,2016,6,June,2016-06-01,67106,NA,3,NA,NA
Mesa Verde,MEVE,CO,2016,7,July,2016-07-01,81694,NA,2.7,NA,NA
Mesa Verde,MEVE,CO,2016,8,August,2016-08-01,75859,NA,2.6,NA,NA
Mesa Verde,MEVE,CO,2016,9,September,2016-09-01,61270,NA,2.5,NA,NA
Mesa Verde,MEVE,CO,2016,10,October,2016-10-01,49600,NA,2.5,NA,NA
Mesa Verde,MEVE,CO,2016,11,November,2016-11-01,40847,NA,2.5,NA,NA
Mesa Verde,MEVE,CO,2016,12,December,2016-12-01,37929,NA,2.3,NA,NA
Mount Rainier,MORA,WA,2007,1,January,2007-01-01,36669,NA,2.1,NA,NA
Mount Rainier,MORA,WA,2007,2,February,2007-02-01,41907,NA,1.9,NA,NA
Mount Rainier,MORA,WA,2007,3,March,2007-03-01,57623,NA,2.4,NA,NA
Mount Rainier,MORA,WA,2007,4,April,2007-04-01,73338,NA,2.7,NA,NA
Mount Rainier,MORA,WA,2007,5,May,2007-05-01,94292,NA,3.1,NA,NA
Mount Rainier,MORA,WA,2007,6,June,2007-06-01,120484,NA,3,NA,NA
Mount Rainier,MORA,WA,2007,7,July,2007-07-01,146676,NA,2.7,NA,NA
Mount Rainier,MORA,WA,2007,8,August,2007-08-01,136199,NA,2.6,NA,NA
Mount Rainier,MORA,WA,2007,9,September,2007-09-01,110007,NA,2.5,NA,NA
Mount Rainier,MORA,WA,2007,10,October,2007-10-01,89053,NA,2.5,NA,NA
Mount Rainier,MORA,WA,2007,11,November,2007-11-01,73338,NA,2.5,NA,NA
Mount Rainier,MORA,WA,2007,12,December,2007-12-01,68100,NA,2.3,NA,NA
Mount Rainier,MORA,WA,2008,1,January,2008-01-01,40713,NA,2.1,NA,NA
Mount Rainier,MORA,WA,2008,2,February,2008-02-01,46529,NA,1.9,NA,NA
Mount Rainier,MORA,WA,2008,3,March,2008-03-01,63977,NA,2.4,NA,NA
Mount Rainier,MORA,WA,2008,4,April,2008-04-01,81426,NA,2.7,NA,NA
Mount Rainier,MORA,WA,2008,5,May,2008-05-01,104690,NA,3.1,NA,NA
Mount Rainier,MORA,WA,2008,6,June,2008-06-01,133771,NA,3,NA,NA
Mount Rainier,MORA,WA,2008,7,July,2008-07-01,162852,NA,2.7,NA,NA
Mount Rainier,MORA,WA,2008,8,August,2008-08-01,151220,NA,2.6,NA,NA
Mount Rainier,MORA,WA,2008,9,September,2008-09-01,122139,NA,2.5,NA,NA
Mount Rainier,MORA,WA,2008,10,October,2008-10-01,98874,NA,2.5,NA,NA
Mount Rainier,MORA,WA,2008,11,November,2008-11-01,81426,NA,2.5,NA,NA
Mount Rainier,MORA,WA,2008,12,December,2008-12-01,75610,NA,2.3,NA,NA
Mount Rainier,MORA,WA,2009,1,January,2009-01-01,40308,NA,2.1,NA,NA
Mount Rainier,MORA,WA,2009,2,February,2009-02-01,46066,NA,1.9,NA,NA
Mount Rainier,MORA,WA,2009,3,March,2009-03-01,63341,NA,2.4,NA,NA
Mount Rainier,MORA,WA,2009,4,April,2009-04-01,80616,NA,2.7,NA,NA
Mount Rainier,MORA,WA,2009,5,May,2009-05-01,103649,NA,3.1,NA,NA
Mount Rainier,MORA,WA,2009,6,June,2009-06-01,132440,NA,3,NA,NA
Mount Rainier,MORA,WA,2009,7,July,2009-07-01,161232,NA,2.7,NA,NA
Mount Rainier,MORA,WA,2009,8,August,2009-08-01,149715,NA,2.6,NA,NA
Mount Rainier,MORA,WA,2009,9,September,2009-09-01,120924,NA,2.5,NA,NA
Mount Rainier,MORA,WA,2009,10,October,2009-10-01,97891,NA,2.5,NA,NA
Mount Rainier,MORA,WA,2009,11,November,2009-11-01,80616,NA,2.5,NA,NA
Mount Rainier,MORA,WA,2009,12,December,2009-12-01,74858,NA,2.3,NA,NA
Mount Rainier,MORA,WA,2010,1,January,2010-01-01,41711,NA,2.1,NA,NA
Mount Rainier,MORA,WA,2010,2,February,2010-02-01,47670,NA,1.9,NA,NA
Mount Rainier,MORA,WA,2010,3,March,2010-03-01,65546,NA,2.4,NA,NA
Mount Rainier,MORA,WA,2010,4,April,2010-04-01,83423,NA,2.7,NA,NA
Mount Rainier,MORA,WA,2010,5,May,2010-05-01,107258,NA,3.1,NA,NA
Mount Rainier,MORA,WA,2010,6,June,2010-06-01,137052,NA,3,NA,NA
Mount Rainier,MORA,WA,2010,7,July,2010-07-01,166846,NA,2.7,NA,NA
Mount Rainier,MORA,WA,2010,8,August,2010-08-01,154928,NA,2.6,NA,NA
Mount Rainier,MORA,WA,2010,9,September,2010-09-01,125134,NA,2.5,NA,NA
Mount Rainier,MORA,WA,2010,10,October,2010-10-01,101299,NA,2.5,NA,NA
Mount Rainier,MORA,WA,2010,11,November,2010-11-01,83423,NA,2.5,NA,NA
Mount Rainier,MORA,WA,2010,12,December,2010-12-01,77464,NA,2.3,NA,NA
Mount Rainier,MORA,WA,2011,1,January,2011-01-01,36338,NA,2.1,NA,NA
Mount Rainier,MORA,WA,2011,2,February,2011-02-01,41529,NA,1.9,NA,NA
Mount Rainier,MORA,WA,2011,3,March,2011-03-01,57103,NA,2.4,NA,NA
Mount Rainier,MORA,WA,2011,4,April,2011-04-01,72676,NA,2.7,NA,NA
Mount Rainier,MORA,WA,2011,5,May,2011-05-01,93441,NA,3.1,NA,NA
Mount Rainier,MORA,WA,2011,6,June,2011-06-01,119396,NA,3,NA,NA
Mount Rainier,MORA,WA,2011,7,July,2011-07-01,145352,NA,2.7,NA,NA
Mount Rainier,MORA,WA,2011,8,August,2011-08-01,134970,NA,2.6,NA,NA
Mount Rainier,MORA,WA,2011,9,September,2011-09-01,109014,NA,2.5,NA,NA
Mount Rainier,MORA,WA,2011,10,October,2011-10-01,88249,NA,2.5,NA,NA
Mount Rainier,MORA,WA,2011,11,November,2011-11-01,72676,NA,2.5,NA,NA
Mount Rainier,MORA,WA,2011,12,December,2011-12-01,67485,NA,2.3,NA,NA
Mount Rainier,MORA,WA,2012,1,January,2012-01-01,36721,NA,2.1,NA,NA
Mount Rainier,MORA,WA,2012,2,February,2012-02-01,41967,NA,1.9,NA,NA
Mount Rainier,MORA,WA,2012,3,March,2012-03-01,57705,NA,2.4,NA,NA
Mount Rainier,MORA,WA,2012,4,April,2012-04-01,73442,NA,2.7,NA,NA
Mount Rainier,MORA,WA,2012,5,May,2012-05-01,94426,NA,3.1,NA,NA
Mount Rainier,MORA,WA,2012,6,June,2012-06-01,120655,NA,3,NA,NA
Mount Rainier,MORA,WA,2012,7,July,2012-07-01,146885,NA,2.7,NA,NA
Mount Rainier,MORA,WA,2012,8,August,2012-08-01,136393,NA,2.6,NA,NA
Mount Rainier,MORA,WA,2012,9,September,2012-09-01,110164,NA,2.5,NA,NA
Mount Rainier,MORA,WA,2012,10,October,2012-10-01,89180,NA,2.5,NA,NA
Mount Rainier,MORA,WA,2012,11,November,2012-11-01,73442,NA,2.5,NA,NA
Mount Rainier,MORA,WA,2012,12,December,2012-12-01,68197,NA,2.3,NA,NA
Mount Rainier,MORA,WA,2013,1,January,2013-01-01,40199,NA,2.1,NA,NA
Mount Rainier,MORA,WA,2013,2,February,2013-02-01,45942,NA,1.9,NA,NA
Mount Rainier,MORA,WA,2013,3,March,2013-03-01,63170,NA,2.4,NA,NA
Mount Rainier,MORA,WA,2013,4,April,2013-04-01,80399,NA,2.7,NA,NA
Mount Rainier,MORA,WA,2013,5,May,2013-05-01,103370,NA,3.1,NA,NA
Mount Rainier,MORA,WA,2013,6,June,2013-06-01,132083,NA,3,NA,NA
Mount Rainier,MORA,WA,2013,7,July,2013-07-01,160797,NA,2.7,NA,NA
Mount Rainier,MORA,WA,2013,8,August,2013-08-01,149312,NA,2.6,NA,NA
Mount Rainier,MORA,WA,2013,9,September,2013-09-01,120598,NA,2.5,NA,NA
Mount Rainier,MORA,WA,2013,10,October,2013-10-01,97627,NA,2.5,NA,NA
Mount Rainier,MORA,WA,2013,11,November,2013-11-01,80399,NA,2.5,NA,NA
Mount Rainier,MORA,WA,2013,12,December,2013-12-01,74656,NA,2.3,NA,NA
Mount Rainier,MORA,WA,2014,1,January,2014-01-01,44249,NA,2.1,NA,NA
Mount Rainier,MORA,WA,2014,2,February,2014-02-01,50570,NA,1.9,NA,NA
Mount Rainier,MORA,WA,2014,3,March,2014-03-01,69534,NA,2.4,NA,NA
Mount Rainier,MORA,WA,2014,4,April,2014-04-01,88498,NA,2.7,NA,NA
Mount Rainier,MORA,WA,2014,5,May,2014-05-01,113783,NA,3.1,NA,NA
Mount Rainier,MORA,WA,2014,6,June,2014-06-01,145390,NA,3,NA,NA
Mount Rainier,MORA,WA,2014,7,July,2014-07-01,176996,NA,2.7,NA,NA
Mount Rainier,MORA,WA,2014,8,August,2014-08-01,164354,NA,2.6,NA,NA
Mount Rainier,MORA,WA,2014,9,September,2014-09-01,132747,NA,2.5,NA,NA
Mount Rainier,MORA,WA,2014,10,October,2014-10-01,107462,NA,2.5,NA,NA
Mount Rainier,MORA,WA,2014,11,November,2014-11-01,88498,NA,2.5,NA,NA
Mount Rainier,MORA,WA,2014,12,December,2014-12-01,82177,NA,2.3,NA,NA
Mount Rainier,MORA,WA,2015,1,January,2015-01-01,43303,NA,2.1,NA,NA
Mount Rainier,MORA,WA,2015,2,February,2015-02-01,49489,NA,1.9,NA,NA
Mount Rainier,MORA,WA,2015,3,March,2015-03-01,68048,NA,2.4,NA,NA
Mount Rainier,MORA,WA,2015,4,April,2015-04-01,86606,NA,2.7,NA,NA
Mount Rainier,MORA,WA,2015,5,May,2015-05-01,111351,NA,3.1,NA,NA
Mount Rainier,MORA,WA,2015,6,June,2015-06-01,142282,NA,3,NA,NA
Mount Rainier,MORA,WA,2015,7,July,2015-07-01,173212,NA,2.7,NA,NA
Mount Rainier,MORA,WA,2015,8,August,2015-08-01,160840,NA,2.6,NA,NA
Mount Rainier,MORA,WA,2015,9,September,2015-09-01,129909,NA,2.5,NA,NA
Mount Rainier,MORA,WA,2015,10,October,2015-10-01,105165,NA,2.5,NA,NA
Mount Rainier,MORA,WA,2015,11,November,2015-11-01,86606,NA,2.5,NA,NA
Mount Rainier,MORA,WA,2015,12,December,2015-12-01,80420,NA,2.3,NA,NA
Mount Rainier,MORA,WA,2016,1,January,2016-01-01,47492,NA,2.1,NA,NA
Mount Rainier,MORA,WA,2016,2,February,2016-02-01,54277,NA,1.9,NA,NA
Mount Rainier,MORA,WA,2016,3,March,2016-03-01,74630,NA,2.4,NA,NA
Mount Rainier,MORA,WA,2016,4,April,2016-04-01,94984,NA,2.7,NA,NA
Mount Rainier,MORA,WA,2016,5,May,2016-05-01,122122,NA,3.1,NA,NA
Mount Rainier,MORA,WA,2016,6,June,2016-06-01,156045,NA,3,NA,NA
Mount Rainier,MORA,WA,2016,7,July,2016-07-01,189968,NA,2.7,NA,NA
Mount Rainier,MORA,WA,2016,8,August,2016-08-01,176399,NA,2.6,NA,NA
Mount Rainier,MORA,WA,2016,9,September,2016-09-01,142476,NA,2.5,NA,NA
Mount Rainier,MORA,WA,2016,10,October,2016-10-01,115338,NA,2.5,NA,NA
Mount Rainier,MORA,WA,2016,11,November,2016-11-01,94984,NA,2.5,NA,NA
Mount Rainier,MORA,WA,2016,12,December,2016-12-01,88199,NA,2.3,NA,NA
National Park of American Samoa,NPSA,AS,2007,1,January,2007-01-01,237,NA,2.1,NA,NA
National Park of American Samoa,NPSA,AS,2007,2,February,2007-02-01,271,NA,1.9,NA,NA
National Park of American Samoa,NPSA,AS,2007,3,March,2007-03-01,373,NA,2.4,NA,NA
National Park of American Samoa,NPSA,AS,2007,4,April,2007-04-01,474,NA,2.7,NA,NA
National Park of American Samoa,NPSA,AS,2007,5,May,2007-05-01,610,NA,3.1,NA,NA
National Park of American Samoa,NPSA,AS,2007,6,June,2007-06-01,779,NA,3,NA,NA
National Park of American Samoa,NPSA,AS,2007,7,July,2007-07-01,948,NA,2.7,NA,NA
National Park of American Samoa,NPSA,AS,2007,8,August,2007-08-01,881,NA,2.6,NA,NA
National Park of American Samoa,NPSA,AS,2007,9,September,2007-09-01,711,NA,2.5,NA,NA
National Park of American Samoa,NPSA,AS,2007,10,October,2007-10-01,576,NA,2.5,NA,NA
National Park of American Samoa,NPSA,AS,2007,11,November,2007-11-01,474,NA,2.5,NA,NA
National Park of American Samoa,NPSA,AS,2007,12,December,2007-12-01,440,NA,2.3,NA,NA
National Park of American Samoa,NPSA,AS,2008,1,January,2008-01-01,129,NA,2.1,NA,NA
National Park of American Samoa,NPSA,AS,2008,2,February,2008-02-01,147,NA,1.9,NA,NA
National Park of American Samoa,NPSA,AS,2008,3,March,2008-03-01,203,NA,2.4,NA,NA
National Park of American Samoa,NPSA,AS,2008,4,April,2008-04-01,258,NA,2.7,NA,NA
National Park of American Samoa,NPSA,AS,2008,5,May,2008-05-01,331,NA,3.1,NA,NA
National Park of American Samoa,NPSA,AS,2008,6,June,2008-06-01,424,NA,3,NA,NA
National Park of American Samoa,NPSA,AS,2008,7,July,2008-07-01,516,NA,2.7,NA,NA
National Park of American Samoa,NPSA,AS,2008,8,August,2008-08-01,479,NA,2.6,NA,NA
National Park of American Samoa,NPSA,AS,2008,9,September,2008-09-01,387,NA,2.5,NA,NA
National Park of American Samoa,NPSA,AS,2008,10,October,2008-10-01,313,NA,2.5,NA,NA
National Park of American Samoa,NPSA,AS,2008,11,November,2008-11-01,258,NA,2.5,NA,NA
National Park of American Samoa,NPSA,AS,2008,12,December,2008-12-01,239,NA,2.3,NA,NA
National Park of American Samoa,NPSA,AS,2009,1,January,2009-01-01,113,NA,2.1,NA,NA
National Park of American Samoa,NPSA,AS,2009,2,February,2009-02-01,130,NA,1.9,NA,NA
National Park of American Samoa,NPSA,AS,2009,3,March,2009-03-01,178,NA,2.4,NA,NA
National Park of American Samoa,NPSA,AS,2009,4,April,2009-04-01,227,NA,2.7,NA,NA
National Park of American Samoa,NPSA,AS,2009,5,May,2009-05-01,292,NA,3.1,NA,NA
National Park of American Samoa,NPSA,AS,2009,6,June,2009-06-01,373,NA,3,NA,NA
National Park of American Samoa,NPSA,AS,2009,7,July,2009-07-01,454,NA,2.7,NA,NA
National Park of American Samoa,NPSA,AS,2009,8,August,2009-08-01,421,NA,2.6,NA,NA
National Park of American Samoa,NPSA,AS,2009,9,September,2009-09-01,340,NA,2.5,NA,NA
National Park of American Samoa,NPSA,AS,2009,10,October,2009-10-01,276,NA,2.5,NA,NA
National Park of American Samoa,NPSA,AS,2009,11,November,2009-11-01,227,NA,2.5,NA,NA
National Park of American Samoa,NPSA,AS,2009,12,December,2009-12-01,211,NA,2.3,NA,NA
National Park of American Samoa,NPSA,AS,2010,1,January,2010-01-01,105,NA,2.1,NA,NA
National Park of American Samoa,NPSA,AS,2010,2,February,2010-02-01,120,NA,1.9,NA,NA
National Park of American Samoa,NPSA,AS,2010,3,March,2010-03-01,165,NA,2.4,NA,NA
National Park of American Samoa,NPSA,AS,2010,4,April,2010-04-01,210,NA,2.7,NA,NA
National Park of American Samoa,NPSA,AS,2010,5,May,2010-05-01,271,NA,3.1,NA,NA
National Park of American Samoa,NPSA,AS,2010,6,June,2010-06-01,346,NA,3,NA,NA
National Park of American Samoa,NPSA,AS,2010,7,July,2010-07-01,421,NA,2.7,NA,NA
National Park of American Samoa,NPSA,AS,2010,8,August,2010-08-01,391,NA,2.6,NA,NA
National Park of American Samoa,NPSA,AS,2010,9,September,2010-09-01,316,NA,2.5,NA,NA
National Park of American Samoa,NPSA,AS,2010,10,October,2010-10-01,256,NA,2.5,NA,NA
National Park of American Samoa,NPSA,AS,2010,11,November,2010-11-01,210,NA,2.5,NA,NA
National Park of American Samoa,NPSA,AS,2010,12,December,2010-12-01,195,NA,2.3,NA,NA
National Park of American Samoa,NPSA,AS,2011,1,January,2011-01-01,305,NA,2.1,NA,NA
National Park of American Samoa,NPSA,AS,2011,2,February,2011-02-01,349,NA,1.9,NA,NA
National Park of American Samoa,NPSA,AS,2011,3,March,2011-03-01,479,NA,2.4,NA,NA
National Park of American Samoa,NPSA,AS,2011,4,April,2011-04-01,610,NA,2.7,NA,NA
National Park of American Samoa,NPSA,AS,2011,5,May,2011-05-01,784,NA,3.1,NA,NA
National Park of American Samoa,NPSA,AS,2011,6,June,2011-06-01,1002,NA,3,NA,NA
National Park of American Samoa,NPSA,AS,2011,7,July,2011-07-01,1220,NA,2.7,NA,NA
National Park of American Samoa,NPSA,AS,2011,8,August,2011-08-01,1133,NA,2.6,NA,NA
National Park of American Samoa,NPSA,AS,2011,9,September,2011-09-01,915,NA,2.5,NA,NA
National Park of American Samoa,NPSA,AS,2011,10,October,2011-10-01,741,NA,2.5,NA,NA
National Park of American Samoa,NPSA,AS,2011,11,November,2011-11-01,610,NA,2.5,NA,NA
National Park of American Samoa,NPSA,AS,2011,12,December,2011-12-01,567,NA,2.3,NA,NA
National Park of American Samoa,NPSA,AS,2012,1,January,2012-01-01,365,NA,2.1,NA,NA
National Park of American Samoa,NPSA,AS,2012,2,February,2012-02-01,418,NA,1.9,NA,NA
National Park of American Samoa,NPSA,AS,2012,3,March,2012-03-01,574,NA,2.4,NA,NA
National Park of American Samoa,NPSA,AS,2012,4,April,2012-04-01,731,NA,2.7,NA,NA
National Park of American Samoa,NPSA,AS,2012,5,May,2012-05-01,940,NA,3.1,NA,NA
National Park of American Samoa,NPSA,AS,2012,6,June,2012-06-01,1201,NA,3,NA,NA
National Park of American Samoa,NPSA,AS,2012,7,July,2012-07-01,1462,NA,2.7,NA,NA
National Park of American Samoa,NPSA,AS,2012,8,August,2012-08-01,1357,NA,2.6,NA,NA
National Park of American Samoa,NPSA,AS,2012,9,September,2012-09-01,1096,NA,2.5,NA,NA
National Park of American Samoa,NPSA,AS,2012,10,October,2012-10-01,887,NA,2.5,NA,NA
National Park of American Samoa,NPSA,AS,2012,11,November,2012-11-01,731,NA,2.5,NA,NA
National Park of American Samoa,NPSA,AS,2012,12,December,2012-12-01,679,NA,2.3,NA,NA
National Park of American Samoa,NPSA,AS,2013,1,January,2013-01-01,627,NA,2.1,NA,NA
National Park of American Samoa,NPSA,AS,2013,2,February,2013-02-01,717,NA,1.9,NA,NA
National Park of American Samoa,NPSA,AS,2013,3,March,2013-03-01,986,NA,2.4,NA,NA
National Park of American Samoa,NPSA,AS,2013,4,April,2013-04-01,1254,NA,2.7,NA,NA
National Park of American Samoa,NPSA,AS,2013,5,May,2013-05-01,1613,NA,3.1,NA,NA
National Park of American Samoa,NPSA,AS,2013,6,June,2013-06-01,2061,NA,3,NA,NA
National Park of American Samoa,NPSA,AS,2013,7,July,2013-07-01,2509,NA,2.7,NA,NA
National Park of American Samoa,NPSA,AS,2013,8,August,2013-08-01,2329,NA,2.6,NA,NA
National Park of American Samoa,NPSA,AS,2013,9,September,2013-09-01,1881,NA,2.5,NA,NA
National Park of American Samoa,NPSA,AS,2013,10,October,2013-10-01,1523,NA,2.5,NA,NA
National Park of American Samoa,NPSA,AS,2013,11,November,2013-11-01,1254,NA,2.5,NA,NA
National Park of American Samoa,NPSA,AS,2013,12,December,2013-12-01,1165,NA,2.3,NA,NA
National Park of American Samoa,NPSA,AS,2014,1,January,2014-01-01,488,NA,2.1,NA,NA
National Park of American Samoa,NPSA,AS,2014,2,February,2014-02-01,558,NA,1.9,NA,NA
National Park of American Samoa,NPSA,AS,2014,3,March,2014-03-01,767,NA,2.4,NA,NA
National Park of American Samoa,NPSA,AS,2014,4,April,2014-04-01,977,NA,2.7,NA,NA
National Park of American Samoa,NPSA,AS,2014,5,May,2014-05-01,1256,NA,3.1,NA,NA
National Park of American Samoa,NPSA,AS,2014,6,June,2014-06-01,1605,NA,3,NA,NA
National Park of American Samoa,NPSA,AS,2014,7,July,2014-07-01,1953,NA,2.7,NA,NA
National Park of American Samoa,NPSA,AS,2014,8,August,2014-08-01,1814,NA,2.6,NA,NA
National Park of American Samoa,NPSA,AS,2014,9,September,2014-09-01,1465,NA,2.5,NA,NA
National Park of American Samoa,NPSA,AS,2014,10,October,2014-10-01,1186,NA,2.5,NA,NA
National Park of American Samoa,NPSA,AS,2014,11,November,2014-11-01,977,NA,2.5,NA,NA
National Park of American Samoa,NPSA,AS,2014,12,December,2014-12-01,907,NA,2.3,NA,NA
National Park of American Samoa,NPSA,AS,2015,1,January,2015-01-01,486,NA,2.1,NA,NA
National Park of American Samoa,NPSA,AS,2015,2,February,2015-02-01,556,NA,1.9,NA,NA
National Park of American Samoa,NPSA,AS,2015,3,March,2015-03-01,764,NA,2.4,NA,NA
National Park of American Samoa,NPSA,AS,2015,4,April,2015-04-01,972,NA,2.7,NA,NA
National Park of American Samoa,NPSA,AS,2015,5,May,2015-05-01,1250,NA,3.1,NA,NA
National Park of American Samoa,NPSA,AS,2015,6,June,2015-06-01,1598,NA,3,NA,NA
National Park of American Samoa,NPSA,AS,2015,7,July,2015-07-01,1945,NA,2.7,NA,NA
National Park of American Samoa,NPSA,AS,2015,8,August,2015-08-01,1806,NA,2.6,NA,NA
National Park of American Samoa,NPSA,AS,2015,9,September,2015-09-01,1459,NA,2.5,NA,NA
National Park of American Samoa,NPSA,AS,2015,10,October,2015-10-01,1181,NA,2.5,NA,NA
National Park of American Samoa,NPSA,AS,2015,11,November,2015-11-01,972,NA,2.5,NA,NA
National Park of American Samoa,NPSA,AS,2015,12,December,2015-12-01,903,NA,2.3,NA,NA
National Park of American Samoa,NPSA,AS,2016,1,January,2016-01-01,1011,NA,2.1,NA,NA
National Park of American Samoa,NPSA,AS,2016,2,February,2016-02-01,1156,NA,1.9,NA,NA
National Park of American Samoa,NPSA,AS,2016,3,March,2016-03-01,1589,NA,2.4,NA,NA
National Park of American Samoa,NPSA,AS,2016,4,April,2016-04-01,2022,NA,2.7,NA,NA
National Park of American Samoa,NPSA,AS,2016,5,May,2016-05-01,2600,NA,3.1,NA,NA
National Park of American Samoa,NPSA,AS,2016,6,June,2016-06-01,3323,NA,3,NA,NA
National Park of American Samoa,NPSA,AS,2016,7,July,2016-07-01,4045,NA,2.7,NA,NA
National Park of American Samoa,NPSA,AS,2016,8,August,2016-08-01,3756,NA,2.6,NA,NA
National Park of American Samoa,NPSA,AS,2016,9,September,2016-09-01,3034,NA,2.5,NA,NA
National Park of American Samoa,NPSA,AS,2016,10,October,2016-10-01,2456,NA,2.5,NA,NA
National Park of American Samoa,NPSA,AS,2016,11,November,2016-11-01,2022,NA,2.5,NA,NA
National Park of American Samoa,NPSA,AS,2016,12,December,2016-12-01,1878,NA,2.3,NA,NA
North Cascades,NOCA,WA,2007,1,January,2007-01-01,684,NA,2.1,NA,NA
North Cascades,NOCA,WA,2007,2,February,2007-02-01,781,NA,1.9,NA,NA
North Cascades,NOCA,WA,2007,3,March,2007-03-01,1074,NA,2.4,NA,NA
North Cascades,NOCA,WA,2007,4,April,2007-04-01,1367,NA,2.7,NA,NA
North Cascades,NOCA,WA,2007,5,May,2007-05-01,1758,NA,3.1,NA,NA
North Cascades,NOCA,WA,2007,6,June,2007-06-01,2246,NA,3,NA,NA
North Cascades,NOCA,WA,2007,7,July,2007-07-01,2735,NA,2.7,NA,NA
North Cascades,NOCA,WA,2007,8,August,2007-08-01,2539,NA,2.6,NA,NA
North Cascades,NOCA,WA,2007,9,September,2007-09-01,2051,NA,2.5,NA,NA
North Cascades,NOCA,WA,2007,10,October,2007-10-01,1660,NA,2.5,NA,NA
North Cascades,NOCA,WA,2007,11,November,2007-11-01,1367,NA,2.5,NA,NA
North Cascades,NOCA,WA,2007,12,December,2007-12-01,1270,NA,2.3,NA,NA
North Cascades,NOCA,WA,2008,1,January,2008-01-01,655,NA,2.1,NA,NA
North Cascades,NOCA,WA,2008,2,February,2008-02-01,749,NA,1.9,NA,NA
North Cascades,NOCA,WA,2008,3,March,2008-03-01,1030,NA,2.4,NA,NA
North Cascades,NOCA,WA,2008,4,April,2008-04-01,1311,NA,2.7,NA,NA
North Cascades,NOCA,WA,2008,5,May,2008-05-01,1685,NA,3.1,NA,NA
North Cascades,NOCA,WA,2008,6,June,2008-06-01,2153,NA,3,NA,NA
North Cascades,NOCA,WA,2008,7,July,2008-07-01,2622,NA,2.7,NA,NA
North Cascades,NOCA,WA,2008,8,August,2008-08-01,2434,NA,2.6,NA,NA
North Cascades,NOCA,WA,2008,9,September,2008-09-01,1966,NA,2.5,NA,NA
North Cascades,NOCA,WA,2008,10,October,2008-10-01,1592,NA,2.5,NA,NA
North Cascades,NOCA,WA,2008,11,November,2008-11-01,1311,NA,2.5,NA,NA
North Cascades,NOCA,WA,2008,12,December,2008-12-01,1217,NA,2.3,NA,NA
North Cascades,NOCA,WA,2009,1,January,2009-01-01,944,NA,2.1,NA,NA
North Cascades,NOCA,WA,2009,2,February,2009-02-01,1079,NA,1.9,NA,NA
North Cascades,NOCA,WA,2009,3,March,2009-03-01,1483,NA,2.4,NA,NA
North Cascades,NOCA,WA,2009,4,April,2009-04-01,1888,NA,2.7,NA,NA
North Cascades,NOCA,WA,2009,5,May,2009-05-01,2427,NA,3.1,NA,NA
North Cascades,NOCA,WA,2009,6,June,2009-06-01,3102,NA,3,NA,NA
North Cascades,NOCA,WA,2009,7,July,2009-07-01,3776,NA,2.7,NA,NA
North Cascades,NOCA,WA,2009,8,August,2009-08-01,3506,NA,2.6,NA,NA
North Cascades,NOCA,WA,2009,9,September,2009-09-01,2832,NA,2.5,NA,NA
North Cascades,NOCA,WA,2009,10,October,2009-10-01,2293,NA,2.5,NA,NA
North Cascades,NOCA,WA,2009,11,November,2009-11-01,1888,NA,2.5,NA,NA
North Cascades,NOCA,WA,2009,12,December,2009-12-01,1753,NA,2.3,NA,NA
North Cascades,NOCA,WA,2010,1,January,2010-01-01,863,NA,2.1,NA,NA
North Cascades,NOCA,WA,2010,2,February,2010-02-01,986,NA,1.9,NA,NA
North Cascades,NOCA,WA,2010,3,March,2010-03-01,1356,NA,2.4,NA,NA
North Cascades,NOCA,WA,2010,4,April,2010-04-01,1726,NA,2.7,NA,NA
North Cascades,NOCA,WA,2010,5,May,2010-05-01,2219,NA,3.1,NA,NA
North Cascades,NOCA,WA,2010,6,June,2010-06-01,2836,NA,3,NA,NA
North Cascades,NOCA,WA,2010,7,July,2010-07-01,3452,NA,2.7,NA,NA
North Cascades,NOCA,WA,2010,8,August,2010-08-01,3206,NA,2.6,NA,NA
North Cascades,NOCA,WA,2010,9,September,2010-09-01,2589,NA,2.5,NA,NA
North Cascades,NOCA,WA,2010,10,October,2010-10-01,2096,NA,2.5,NA,NA
North Cascades,NOCA,WA,2010,11,November,2010-11-01,1726,NA,2.5,NA,NA
North Cascades,NOCA,WA,2010,12,December,2010-12-01,1603,NA,2.3,NA,NA
North Cascades,NOCA,WA,2011,1,January,2011-01-01,672,NA,2.1,NA,NA
North Cascades,NOCA,WA,2011,2,February,2011-02-01,768,NA,1.9,NA,NA
North Cascades,NOCA,WA,2011,3,March,2011-03-01,1056,NA,2.4,NA,NA
North Cascades,NOCA,WA,2011,4,April,2011-04-01,1345,NA,2.7,NA,NA
North Cascades,NOCA,WA,2011,5,May,2011-05-01,1729,NA,3.1,NA,NA
North Cascades,NOCA,WA,2011,6,June,2011-06-01,2209,NA,3,NA,NA
North Cascades,NOCA,WA,2011,7,July,2011-07-01,2689,NA,2.7,NA,NA
North Cascades,NOCA,WA,2011,8,August,2011-08-01,2497,NA,2.6,NA,NA
North Cascades,NOCA,WA,2011,9,September,2011-09-01,2017,NA,2.5,NA,NA
North Cascades,NOCA,WA,2011,10,October,2011-10-01,1633,NA,2.5,NA,NA
North Cascades,NOCA,WA,2011,11,November,2011-11-01,1345,NA,2.5,NA,NA
North Cascades,NOCA,WA,2011,12,December,2011-12-01,1249,NA,2.3,NA,NA
North Cascades,NOCA,WA,2012,1,January,2012-01-01,943,NA,2.1,NA,NA
North Cascades,NOCA,WA,2012,2,February,2012-02-01,1077,NA,1.9,NA,NA
North Cascades,NOCA,WA,2012,3,March,2012-03-01,1481,NA,2.4,NA,NA
North Cascades,NOCA,WA,2012,4,April,2012-04-01,1885,NA,2.7,NA,NA
North Cascades,NOCA,WA,2012,5,May,2012-05-01,2424,NA,3.1,NA,NA
North Cascades,NOCA,WA,2012,6,June,2012-06-01,3098,NA,3,NA,NA
North Cascades,NOCA,WA,2012,7,July,2012-07-01,3771,NA,2.7,NA,NA
North Cascades,NOCA,WA,2012,8,August,2012-08-01,3502,NA,2.6,NA,NA
North Cascades,NOCA,WA,2012,9,September,2012-09-01,2828,NA,2.5,NA,NA
North Cascades,NOCA,WA,2012,10,October,2012-10-01,2289,NA,2.5,NA,NA
North Cascades,NOCA,WA,2012,11,November,2012-11-01,1885,NA,2.5,NA,NA
North Cascades,NOCA,WA,2012,12,December,2012-12-01,1751,NA,2.3,NA,NA
North Cascades,NOCA,WA,2013,1,January,2013-01-01,757,NA,2.1,NA,NA
North Cascades,NOCA,WA,2013,2,February,2013-02-01,865,NA,1.9,NA,NA
North Cascades,NOCA,WA,2013,3,March,2013-03-01,1189,NA,2.4,NA,NA
North Cascades,NOCA,WA,2013,4,April,2013-04-01,1514,NA,2.7,NA,NA
North Cascades,NOCA,WA,2013,5,May,2013-05-01,1946,NA,3.1,NA,NA
North Cascades,NOCA,WA,2013,6,June,2013-06-01,2487,NA,3,NA,NA
North Cascades,NOCA,WA,2013,7,July,2013-07-01,3027,NA,2.7,NA,NA
North Cascades,NOCA,WA,2013,8,August,2013-08-01,2811,NA,2.6,NA,NA
North Cascades,NOCA,WA,2013,9,September,2013-09-01,2270,NA,2.5,NA,NA
North Cascades,NOCA,WA,2013,10,October,2013-10-01,1838,NA,2.5,NA,NA
North Cascades,NOCA,WA,2013,11,November,2013-11-01,1514,NA,2.5,NA,NA
North Cascades,NOCA,WA,2013,12,December,2013-12-01,1405,NA,2.3,NA,NA
North Cascades,NOCA,WA,2014,1,January,2014-01-01,835,NA,2.1,NA,NA
North Cascades,NOCA,WA,2014,2,February,2014-02-01,955,NA,1.9,NA,NA
North Cascades,NOCA,WA,2014,3,March,2014-03-01,1313,NA,2.4,NA,NA
North Cascades,NOCA,WA,2014,4,April,2014-04-01,1671,NA,2.7,NA,NA
North Cascades,NOCA,WA,2014,5,May,2014-05-01,2148,NA,3.1,NA,NA
North Cascades,NOCA,WA,2014,6,June,2014-06-01,2744,NA,3,NA,NA
North Cascades,NOCA,WA,2014,7,July,2014-07-01,3341,NA,2.7,NA,NA
North Cascades,NOCA,WA,2014,8,August,2014-08-01,3102,NA,2.6,NA,NA
North Cascades,NOCA,WA,2014,9,September,2014-09-01,2506,NA,2.5,NA,NA
North Cascades,NOCA,WA,2014,10,October,2014-10-01,2029,NA,2.5,NA,NA
North Cascades,NOCA,WA,2014,11,November,2014-11-01,1671,NA,2.5,NA,NA
North Cascades,NOCA,WA,2014,12,December,2014-12-01,1551,NA,2.3,NA,NA
North Cascades,NOCA,WA,2015,1,January,2015-01-01,724,NA,2.1,NA,NA
North Cascades,NOCA,WA,2015,2,February,2015-02-01,827,NA,1.9,NA,NA
North Cascades,NOCA,WA,2015,3,March,2015-03-01,1137,NA,2.4,NA,NA
North Cascades,NOCA,WA,2015,4,April,2015-04-01,1447,NA,2.7,NA,NA
North Cascades,NOCA,WA,2015,5,May,2015-05-01,1861,NA,3.1,NA,NA
North Cascades,NOCA,WA,2015,6,June,2015-06-01,2378,NA,3,NA,NA
North Cascades,NOCA,WA,2015,7,July,2015-07-01,2895,NA,2.7,NA,NA
North Cascades,NOCA,WA,2015,8,August,2015-08-01,2688,NA,2.6,NA,NA
North Cascades,NOCA,WA,2015,9,September,2015-09-01,2171,NA,2.5,NA,NA
North Cascades,NOCA,WA,2015,10,October,2015-10-01,1758,NA,2.5,NA,NA
North Cascades,NOCA,WA,2015,11,November,2015-11-01,1447,NA,2.5,NA,NA
North Cascades,NOCA,WA,2015,12,December,2015-12-01,1344,NA,2.3,NA,NA
North Cascades,NOCA,WA,2016,1,January,2016-01-01,1003,NA,2.1,NA,NA
North Cascades,NOCA,WA,2016,2,February,2016-02-01,1146,NA,1.9,NA,NA
North Cascades,NOCA,WA,2016,3,March,2016-03-01,1576,NA,2.4,NA,NA
North Cascades,NOCA,WA,2016,4,April,2016-04-01,2005,NA,2.7,NA,NA
North Cascades,NOCA,WA,2016,5,May,2016-05-01,2578,NA,3.1,NA,NA
North Cascades,NOCA,WA,2016,6,June,2016-06-01,3294,NA,3,NA,NA
North Cascades,NOCA,WA,2016,7,July,2016-07-01,4010,NA,2.7,NA,NA
North Cascades,NOCA,WA,2016,8,August,2016-08-01,3724,NA,2.6,NA,NA
North Cascades,NOCA,WA,2016,9,September,2016-09-01,3008,NA,2.5,NA,NA
North Cascades,NOCA,WA,2016,10,October,2016-10-01,2435,NA,2.5,NA,NA
North Cascades,NOCA,WA,2016,11,November,2016-11-01,2005,NA,2.5,NA,NA
North Cascades,NOCA,WA,2016,12,December,2016-12-01,1862,NA,2.3,NA,NA
Olympic,OLYM,WA,2007,1,January,2007-01-01,104604,32,3.8,47.8,coastal
Olympic,OLYM,WA,2007,2,February,2007-02-01,119547,35,3.4,47.8,coastal
Olympic,OLYM,WA,2007,3,March,2007-03-01,164378,44,4.3,47.8,coastal
Olympic,OLYM,WA,2007,4,April,2007-04-01,209208,55,4.9,47.8,coastal
Olympic,OLYM,WA,2007,5,May,2007-05-01,268982,65,5.6,47.8,coastal
Olympic,OLYM,WA,2007,6,June,2007-06-01,343699,74,5.4,47.8,coastal
Olympic,OLYM,WA,2007,7,July,2007-07-01,418416,79,4.9,47.8,coastal
Olympic,OLYM,WA,2007,8,August,2007-08-01,388529,77,4.7,47.8,coastal
Olympic,OLYM,WA,2007,9,September,2007-09-01,313812,69,4.5,47.8,coastal
Olympic,OLYM,WA,2007,10,October,2007-10-01,254038,57,4.5,47.8,coastal
Olympic,OLYM,WA,2007,11,November,2007-11-01,209208,44,4.5,47.8,coastal
Olympic,OLYM,WA,2007,12,December,2007-12-01,194265,35,4.1,47.8,coastal
Olympic,OLYM,WA,2008,1,January,2008-01-01,107851,32,3.8,47.8,coastal
Olympic,OLYM,WA,2008,2,February,2008-02-01,123258,35,3.4,47.8,coastal
Olympic,OLYM,WA,2008,3,March,2008-03-01,169480,44,4.3,47.8,coastal
Olympic,OLYM,WA,2008,4,April,2008-04-01,215702,55,4.9,47.8,coastal
Olympic,OLYM,WA,2008,5,May,2008-05-01,277331,65,5.6,47.8,coastal
Olympic,OLYM,WA,2008,6,June,2008-06-01,354367,74,5.4,47.8,coastal
Olympic,OLYM,WA,2008,7,July,2008-07-01,431403,79,4.9,47.8,coastal
Olympic,OLYM,WA,2008,8,August,2008-08-01,400589,77,4.7,47.8,coastal
Olympic,OLYM,WA,2008,9,September,2008-09-01,323552,69,4.5,47.8,coastal
Olympic,OLYM,WA,2008,10,October,2008-10-01,261923,57,4.5,47.8,coastal
Olympic,OLYM,WA,2008,11,November,2008-11-01,215702,44,4.5,47.8,coastal
Olympic,OLYM,WA,2008,12,December,2008-12-01,200294,35,4.1,47.8,coastal
Olympic,OLYM,WA,2009,1,January,2009-01-01,114676,32,3.8,47.8,coastal
Olympic,OLYM,WA,2009,2,February,2009-02-01,131058,35,3.4,47.8,coastal
Olympic,OLYM,WA,2009,3,March,2009-03-01,180205,44,4.3,47.8,coastal
Olympic,OLYM,WA,2009,4,April,2009-04-01,229352,55,4.9,47.8,coastal
Olympic,OLYM,WA,2009,5,May,2009-05-01,294881,65,5.6,47.8,coastal
Olympic,OLYM,WA,2009,6,June,2009-06-01,376793,74,5.4,47.8,coastal
Olympic,OLYM,WA,2009,7,July,2009-07-01,458704,79,4.9,47.8,coastal
Olympic,OLYM,WA,2009,8,August,2009-08-01,425940,77,4.7,47.8,coastal
Olympic,OLYM,WA,2009,9,September,2009-09-01,344028,69,4.5,47.8,coastal
Olympic,OLYM,WA,2009,10,October,2009-10-01,278499,57,4.5,47.8,coastal
Olympic,OLYM,WA,2009,11,November,2009-11-01,229352,44,4.5,47.8,coastal
Olympic,OLYM,WA,2009,12,December,2009-12-01,212970,35,4.1,47.8,coastal
Olympic,OLYM,WA,2010,1,January,2010-01-01,99560,32,3.8,47.8,coastal
Olympic,OLYM,WA,2010,2,February,2010-02-01,113783,35,3.4,47.8,coastal
Olympic,OLYM,WA,2010,3,March,2010-03-01,156451,44,4.3,47.8,coastal
Olympic,OLYM,WA,2010,4,April,2010-04-01,199119,55,4.9,47.8,coastal
Olympic,OLYM,WA,2010,5,May,2010-05-01,256011,65,5.6,47.8,coastal
Olympic,OLYM,WA,2010,6,June,2010-06-01,327125,74,5.4,47.8,coastal
Olympic,OLYM,WA,2010,7,July,2010-07-01,398239,79,4.9,47.8,coastal
Olympic,OLYM,WA,2010,8,August,2010-08-01,369793,77,4.7,47.8,coastal
Olympic,OLYM,WA,2010,9,September,2010-09-01,298679,69,4.5,47.8,coastal
Olympic,OLYM,WA,2010,10,October,2010-10-01,241788,57,4.5,47.8,coastal
Olympic,OLYM,WA,2010,11,November,2010-11-01,199119,44,4.5,47.8,coastal
Olympic,OLYM,WA,2010,12,December,2010-12-01,184897,35,4.1,47.8,coastal
Olympic,OLYM,WA,2011,1,January,2011-01-01,103828,32,3.8,47.8,coastal
Olympic,OLYM,WA,2011,2,February,2011-02-01,118660,35,3.4,47.8,coastal
Olympic,OLYM,WA,2011,3,March,2011-03-01,163158,44,4.3,47.8,coastal
Olympic,OLYM,WA,2011,4,April,2011-04-01,207655,55,4.9,47.8,coastal
Olympic,OLYM,WA,2011,5,May,2011-05-01,266985,65,5.6,47.8,coastal
Olympic,OLYM,WA,2011,6,June,2011-06-01,341148,74,5.4,47.8,coastal
Olympic,OLYM,WA,2011,7,July,2011-07-01,415310,79,4.9,47.8,coastal
Olympic,OLYM,WA,2011,8,August,2011-08-01,385645,77,4.7,47.8,coastal
Olympic,OLYM,WA,2011,9,September,2011-09-01,311483,69,4.5,47.8,coastal
Olympic,OLYM,WA,2011,10,October,2011-10-01,252153,57,4.5,47.8,coastal
Olympic,OLYM,WA,2011,11,November,2011-11-01,207655,44,4.5,47.8,coastal
Olympic,OLYM,WA,2011,12,December,2011-12-01,192823,35,4.1,47.8,coastal
Olympic,OLYM,WA,2012,1,January,2012-01-01,98872,32,3.8,47.8,coastal
Olympic,OLYM,WA,2012,2,February,2012-02-01,112996,35,3.4,47.8,coastal
Olympic,OLYM,WA,2012,3,March,2012-03-01,155370,44,4.3,47.8,coastal
Olympic,OLYM,WA,2012,4,April,2012-04-01,197744,55,4.9,47.8,coastal
Olympic,OLYM,WA,2012,5,May,2012-05-01,254242,65,5.6,47.8,coastal
Olympic,OLYM,WA,2012,6,June,2012-06-01,324864,74,5.4,47.8,coastal
Olympic,OLYM,WA,2012,7,July,2012-07-01,395487,79,4.9,47.8,coastal
Olympic,OLYM,WA,2012,8,August,2012-08-01,367238,77,4.7,47.8,coastal
Olympic,OLYM,WA,2012,9,September,2012-09-01,296615,69,4.5,47.8,coastal
Olympic,OLYM,WA,2012,10,October,2012-10-01,240117,57,4.5,47.8,coastal
Olympic,OLYM,WA,2012,11,November,2012-11-01,197744,44,4.5,47.8,coastal
Olympic,OLYM,WA,2012,12,December,2012-12-01,183619,35,4.1,47.8,coastal
Olympic,OLYM,WA,2013,1,January,2013-01-01,107987,32,3.8,47.8,coastal
Olympic,OLYM,WA,2013,2,February,2013-02-01,123414,35,3.4,47.8,coastal
Olympic,OLYM,WA,2013,3,March,2013-03-01,169694,44,4.3,47.8,coastal
Olympic,OLYM,WA,2013,4,April,2013-04-01,215974,55,4.9,47.8,coastal
Olympic,OLYM,WA,2013,5,May,2013-05-01,277681,65,5.6,47.8,coastal
Olympic,OLYM,WA,2013,6,June,2013-06-01,354814,74,5.4,47.8,coastal
Olympic,OLYM,WA,2013,7,July,2013-07-01,431948,79,4.9,47.8,coastal
Olympic,OLYM,WA,2013,8,August,2013-08-01,401094,77,4.7,47.8,coastal
Olympic,OLYM,WA,2013,9,September,2013-09-01,323961,69,4.5,47.8,coastal
Olympic,OLYM,WA,2013,10,October,2013-10-01,262254,57,4.5,47.8,coastal
Olympic,OLYM,WA,2013,11,November,2013-11-01,215974,44,4.5,47.8,coastal
Olympic,OLYM,WA,2013,12,December,2013-12-01,200547,35,4.1,47.8,coastal
Olympic,OLYM,WA,2014,1,January,2014-01-01,113536,32,3.8,47.8,coastal
Olympic,OLYM,WA,2014,2,February,2014-02-01,129755,35,3.4,47.8,coastal
Olympic,OLYM,WA,2014,3,March,2014-03-01,178413,44,4.3,47.8,coastal
Olympic,OLYM,WA,2014,4,April,2014-04-01,227071,55,4.9,47.8,coastal
Olympic,OLYM,WA,2014,5,May,2014-05-01,291948,65,5.6,47.8,coastal
Olympic,OLYM,WA,2014,6,June,2014-06-01,373045,74,5.4,47.8,coastal
Olympic,OLYM,WA,2014,7,July,2014-07-01,454142,79,4.9,47.8,coastal
Olympic,OLYM,WA,2014,8,August,2014-08-01,421703,77,4.7,47.8,coastal
Olympic,OLYM,WA,2014,9,September,2014-09-01,340607,69,4.5,47.8,coastal
Olympic,OLYM,WA,2014,10,October,2014-10-01,275729,57,4.5,47.8,coastal
Olympic,OLYM,WA,2014,11,November,2014-11-01,227071,44,4.5,47.8,coastal
Olympic,OLYM,WA,2014,12,December,2014-12-01,210852,35,4.1,47.8,coastal
Olympic,OLYM,WA,2015,1,January,2015-01-01,114232,32,3.8,47.8,coastal
Olympic,OLYM,WA,2015,2,February,2015-02-01,130550,35,3.4,47.8,coastal
Olympic,OLYM,WA,2015,3,March,2015-03-01,179507,44,4.3,47.8,coastal
Olympic,OLYM,WA,2015,4,April,2015-04-01,228463,55,4.9,47.8,coastal
Olympic,OLYM,WA,2015,5,May,2015-05-01,293738,65,5.6,47.8,coastal
Olympic,OLYM,WA,2015,6,June,2015-06-01,375333,74,5.4,47.8,coastal
Olympic,OLYM,WA,2015,7,July,2015-07-01,456927,79,4.9,47.8,coastal
Olympic,OLYM,WA,2015,8,August,2015-08-01,424289,77,4.7,47.8,coastal
Olympic,OLYM,WA,2015,9,September,2015-09-01,342695,69,4.5,47.8,coastal
Olympic,OLYM,WA,2015,10,October,2015-10-01,277420,57,4.5,47.8,coastal
Olympic,OLYM,WA,2015,11,November,2015-11-01,228463,44,4.5,47.8,coastal
Olympic,OLYM,WA,2015,12,December,2015-12-01,212144,35,4.1,47.8,coastal
Olympic,OLYM,WA,2016,1,January,2016-01-01,118658,32,3.8,47.8,coastal
Olympic,OLYM,WA,2016,2,February,2016-02-01,135609,35,3.4,47.8,coastal
Olympic,OLYM,WA,2016,3,March,2016-03-01,186462,44,4.3,47.8,coastal
Olympic,OLYM,WA,2016,4,April,2016-04-01,237315,55,4.9,47.8,coastal
Olympic,OLYM,WA,2016,5,May,2016-05-01,305120,65,5.6,47.8,coastal
Olympic,OLYM,WA,2016,6,June,2016-06-01,389875,74,5.4,47.8,coastal
Olympic,OLYM,WA,2016,7,July,2016-07-01,474631,79,4.9,47.8,coastal
Olympic,OLYM,WA,2016,8,August,2016-08-01,440729,77,4.7,47.8,coastal
Olympic,OLYM,WA,2016,9,September,2016-09-01,355973,69,4.5,47.8,coastal
Olympic,OLYM,WA,2016,10,October,2016-10-01,288169,57,4.5,47.8,coastal
Olympic,OLYM,WA,2016,11,November,2016-11-01,237315,44,4.5,47.8,coastal
Olympic,OLYM,WA,2016,12,December,2016-12-01,220364,35,4.1,47.8,coastal
Petrified Forest,PEFO,AZ,2007,1,January,2007-01-01,19726,NA,2.1,NA,NA
Petrified Forest,PEFO,AZ,2007,2,February,2007-02-01,22544,NA,1.9,NA,NA
Petrified Forest,PEFO,AZ,2007,3,March,2007-03-01,30997,NA,2.4,NA,NA
Petrified Forest,PEFO,AZ,2007,4,April,2007-04-01,39451,NA,2.7,NA,NA
Petrified Forest,PEFO,AZ,2007,5,May,2007-05-01,50723,NA,3.1,NA,NA
Petrified Forest,PEFO,AZ,2007,6,June,2007-06-01,64813,NA,3,NA,NA
Petrified Forest,PEFO,AZ,2007,7,July,2007-07-01,78903,NA,2.7,NA,NA
Petrified Forest,PEFO,AZ,2007,8,August,2007-08-01,73267,NA,2.6,NA,NA
Petrified Forest,PEFO,AZ,2007,9,September,2007-09-01,59177,NA,2.5,NA,NA
Petrified Forest,PEFO,AZ,2007,10,October,2007-10-01,47905,NA,2.5,NA,NA
Petrified Forest,PEFO,AZ,2007,11,November,2007-11-01,39451,NA,2.5,NA,NA
Petrified Forest,PEFO,AZ,2007,12,December,2007-12-01,36633,NA,2.3,NA,NA
Petrified Forest,PEFO,AZ,2008,1,January,2008-01-01,19030,NA,2.1,NA,NA
Petrified Forest,PEFO,AZ,2008,2,February,2008-02-01,21749,NA,1.9,NA,NA
Petrified Forest,PEFO,AZ,2008,3,March,2008-03-01,29904,NA,2.4,NA,NA
Petrified Forest,PEFO,AZ,2008,4,April,2008-04-01,38060,NA,2.7,NA,NA
Petrified Forest,PEFO,AZ,2008,5,May,2008-05-01,48934,NA,3.1,NA,NA
Petrified Forest,PEFO,AZ,2008,6,June,2008-06-01,62527,NA,3,NA,NA
Petrified Forest,PEFO,AZ,2008,7,July,2008-07-01,76120,NA,2.7,NA,NA
Petrified Forest,PEFO,AZ,2008,8,August,2008-08-01,70683,NA,2.6,NA,NA
Petrified Forest,PEFO,AZ,2008,9,September,2008-09-01,57090,NA,2.5,NA,NA
Petrified Forest,PEFO,AZ,2008,10,October,2008-10-01,46216,NA,2.5,NA,NA
Petrified Forest,PEFO,AZ,2008,11,November,2008-11-01,38060,NA,2.5,NA,NA
Petrified Forest,PEFO,AZ,2008,12,December,2008-12-01,35341,NA,2.3,NA,NA
Petrified Forest,PEFO,AZ,2009,1,January,2009-01-01,22106,NA,2.1,NA,NA
Petrified Forest,PEFO,AZ,2009,2,February,2009-02-01,25265,NA,1.9,NA,NA
Petrified Forest,PEFO,AZ,2009,3,March,2009-03-01,34739,NA,2.4,NA,NA
Petrified Forest,PEFO,AZ,2009,4,April,2009-04-01,44213,NA,2.7,NA,NA
Petrified Forest,PEFO,AZ,2009,5,May,2009-05-01,56845,NA,3.1,NA,NA
Petrified Forest,PEFO,AZ,2009,6,June,2009-06-01,72635,NA,3,NA,NA
Petrified Forest,PEFO,AZ,2009,7,July,2009-07-01,88426,NA,2.7,NA,NA
Petrified Forest,PEFO,AZ,2009,8,August,2009-08-01,82110,NA,2.6,NA,NA
Petrified Forest,PEFO,AZ,2009,9,September,2009-09-01,66319,NA,2.5,NA,NA
Petrified Forest,PEFO,AZ,2009,10,October,2009-10-01,53687,NA,2.5,NA,NA
Petrified Forest,PEFO,AZ,2009,11,November,2009-11-01,44213,NA,2.5,NA,NA
Petrified Forest,PEFO,AZ,2009,12,December,2009-12-01,41055,NA,2.3,NA,NA
Petrified Forest,PEFO,AZ,2010,1,January,2010-01-01,23265,NA,2.1,NA,NA
Petrified Forest,PEFO,AZ,2010,2,February,2010-02-01,26589,NA,1.9,NA,NA
Petrified Forest,PEFO,AZ,2010,3,March,2010-03-01,36560,NA,2.4,NA,NA
Petrified Forest,PEFO,AZ,2010,4,April,2010-04-01,46531,NA,2.7,NA,NA
Petrified Forest,PEFO,AZ,2010,5,May,2010-05-01,59825,NA,3.1,NA,NA
Petrified Forest,PEFO,AZ,2010,6,June,2010-06-01,76443,NA,3,NA,NA
Petrified Forest,PEFO,AZ,2010,7,July,2010-07-01,93062,NA,2.7,NA,NA
Petrified Forest,PEFO,AZ,2010,8,August,2010-08-01,86414,NA,2.6,NA,NA
Petrified Forest,PEFO,AZ,2010,9,September,2010-09-01,69796,NA,2.5,NA,NA
Petrified Forest,PEFO,AZ,2010,10,October,2010-10-01,56502,NA,2.5,NA,NA
Petrified Forest,PEFO,AZ,2010,11,November,2010-11-01,46531,NA,2.5,NA,NA
Petrified Forest,PEFO,AZ,2010,12,December,2010-12-01,43207,NA,2.3,NA,NA
Petrified Forest,PEFO,AZ,2011,1,January,2011-01-01,21492,NA,2.1,NA,NA
Petrified Forest,PEFO,AZ,2011,2,February,2011-02-01,24562,NA,1.9,NA,NA
Petrified Forest,PEFO,AZ,2011,3,March,2011-03-01,33773,NA,2.4,NA,NA
Petrified Forest,PEFO,AZ,2011,4,April,2011-04-01,42984,NA,2.7,NA,NA
Petrified Forest,PEFO,AZ,2011,5,May,2011-05-01,55265,NA,3.1,NA,NA
Petrified Forest,PEFO,AZ,2011,6,June,2011-06-01,70616,NA,3,NA,NA
Petrified Forest,PEFO,AZ,2011,7,July,2011-07-01,85968,NA,2.7,NA,NA
Petrified Forest,PEFO,AZ,2011,8,August,2011-08-01,79827,NA,2.6,NA,NA
Petrified Forest,PEFO,AZ,2011,9,September,2011-09-01,64476,NA,2.5,NA,NA
Petrified Forest,PEFO,AZ,2011,10,October,2011-10-01,52195,NA,2.5,NA,NA
Petrified Forest,PEFO,AZ,2011,11,November,2011-11-01,42984,NA,2.5,NA,NA
Petrified Forest,PEFO,AZ,2011,12,December,2011-12-01,39914,NA,2.3,NA,NA
Petrified Forest,PEFO,AZ,2012,1,January,2012-01-01,23270,NA,2.1,NA,NA
Petrified Forest,PEFO,AZ,2012,2,February,2012-02-01,26594,NA,1.9,NA,NA
Petrified Forest,PEFO,AZ,2012,3,March,2012-03-01,36567,NA,2.4,NA,NA
Petrified Forest,PEFO,AZ,2012,4,April,2012-04-01,46540,NA,2.7,NA,NA
Petrified Forest,PEFO,AZ,2012,5,May,2012-05-01,59837,NA,3.1,NA,NA
Petrified Forest,PEFO,AZ,2012,6,June,2012-06-01,76459,NA,3,NA,NA
Petrified Forest,PEFO,AZ,2012,7,July,2012-07-01,93080,NA,2.7,NA,NA
Petrified Forest,PEFO,AZ,2012,8,August,2012-08-01,86431,NA,2.6,NA,NA
Petrified Forest,PEFO,AZ,2012,9,September,2012-09-01,69810,NA,2.5,NA,NA
Petrified Forest,PEFO,AZ,2012,10,October,2012-10-01,56513,NA,2.5,NA,NA
Petrified Forest,PEFO,AZ,2012,11,November,2012-11-01,46540,NA,2.5,NA,NA
Petrified Forest,PEFO,AZ,2012,12,December,2012-12-01,43216,NA,2.3,NA,NA
Petrified Forest,PEFO,AZ,2013,1,January,2013-01-01,22563,NA,2.1,NA,NA
Petrified Forest,PEFO,AZ,2013,2,February,2013-02-01,25786,NA,1.9,NA,NA
Petrified Forest,PEFO,AZ,2013,3,March,2013-03-01,35456,NA,2.4,NA,NA
Petrified Forest,PEFO,AZ,2013,4,April,2013-04-01,45125,NA,2.7,NA,NA
Petrified Forest,PEFO,AZ,2013,5,May,2013-05-01,58018,NA,3.1,NA,NA
Petrified Forest,PEFO,AZ,2013,6,June,2013-06-01,74135,NA,3,NA,NA
Petrified Forest,PEFO,AZ,2013,7,July,2013-07-01,90251,NA,2.7,NA,NA
Petrified Forest,PEFO,AZ,2013,8,August,2013-08-01,83804,NA,2.6,NA,NA
Petrified Forest,PEFO,AZ,2013,9,September,2013-09-01,67688,NA,2.5,NA,NA
Petrified Forest,PEFO,AZ,2013,10,October,2013-10-01,54795,NA,2.5,NA,NA
Petrified Forest,PEFO,AZ,2013,11,November,2013-11-01,45125,NA,2.5,NA,NA
Petrified Forest,PEFO,AZ,2013,12,December,2013-12-01,41902,NA,2.3,NA,NA
Petrified Forest,PEFO,AZ,2014,1,January,2014-01-01,29288,NA,2.1,NA,NA
Petrified Forest,PEFO,AZ,2014,2,February,2014-02-01,33472,NA,1.9,NA,NA
Petrified Forest,PEFO,AZ,2014,3,March,2014-03-01,46024,NA,2.4,NA,NA
Petrified Forest,PEFO,AZ,2014,4,April,2014-04-01,58576,NA,2.7,NA,NA
Petrified Forest,PEFO,AZ,2014,5,May,2014-05-01,75312,NA,3.1,NA,NA
Petrified Forest,PEFO,AZ,2014,6,June,2014-06-01,96232,NA,3,NA,NA
Petrified Forest,PEFO,AZ,2014,7,July,2014-07-01,117152,NA,2.7,NA,NA
Petrified Forest,PEFO,AZ,2014,8,August,2014-08-01,108784,NA,2.6,NA,NA
Petrified Forest,PEFO,AZ,2014,9,September,2014-09-01,87864,NA,2.5,NA,NA
Petrified Forest,PEFO,AZ,2014,10,October,2014-10-01,71128,NA,2.5,NA,NA
Petrified Forest,PEFO,AZ,2014,11,November,2014-11-01,58576,NA,2.5,NA,NA
Petrified Forest,PEFO,AZ,2014,12,December,2014-12-01,54392,NA,2.3,NA,NA
Petrified Forest,PEFO,AZ,2015,1,January,2015-01-01,27763,NA,2.1,NA,NA
Petrified Forest,PEFO,AZ,2015,2,February,2015-02-01,31729,NA,1.9,NA,NA
Petrified Forest,PEFO,AZ,2015,3,March,2015-03-01,43627,NA,2.4,NA,NA
Petrified Forest,PEFO,AZ,2015,4,April,2015-04-01,55526,NA,2.7,NA,NA
Petrified Forest,PEFO,AZ,2015,5,May,2015-05-01,71390,NA,3.1,NA,NA
Petrified Forest,PEFO,AZ,2015,6,June,2015-06-01,91221,NA,3,NA,NA
Petrified Forest,PEFO,AZ,2015,7,July,2015-07-01,111052,NA,2.7,NA,NA
Petrified Forest,PEFO,AZ,2015,8,August,2015-08-01,103119,NA,2.6,NA,NA
Petrified Forest,PEFO,AZ,2015,9,September,2015-09-01,83289,NA,2.5,NA,NA
Petrified Forest,PEFO,AZ,2015,10,October,2015-10-01,67424,NA,2.5,NA,NA
Petrified Forest,PEFO,AZ,2015,11,November,2015-11-01,55526,NA,2.5,NA,NA
Petrified Forest,PEFO,AZ,2015,12,December,2015-12-01,51560,NA,2.3,NA,NA
Petrified Forest,PEFO,AZ,2016,1,January,2016-01-01,22515,NA,2.1,NA,NA
Petrified Forest,PEFO,AZ,2016,2,February,2016-02-01,25731,NA,1.9,NA,NA
Petrified Forest,PEFO,AZ,2016,3,March,2016-03-01,35380,NA,2.4,NA,NA
Petrified Forest,PEFO,AZ,2016,4,April,2016-04-01,45029,NA,2.7,NA,NA
Petrified Forest,PEFO,AZ,2016,5,May,2016-05-01,57895,NA,3.1,NA,NA
Petrified Forest,PEFO,AZ,2016,6,June,2016-06-01,73977,NA,3,NA,NA
Petrified Forest,PEFO,AZ,2016,7,July,2016-07-01,90058,NA,2.7,NA,NA
Petrified Forest,PEFO,AZ,2016,8,August,2016-08-01,83626,NA,2.6,NA,NA
Petrified Forest,PEFO,AZ,2016,9,September,2016-09-01,67544,NA,2.5,NA,NA
Petrified Forest,PEFO,AZ,2016,10,October,2016-10-01,54678,NA,2.5,NA,NA
Petrified Forest,PEFO,AZ,2016,11,November,2016-11-01,45029,NA,2.5,NA,NA
Petrified Forest,PEFO,AZ,2016,12,December,2016-12-01,41813,NA,2.3,NA,NA
Pinnacles,PINN,CA,2007,1,January,2007-01-01,5636,NA,2.1,NA,NA
Pinnacles,PINN,CA,2007,2,February,2007-02-01,6441,NA,1.9,NA,NA
Pinnacles,PINN,CA,2007,3,March,2007-03-01,8856,NA,2.4,NA,NA
Pinnacles,PINN,CA,2007,4,April,2007-04-01,11271,NA,2.7,NA,NA
Pinnacles,PINN,CA,2007,5,May,2007-05-01,14492,NA,3.1,NA,NA
Pinnacles,PINN,CA,2007,6,June,2007-06-01,18517,NA,3,NA,NA
Pinnacles,PINN,CA,2007,7,July,2007-07-01,22543,NA,2.7,NA,NA
Pinnacles,PINN,CA,2007,8,August,2007-08-01,20932,NA,2.6,NA,NA
Pinnacles,PINN,CA,2007,9,September,2007-09-01,16907,NA,2.5,NA,NA
Pinnacles,PINN,CA,2007,10,October,2007-10-01,13687,NA,2.5,NA,NA
Pinnacles,PINN,CA,2007,11,November,2007-11-01,11271,NA,2.5,NA,NA
Pinnacles,PINN,CA,2007,12,December,2007-12-01,10466,NA,2.3,NA,NA
Pinnacles,PINN,CA,2008,1,January,2008-01-01,5845,NA,2.1,NA,NA
Pinnacles,PINN,CA,2008,2,February,2008-02-01,6680,NA,1.9,NA,NA
Pinnacles,PINN,CA,2008,3,March,2008-03-01,9184,NA,2.4,NA,NA
Pinnacles,PINN,CA,2008,4,April,2008-04-01,11689,NA,2.7,NA,NA
Pinnacles,PINN,CA,2008,5,May,2008-05-01,15029,NA,3.1,NA,NA
Pinnacles,PINN,CA,2008,6,June,2008-06-01,19204,NA,3,NA,NA
Pinnacles,PINN,CA,2008,7,July,2008-07-01,23378,NA,2.7,NA,NA
Pinnacles,PINN,CA,2008,8,August,2008-08-01,21708,NA,2.6,NA,NA
Pinnacles,PINN,CA,2008,9,September,2008-09-01,17534,NA,2.5,NA,NA
Pinnacles,PINN,CA,2008,10,October,2008-10-01,14194,NA,2.5,NA,NA
Pinnacles,PINN,CA,2008,11,November,2008-11-01,11689,NA,2.5,NA,NA
Pinnacles,PINN,CA,2008,12,December,2008-12-01,10854,NA,2.3,NA,NA
Pinnacles,PINN,CA,2009,1,January,2009-01-01,5989,NA,2.1,NA,NA
Pinnacles,PINN,CA,2009,2,February,2009-02-01,6844,NA,1.9,NA,NA
Pinnacles,PINN,CA,2009,3,March,2009-03-01,9411,NA,2.4,NA,NA
Pinnacles,PINN,CA,2009,4,April,2009-04-01,11978,NA,2.7,NA,NA
Pinnacles,PINN,CA,2009,5,May,2009-05-01,15400,NA,3.1,NA,NA
Pinnacles,PINN,CA,2009,6,June,2009-06-01,19678,NA,3,NA,NA
Pinnacles,PINN,CA,2009,7,July,2009-07-01,23956,NA,2.7,NA,NA
Pinnacles,PINN,CA,2009,8,August,2009-08-01,22245,NA,2.6,NA,NA
Pinnacles,PINN,CA,2009,9,September,2009-09-01,17967,NA,2.5,NA,NA
Pinnacles,PINN,CA,2009,10,October,2009-10-01,14545,NA,2.5,NA,NA
Pinnacles,PINN,CA,2009,11,November,2009-11-01,11978,NA,2.5,NA,NA
Pinnacles,PINN,CA,2009,12,December,2009-12-01,11122,NA,2.3,NA,NA
Pinnacles,PINN,CA,2010,1,January,2010-01-01,8630,NA,2.1,NA,NA
Pinnacles,PINN,CA,2010,2,February,2010-02-01,9863,NA,1.9,NA,NA
Pinnacles,PINN,CA,2010,3,March,2010-03-01,13562,NA,2.4,NA,NA
Pinnacles,PINN,CA,2010,4,April,2010-04-01,17260,NA,2.7,NA,NA
Pinnacles,PINN,CA,2010,5,May,2010-05-01,22192,NA,3.1,NA,NA
Pinnacles,PINN,CA,2010,6,June,2010-06-01,28356,NA,3,NA,NA
Pinnacles,PINN,CA,2010,7,July,2010-07-01,34520,NA,2.7,NA,NA
Pinnacles,PINN,CA,2010,8,August,2010-08-01,32055,NA,2.6,NA,NA
Pinnacles,PINN,CA,2010,9,September,2010-09-01,25890,NA,2.5,NA,NA
Pinnacles,PINN,CA,2010,10,October,2010-10-01,20959,NA,2.5,NA,NA
Pinnacles,PINN,CA,2010,11,November,2010-11-01,17260,NA,2.5,NA,NA
Pinnacles,PINN,CA,2010,12,December,2010-12-01,16027,NA,2.3,NA,NA
Pinnacles,PINN,CA,2011,1,January,2011-01-01,13763,NA,2.1,NA,NA
Pinnacles,PINN,CA,2011,2,February,2011-02-01,15729,NA,1.9,NA,NA
Pinnacles,PINN,CA,2011,3,March,2011-03-01,21627,NA,2.4,NA,NA
Pinnacles,PINN,CA,2011,4,April,2011-04-01,27525,NA,2.7,NA,NA
Pinnacles,PINN,CA,2011,5,May,2011-05-01,35390,NA,3.1,NA,NA
Pinnacles,PINN,CA,2011,6,June,2011-06-01,45220,NA,3,NA,NA
Pinnacles,PINN,CA,2011,7,July,2011-07-01,55051,NA,2.7,NA,NA
Pinnacles,PINN,CA,2011,8,August,2011-08-01,51118,NA,2.6,NA,NA
Pinnacles,PINN,CA,2011,9,September,2011-09-01,41288,NA,2.5,NA,NA
Pinnacles,PINN,CA,2011,10,October,2011-10-01,33424,NA,2.5,NA,NA
Pinnacles,PINN,CA,2011,11,November,2011-11-01,27525,NA,2.5,NA,NA
Pinnacles,PINN,CA,2011,12,December,2011-12-01,25559,NA,2.3,NA,NA
Pinnacles,PINN,CA,2012,1,January,2012-01-01,7857,NA,2.1,NA,NA
Pinnacles,PINN,CA,2012,2,February,2012-02-01,8979,NA,1.9,NA,NA
Pinnacles,PINN,CA,2012,3,March,2012-03-01,12346,NA,2.4,NA,NA
Pinnacles,PINN,CA,2012,4,April,2012-04-01,15713,NA,2.7,NA,NA
Pinnacles,PINN,CA,2012,5,May,2012-05-01,20203,NA,3.1,NA,NA
Pinnacles,PINN,CA,2012,6,June,2012-06-01,25815,NA,3,NA,NA
Pinnacles,PINN,CA,2012,7,July,2012-07-01,31427,NA,2.7,NA,NA
Pinnacles,PINN,CA,2012,8,August,2012-08-01,29182,NA,2.6,NA,NA
Pinnacles,PINN,CA,2012,9,September,2012-09-01,23570,NA,2.5,NA,NA
Pinnacles,PINN,CA,2012,10,October,2012-10-01,19080,NA,2.5,NA,NA
Pinnacles,PINN,CA,2012,11,November,2012-11-01,15713,NA,2.5,NA,NA
Pinnacles,PINN,CA,2012,12,December,2012-12-01,14591,NA,2.3,NA,NA
Pinnacles,PINN,CA,2013,1,January,2013-01-01,8319,NA,2.1,NA,NA
Pinnacles,PINN,CA,2013,2,February,2013-02-01,9507,NA,1.9,NA,NA
Pinnacles,PINN,CA,2013,3,March,2013-03-01,13072,NA,2.4,NA,NA
Pinnacles,PINN,CA,2013,4,April,2013-04-01,16637,NA,2.7,NA,NA
Pinnacles,PINN,CA,2013,5,May,2013-05-01,21391,NA,3.1,NA,NA
Pinnacles,PINN,CA,2013,6,June,2013-06-01,27333,NA,3,NA,NA
Pinnacles,PINN,CA,2013,7,July,2013-07-01,33275,NA,2.7,NA,NA
Pinnacles,PINN,CA,2013,8,August,2013-08-01,30898,NA,2.6,NA,NA
Pinnacles,PINN,CA,2013,9,September,2013-09-01,24956,NA,2.5,NA,NA
Pinnacles,PINN,CA,2013,10,October,2013-10-01,20203,NA,2.5,NA,NA
Pinnacles,PINN,CA,2013,11,November,2013-11-01,16637,NA,2.5,NA,NA
Pinnacles,PINN,CA,2013,12,December,2013-12-01,15449,NA,2.3,NA,NA
Pinnacles,PINN,CA,2014,1,January,2014-01-01,6882,NA,2.1,NA,NA
Pinnacles,PINN,CA,2014,2,February,2014-02-01,7865,NA,1.9,NA,NA
Pinnacles,PINN,CA,2014,3,March,2014-03-01,10815,NA,2.4,NA,NA
Pinnacles,PINN,CA,2014,4,April,2014-04-01,13764,NA,2.7,NA,NA
Pinnacles,PINN,CA,2014,5,May,2014-05-01,17697,NA,3.1,NA,NA
Pinnacles,PINN,CA,2014,6,June,2014-06-01,22613,NA,3,NA,NA
Pinnacles,PINN,CA,2014,7,July,2014-07-01,27529,NA,2.7,NA,NA
Pinnacles,PINN,CA,2014,8,August,2014-08-01,25563,NA,2.6,NA,NA
Pinnacles,PINN,CA,2014,9,September,2014-09-01,20647,NA,2.5,NA,NA
Pinnacles,PINN,CA,2014,10,October,2014-10-01,16714,NA,2.5,NA,NA
Pinnacles,PINN,CA,2014,11,November,2014-11-01,13764,NA,2.5,NA,NA
Pinnacles,PINN,CA,2014,12,December,2014-12-01,12781,NA,2.3,NA,NA
Pinnacles,PINN,CA,2015,1,January,2015-01-01,7229,NA,2.1,NA,NA
Pinnacles,PINN,CA,2015,2,February,2015-02-01,8261,NA,1.9,NA,NA
Pinnacles,PINN,CA,2015,3,March,2015-03-01,11359,NA,2.4,NA,NA
Pinnacles,PINN,CA,2015,4,April,2015-04-01,14457,NA,2.7,NA,NA
Pinnacles,PINN,CA,2015,5,May,2015-05-01,18588,NA,3.1,NA,NA
Pinnacles,PINN,CA,2015,6,June,2015-06-01,23751,NA,3,NA,NA
Pinnacles,PINN,CA,2015,7,July,2015-07-01,28915,NA,2.7,NA,NA
Pinnacles,PINN,CA,2015,8,August,2015-08-01,26849,NA,2.6,NA,NA
Pinnacles,PINN,CA,2015,9,September,2015-09-01,21686,NA,2.5,NA,NA
Pinnacles,PINN,CA,2015,10,October,2015-10-01,17555,NA,2.5,NA,NA
Pinnacles,PINN,CA,2015,11,November,2015-11-01,14457,NA,2.5,NA,NA
Pinnacles,PINN,CA,2015,12,December,2015-12-01,13425,NA,2.3,NA,NA
Pinnacles,PINN,CA,2016,1,January,2016-01-01,7544,NA,2.1,NA,NA
Pinnacles,PINN,CA,2016,2,February,2016-02-01,8622,NA,1.9,NA,NA
Pinnacles,PINN,CA,2016,3,March,2016-03-01,11856,NA,2.4,NA,NA
Pinnacles,PINN,CA,2016,4,April,2016-04-01,15089,NA,2.7,NA,NA
Pinnacles,PINN,CA,2016,5,May,2016-05-01,19400,NA,3.1,NA,NA
Pinnacles,PINN,CA,2016,6,June,2016-06-01,24789,NA,3,NA,NA
Pinnacles,PINN,CA,2016,7,July,2016-07-01,30178,NA,2.7,NA,NA
Pinnacles,PINN,CA,2016,8,August,2016-08-01,28022,NA,2.6,NA,NA
Pinnacles,PINN,CA,2016,9,September,2016-09-01,22633,NA,2.5,NA,NA
Pinnacles,PINN,CA,2016,10,October,2016-10-01,18322,NA,2.5,NA,NA
Pinnacles,PINN,CA,2016,11,November,2016-11-01,15089,NA,2.5,NA,NA
Pinnacles,PINN,CA,2016,12,December,2016-12-01,14011,NA,2.3,NA,NA
Rocky Mountain,ROMO,CO,2007,1,January,2007-01-01,101338,NA,2.1,NA,NA
Rocky Mountain,ROMO,CO,2007,2,February,2007-02-01,115815,NA,1.9,NA,NA
Rocky Mountain,ROMO,CO,2007,3,March,2007-03-01,159246,NA,2.4,NA,NA
Rocky Mountain,ROMO,CO,2007,4,April,2007-04-01,202677,NA,2.7,NA,NA
Rocky Mountain,ROMO,CO,2007,5,May,2007-05-01,260584,NA,3.1,NA,NA
Rocky Mountain,ROMO,CO,2007,6,June,2007-06-01,332969,NA,3,NA,NA
Rocky Mountain,ROMO,CO,2007,7,July,2007-07-01,405354,NA,2.7,NA,NA
Rocky Mountain,ROMO,CO,2007,8,August,2007-08-01,376400,NA,2.6,NA,NA
Rocky Mountain,ROMO,CO,2007,9,September,2007-09-01,304015,NA,2.5,NA,NA
Rocky Mountain,ROMO,CO,2007,10,October,2007-10-01,246108,NA,2.5,NA,NA
Rocky Mountain,ROMO,CO,2007,11,November,2007-11-01,202677,NA,2.5,NA,NA
Rocky Mountain,ROMO,CO,2007,12,December,2007-12-01,188200,NA,2.3,NA,NA
Rocky Mountain,ROMO,CO,2008,1,January,2008-01-01,96509,NA,2.1,NA,NA
Rocky Mountain,ROMO,CO,2008,2,February,2008-02-01,110296,NA,1.9,NA,NA
Rocky Mountain,ROMO,CO,2008,3,March,2008-03-01,151656,NA,2.4,NA,NA
Rocky Mountain,ROMO,CO,2008,4,April,2008-04-01,193017,NA,2.7,NA,NA
Rocky Mountain,ROMO,CO,2008,5,May,2008-05-01,248165,NA,3.1,NA,NA
Rocky Mountain,ROMO,CO,2008,6,June,2008-06-01,317100,NA,3,NA,NA
Rocky Mountain,ROMO,CO,2008,7,July,2008-07-01,386035,NA,2.7,NA,NA
Rocky Mountain,ROMO,CO,2008,8,August,2008-08-01,358461,NA,2.6,NA,NA
Rocky Mountain,ROMO,CO,2008,9,September,2008-09-01,289526,NA,2.5,NA,NA
Rocky Mountain,ROMO,CO,2008,10,October,2008-10-01,234378,NA,2.5,NA,NA
Rocky Mountain,ROMO,CO,2008,11,November,2008-11-01,193017,NA,2.5,NA,NA
Rocky Mountain,ROMO,CO,2008,12,December,2008-12-01,179230,NA,2.3,NA,NA
Rocky Mountain,ROMO,CO,2009,1,January,2009-01-01,98781,NA,2.1,NA,NA
Rocky Mountain,ROMO,CO,2009,2,February,2009-02-01,112893,NA,1.9,NA,NA
Rocky Mountain,ROMO,CO,2009,3,March,2009-03-01,155228,NA,2.4,NA,NA
Rocky Mountain,ROMO,CO,2009,4,April,2009-04-01,197563,NA,2.7,NA,NA
Rocky Mountain,ROMO,CO,2009,5,May,2009-05-01,254009,NA,3.1,NA,NA
Rocky Mountain,ROMO,CO,2009,6,June,2009-06-01,324567,NA,3,NA,NA
Rocky Mountain,ROMO,CO,2009,7,July,2009-07-01,395126,NA,2.7,NA,NA
Rocky Mountain,ROMO,CO,2009,8,August,2009-08-01,366902,NA,2.6,NA,NA
Rocky Mountain,ROMO,CO,2009,9,September,2009-09-01,296344,NA,2.5,NA,NA
Rocky Mountain,ROMO,CO,2009,10,October,2009-10-01,239898,NA,2.5,NA,NA
Rocky Mountain,ROMO,CO,2009,11,November,2009-11-01,197563,NA,2.5,NA,NA
Rocky Mountain,ROMO,CO,2009,12,December,2009-12-01,183451,NA,2.3,NA,NA
Rocky Mountain,ROMO,CO,2010,1,January,2010-01-01,103454,NA,2.1,NA,NA
Rocky Mountain,ROMO,CO,2010,2,February,2010-02-01,118233,NA,1.9,NA,NA
Rocky Mountain,ROMO,CO,2010,3,March,2010-03-01,162570,NA,2.4,NA,NA
Rocky Mountain,ROMO,CO,2010,4,April,2010-04-01,206907,NA,2.7,NA,NA
Rocky Mountain,ROMO,CO,2010,5,May,2010-05-01,266024,NA,3.1,NA,NA
Rocky Mountain,ROMO,CO,2010,6,June,2010-06-01,339919,NA,3,NA,NA
Rocky Mountain,ROMO,CO,2010,7,July,2010-07-01,413815,NA,2.7,NA,NA
Rocky Mountain,ROMO,CO,2010,8,August,2010-08-01,384257,NA,2.6,NA,NA
Rocky Mountain,ROMO,CO,2010,9,September,2010-09-01,310361,NA,2.5,NA,NA
Rocky Mountain,ROMO,CO,2010,10,October,2010-10-01,251245,NA,2.5,NA,NA
Rocky Mountain,ROMO,CO,2010,11,November,2010-11-01,206907,NA,2.5,NA,NA
Rocky Mountain,ROMO,CO,2010,12,December,2010-12-01,192128,NA,2.3,NA,NA
Rocky Mountain,ROMO,CO,2011,1,January,2011-01-01,111193,NA,2.1,NA,NA
Rocky Mountain,ROMO,CO,2011,2,February,2011-02-01,127078,NA,1.9,NA,NA
Rocky Mountain,ROMO,CO,2011,3,March,2011-03-01,174732,NA,2.4,NA,NA
Rocky Mountain,ROMO,CO,2011,4,April,2011-04-01,222386,NA,2.7,NA,NA
Rocky Mountain,ROMO,CO,2011,5,May,2011-05-01,285925,NA,3.1,NA,NA
Rocky Mountain,ROMO,CO,2011,6,June,2011-06-01,365348,NA,3,NA,NA
Rocky Mountain,ROMO,CO,2011,7,July,2011-07-01,444772,NA,2.7,NA,NA
Rocky Mountain,ROMO,CO,2011,8,August,2011-08-01,413002,NA,2.6,NA,NA
Rocky Mountain,ROMO,CO,2011,9,September,2011-09-01,333579,NA,2.5,NA,NA
Rocky Mountain,ROMO,CO,2011,10,October,2011-10-01,270040,NA,2.5,NA,NA
Rocky Mountain,ROMO,CO,2011,11,November,2011-11-01,222386,NA,2.5,NA,NA
Rocky Mountain,ROMO,CO,2011,12,December,2011-12-01,206501,NA,2.3,NA,NA
Rocky Mountain,ROMO,CO,2012,1,January,2012-01-01,113037,NA,2.1,NA,NA
Rocky Mountain,ROMO,CO,2012,2,February,2012-02-01,129185,NA,1.9,NA,NA
Rocky Mountain,ROMO,CO,2012,3,March,2012-03-01,177629,NA,2.4,NA,NA
Rocky Mountain,ROMO,CO,2012,4,April,2012-04-01,226073,NA,2.7,NA,NA
Rocky Mountain,ROMO,CO,2012,5,May,2012-05-01,290666,NA,3.1,NA,NA
Rocky Mountain,ROMO,CO,2012,6,June,2012-06-01,371406,NA,3,NA,NA
Rocky Mountain,ROMO,CO,2012,7,July,2012-07-01,452146,NA,2.7,NA,NA
Rocky Mountain,ROMO,CO,2012,8,August,2012-08-01,419850,NA,2.6,NA,NA
Rocky Mountain,ROMO,CO,2012,9,September,2012-09-01,339110,NA,2.5,NA,NA
Rocky Mountain,ROMO,CO,2012,10,October,2012-10-01,274517,NA,2.5,NA,NA
Rocky Mountain,ROMO,CO,2012,11,November,2012-11-01,226073,NA,2.5,NA,NA
Rocky Mountain,ROMO,CO,2012,12,December,2012-12-01,209925,NA,2.3,NA,NA
Rocky Mountain,ROMO,CO,2013,1,January,2013-01-01,104690,NA,2.1,NA,NA
Rocky Mountain,ROMO,CO,2013,2,February,2013-02-01,119646,NA,1.9,NA,NA
Rocky Mountain,ROMO,CO,2013,3,March,2013-03-01,164513,NA,2.4,NA,NA
Rocky Mountain,ROMO,CO,2013,4,April,2013-04-01,209380,NA,2.7,NA,NA
Rocky Mountain,ROMO,CO,2013,5,May,2013-05-01,269203,NA,3.1,NA,NA
Rocky Mountain,ROMO,CO,2013,6,June,2013-06-01,343981,NA,3,NA,NA
Rocky Mountain,ROMO,CO,2013,7,July,2013-07-01,418760,NA,2.7,NA,NA
Rocky Mountain,ROMO,CO,2013,8,August,2013-08-01,388848,NA,2.6,NA,NA
Rocky Mountain,ROMO,CO,2013,9,September,2013-09-01,314070,NA,2.5,NA,NA
Rocky Mountain,ROMO,CO,2013,10,October,2013-10-01,254247,NA,2.5,NA,NA
Rocky Mountain,ROMO,CO,2013,11,November,2013-11-01,209380,NA,2.5,NA,NA
Rocky Mountain,ROMO,CO,2013,12,December,2013-12-01,194424,NA,2.3,NA,NA
Rocky Mountain,ROMO,CO,2014,1,January,2014-01-01,120216,NA,2.1,NA,NA
Rocky Mountain,ROMO,CO,2014,2,February,2014-02-01,137390,NA,1.9,NA,NA
Rocky Mountain,ROMO,CO,2014,3,March,2014-03-01,188911,NA,2.4,NA,NA
Rocky Mountain,ROMO,CO,2014,4,April,2014-04-01,240433,NA,2.7,NA,NA
Rocky Mountain,ROMO,CO,2014,5,May,2014-05-01,309128,NA,3.1,NA,NA
Rocky Mountain,ROMO,CO,2014,6,June,2014-06-01,394996,NA,3,NA,NA
Rocky Mountain,ROMO,CO,2014,7,July,2014-07-01,480865,NA,2.7,NA,NA
Rocky Mountain,ROMO,CO,2014,8,August,2014-08-01,446518,NA,2.6,NA,NA
Rocky Mountain,ROMO,CO,2014,9,September,2014-09-01,360649,NA,2.5,NA,NA
Rocky Mountain,ROMO,CO,2014,10,October,2014-10-01,291954,NA,2.5,NA,NA
Rocky Mountain,ROMO,CO,2014,11,November,2014-11-01,240433,NA,2.5,NA,NA
Rocky Mountain,ROMO,CO,2014,12,December,2014-12-01,223259,NA,2.3,NA,NA
Rocky Mountain,ROMO,CO,2015,1,January,2015-01-01,145457,NA,2.1,NA,NA
Rocky Mountain,ROMO,CO,2015,2,February,2015-02-01,166237,NA,1.9,NA,NA
Rocky Mountain,ROMO,CO,2015,3,March,2015-03-01,228575,NA,2.4,NA,NA
Rocky Mountain,ROMO,CO,2015,4,April,2015-04-01,290914,NA,2.7,NA,NA
Rocky Mountain,ROMO,CO,2015,5,May,2015-05-01,374032,NA,3.1,NA,NA
Rocky Mountain,ROMO,CO,2015,6,June,2015-06-01,477930,NA,3,NA,NA
Rocky Mountain,ROMO,CO,2015,7,July,2015-07-01,581828,NA,2.7,NA,NA
Rocky Mountain,ROMO,CO,2015,8,August,2015-08-01,540269,NA,2.6,NA,NA
Rocky Mountain,ROMO,CO,2015,9,September,2015-09-01,436371,NA,2.5,NA,NA
Rocky Mountain,ROMO,CO,2015,10,October,2015-10-01,353253,NA,2.5,NA,NA
Rocky Mountain,ROMO,CO,2015,11,November,2015-11-01,290914,NA,2.5,NA,NA
Rocky Mountain,ROMO,CO,2015,12,December,2015-12-01,270135,NA,2.3,NA,NA
Rocky Mountain,ROMO,CO,2016,1,January,2016-01-01,158115,NA,2.1,NA,NA
Rocky Mountain,ROMO,CO,2016,2,February,2016-02-01,180703,NA,1.9,NA,NA
Rocky Mountain,ROMO,CO,2016,3,March,2016-03-01,248467,NA,2.4,NA,NA
Rocky Mountain,ROMO,CO,2016,4,April,2016-04-01,316231,NA,2.7,NA,NA
Rocky Mountain,ROMO,CO,2016,5,May,2016-05-01,406583,NA,3.1,NA,NA
Rocky Mountain,ROMO,CO,2016,6,June,2016-06-01,519522,NA,3,NA,NA
Rocky Mountain,ROMO,CO,2016,7,July,2016-07-01,632462,NA,2.7,NA,NA
Rocky Mountain,ROMO,CO,2016,8,August,2016-08-01,587286,NA,2.6,NA,NA
Rocky Mountain,ROMO,CO,2016,9,September,2016-09-01,474346,NA,2.5,NA,NA
Rocky Mountain,ROMO,CO,2016,10,October,2016-10-01,383995,NA,2.5,NA,NA
Rocky Mountain,ROMO,CO,2016,11,November,2016-11-01,316231,NA,2.5,NA,NA
Rocky Mountain,ROMO,CO,2016,12,December,2016-12-01,293643,NA,2.3,NA,NA
Saguaro,SAGU,AZ,2007,1,January,2007-01-01,23047,NA,2.1,NA,NA
Saguaro,SAGU,AZ,2007,2,February,2007-02-01,26339,NA,1.9,NA,NA
Saguaro,SAGU,AZ,2007,3,March,2007-03-01,36216,NA,2.4,NA,NA
Saguaro,SAGU,AZ,2007,4,April,2007-04-01,46093,NA,2.7,NA,NA
Saguaro,SAGU,AZ,2007,5,May,2007-05-01,59263,NA,3.1,NA,NA
Saguaro,SAGU,AZ,2007,6,June,2007-06-01,75725,NA,3,NA,NA
Saguaro,SAGU,AZ,2007,7,July,2007-07-01,92187,NA,2.7,NA,NA
Saguaro,SAGU,AZ,2007,8,August,2007-08-01,85602,NA,2.6,NA,NA
Saguaro,SAGU,AZ,2007,9,September,2007-09-01,69140,NA,2.5,NA,NA
Saguaro,SAGU,AZ,2007,10,October,2007-10-01,55971,NA,2.5,NA,NA
Saguaro,SAGU,AZ,2007,11,November,2007-11-01,46093,NA,2.5,NA,NA
Saguaro,SAGU,AZ,2007,12,December,2007-12-01,42801,NA,2.3,NA,NA
Saguaro,SAGU,AZ,2008,1,January,2008-01-01,24470,NA,2.1,NA,NA
Saguaro,SAGU,AZ,2008,2,February,2008-02-01,27965,NA,1.9,NA,NA
Saguaro,SAGU,AZ,2008,3,March,2008-03-01,38453,NA,2.4,NA,NA
Saguaro,SAGU,AZ,2008,4,April,2008-04-01,48940,NA,2.7,NA,NA
Saguaro,SAGU,AZ,2008,5,May,2008-05-01,62922,NA,3.1,NA,NA
Saguaro,SAGU,AZ,2008,6,June,2008-06-01,80401,NA,3,NA,NA
Saguaro,SAGU,AZ,2008,7,July,2008-07-01,97879,NA,2.7,NA,NA
Saguaro,SAGU,AZ,2008,8,August,2008-08-01,90888,NA,2.6,NA,NA
Saguaro,SAGU,AZ,2008,9,September,2008-09-01,73409,NA,2.5,NA,NA
Saguaro,SAGU,AZ,2008,10,October,2008-10-01,59427,NA,2.5,NA,NA
Saguaro,SAGU,AZ,2008,11,November,2008-11-01,48940,NA,2.5,NA,NA
Saguaro,SAGU,AZ,2008,12,December,2008-12-01,45444,NA,2.3,NA,NA
Saguaro,SAGU,AZ,2009,1,January,2009-01-01,23283,NA,2.1,NA,NA
Saguaro,SAGU,AZ,2009,2,February,2009-02-01,26609,NA,1.9,NA,NA
Saguaro,SAGU,AZ,2009,3,March,2009-03-01,36588,NA,2.4,NA,NA
Saguaro,SAGU,AZ,2009,4,April,2009-04-01,46566,NA,2.7,NA,NA
Saguaro,SAGU,AZ,2009,5,May,2009-05-01,59871,NA,3.1,NA,NA
Saguaro,SAGU,AZ,2009,6,June,2009-06-01,76502,NA,3,NA,NA
Saguaro,SAGU,AZ,2009,7,July,2009-07-01,93133,NA,2.7,NA,NA
Saguaro,SAGU,AZ,2009,8,August,2009-08-01,86480,NA,2.6,NA,NA
Saguaro,SAGU,AZ,2009,9,September,2009-09-01,69850,NA,2.5,NA,NA
Saguaro,SAGU,AZ,2009,10,October,2009-10-01,56545,NA,2.5,NA,NA
Saguaro,SAGU,AZ,2009,11,November,2009-11-01,46566,NA,2.5,NA,NA
Saguaro,SAGU,AZ,2009,12,December,2009-12-01,43240,NA,2.3,NA,NA
Saguaro,SAGU,AZ,2010,1,January,2010-01-01,25116,NA,2.1,NA,NA
Saguaro,SAGU,AZ,2010,2,February,2010-02-01,28705,NA,1.9,NA,NA
Saguaro,SAGU,AZ,2010,3,March,2010-03-01,39469,NA,2.4,NA,NA
Saguaro,SAGU,AZ,2010,4,April,2010-04-01,50233,NA,2.7,NA,NA
Saguaro,SAGU,AZ,2010,5,May,2010-05-01,64585,NA,3.1,NA,NA
Saguaro,SAGU,AZ,2010,6,June,2010-06-01,82526,NA,3,NA,NA
Saguaro,SAGU,AZ,2010,7,July,2010-07-01,100466,NA,2.7,NA,NA
Saguaro,SAGU,AZ,2010,8,August,2010-08-01,93290,NA,2.6,NA,NA
Saguaro,SAGU,AZ,2010,9,September,2010-09-01,75349,NA,2.5,NA,NA
Saguaro,SAGU,AZ,2010,10,October,2010-10-01,60997,NA,2.5,NA,NA
Saguaro,SAGU,AZ,2010,11,November,2010-11-01,50233,NA,2.5,NA,NA
Saguaro,SAGU,AZ,2010,12,December,2010-12-01,46645,NA,2.3,NA,NA
Saguaro,SAGU,AZ,2011,1,January,2011-01-01,21352,NA,2.1,NA,NA
Saguaro,SAGU,AZ,2011,2,February,2011-02-01,24402,NA,1.9,NA,NA
Saguaro,SAGU,AZ,2011,3,March,2011-03-01,33552,NA,2.4,NA,NA
Saguaro,SAGU,AZ,2011,4,April,2011-04-01,42703,NA,2.7,NA,NA
Saguaro,SAGU,AZ,2011,5,May,2011-05-01,54904,NA,3.1,NA,NA
Saguaro,SAGU,AZ,2011,6,June,2011-06-01,70155,NA,3,NA,NA
Saguaro,SAGU,AZ,2011,7,July,2011-07-01,85406,NA,2.7,NA,NA
Saguaro,SAGU,AZ,2011,8,August,2011-08-01,79306,NA,2.6,NA,NA
Saguaro,SAGU,AZ,2011,9,September,2011-09-01,64055,NA,2.5,NA,NA
Saguaro,SAGU,AZ,2011,10,October,2011-10-01,51854,NA,2.5,NA,NA
Saguaro,SAGU,AZ,2011,11,November,2011-11-01,42703,NA,2.5,NA,NA
Saguaro,SAGU,AZ,2011,12,December,2011-12-01,39653,NA,2.3,NA,NA
Saguaro,SAGU,AZ,2012,1,January,2012-01-01,22200,NA,2.1,NA,NA
Saguaro,SAGU,AZ,2012,2,February,2012-02-01,25371,NA,1.9,NA,NA
Saguaro,SAGU,AZ,2012,3,March,2012-03-01,34886,NA,2.4,NA,NA
Saguaro,SAGU,AZ,2012,4,April,2012-04-01,44400,NA,2.7,NA,NA
Saguaro,SAGU,AZ,2012,5,May,2012-05-01,57086,NA,3.1,NA,NA
Saguaro,SAGU,AZ,2012,6,June,2012-06-01,72943,NA,3,NA,NA
Saguaro,SAGU,AZ,2012,7,July,2012-07-01,88800,NA,2.7,NA,NA
Saguaro,SAGU,AZ,2012,8,August,2012-08-01,82457,NA,2.6,NA,NA
Saguaro,SAGU,AZ,2012,9,September,2012-09-01,66600,NA,2.5,NA,NA
Saguaro,SAGU,AZ,2012,10,October,2012-10-01,53914,NA,2.5,NA,NA
Saguaro,SAGU,AZ,2012,11,November,2012-11-01,44400,NA,2.5,NA,NA
Saguaro,SAGU,AZ,2012,12,December,2012-12-01,41229,NA,2.3,NA,NA
Saguaro,SAGU,AZ,2013,1,January,2013-01-01,23739,NA,2.1,NA,NA
Saguaro,SAGU,AZ,2013,2,February,2013-02-01,27130,NA,1.9,NA,NA
Saguaro,SAGU,AZ,2013,3,March,2013-03-01,37304,NA,2.4,NA,NA
Saguaro,SAGU,AZ,2013,4,April,2013-04-01,47478,NA,2.7,NA,NA
Saguaro,SAGU,AZ,2013,5,May,2013-05-01,61043,NA,3.1,NA,NA
Saguaro,SAGU,AZ,2013,6,June,2013-06-01,78000,NA,3,NA,NA
Saguaro,SAGU,AZ,2013,7,July,2013-07-01,94957,NA,2.7,NA,NA
Saguaro,SAGU,AZ,2013,8,August,2013-08-01,88174,NA,2.6,NA,NA
Saguaro,SAGU,AZ,2013,9,September,2013-09-01,71217,NA,2.5,NA,NA
Saguaro,SAGU,AZ,2013,10,October,2013-10-01,57652,NA,2.5,NA,NA
Saguaro,SAGU,AZ,2013,11,November,2013-11-01,47478,NA,2.5,NA,NA
Saguaro,SAGU,AZ,2013,12,December,2013-12-01,44087,NA,2.3,NA,NA
Saguaro,SAGU,AZ,2014,1,January,2014-01-01,23575,NA,2.1,NA,NA
Saguaro,SAGU,AZ,2014,2,February,2014-02-01,26943,NA,1.9,NA,NA
Saguaro,SAGU,AZ,2014,3,March,2014-03-01,37046,NA,2.4,NA,NA
Saguaro,SAGU,AZ,2014,4,April,2014-04-01,47150,NA,2.7,NA,NA
Saguaro,SAGU,AZ,2014,5,May,2014-05-01,60621,NA,3.1,NA,NA
Saguaro,SAGU,AZ,2014,6,June,2014-06-01,77461,NA,3,NA,NA
Saguaro,SAGU,AZ,2014,7,July,2014-07-01,94300,NA,2.7,NA,NA
Saguaro,SAGU,AZ,2014,8,August,2014-08-01,87564,NA,2.6,NA,NA
Saguaro,SAGU,AZ,2014,9,September,2014-09-01,70725,NA,2.5,NA,NA
Saguaro,SAGU,AZ,2014,10,October,2014-10-01,57254,NA,2.5,NA,NA
Saguaro,SAGU,AZ,2014,11,November,2014-11-01,47150,NA,2.5,NA,NA
Saguaro,SAGU,AZ,2014,12,December,2014-12-01,43782,NA,2.3,NA,NA
Saguaro,SAGU,AZ,2015,1,January,2015-01-01,26371,NA,2.1,NA,NA
Saguaro,SAGU,AZ,2015,2,February,2015-02-01,30138,NA,1.9,NA,NA
Saguaro,SAGU,AZ,2015,3,March,2015-03-01,41440,NA,2.4,NA,NA
Saguaro,SAGU,AZ,2015,4,April,2015-04-01,52741,NA,2.7,NA,NA
Saguaro,SAGU,AZ,2015,5,May,2015-05-01,67810,NA,3.1,NA,NA
Saguaro,SAGU,AZ,2015,6,June,2015-06-01,86646,NA,3,NA,NA
Saguaro,SAGU,AZ,2015,7,July,2015-07-01,105482,NA,2.7,NA,NA
Saguaro,SAGU,AZ,2015,8,August,2015-08-01,97948,NA,2.6,NA,NA
Saguaro,SAGU,AZ,2015,9,September,2015-09-01,79112,NA,2.5,NA,NA
Saguaro,SAGU,AZ,2015,10,October,2015-10-01,64043,NA,2.5,NA,NA
Saguaro,SAGU,AZ,2015,11,November,2015-11-01,52741,NA,2.5,NA,NA
Saguaro,SAGU,AZ,2015,12,December,2015-12-01,48974,NA,2.3,NA,NA
Saguaro,SAGU,AZ,2016,1,January,2016-01-01,28715,NA,2.1,NA,NA
Saguaro,SAGU,AZ,2016,2,February,2016-02-01,32817,NA,1.9,NA,NA
Saguaro,SAGU,AZ,2016,3,March,2016-03-01,45123,NA,2.4,NA,NA
Saguaro,SAGU,AZ,2016,4,April,2016-04-01,57430,NA,2.7,NA,NA
Saguaro,SAGU,AZ,2016,5,May,2016-05-01,73838,NA,3.1,NA,NA
Saguaro,SAGU,AZ,2016,6,June,2016-06-01,94349,NA,3,NA,NA
Saguaro,SAGU,AZ,2016,7,July,2016-07-01,114860,NA,2.7,NA,NA
Saguaro,SAGU,AZ,2016,8,August,2016-08-01,106655,NA,2.6,NA,NA
Saguaro,SAGU,AZ,2016,9,September,2016-09-01,86145,NA,2.5,NA,NA
Saguaro,SAGU,AZ,2016,10,October,2016-10-01,69736,NA,2.5,NA,NA
Saguaro,SAGU,AZ,2016,11,November,2016-11-01,57430,NA,2.5,NA,NA
Saguaro,SAGU,AZ,2016,12,December,2016-12-01,53328,NA,2.3,NA,NA
Sequoia,SEQU,CA,2007,1,January,2007-01-01,34284,NA,2.1,NA,NA
Sequoia,SEQU,CA,2007,2,February,2007-02-01,39181,NA,1.9,NA,NA
Sequoia,SEQU,CA,2007,3,March,2007-03-01,53875,NA,2.4,NA,NA
Sequoia,SEQU,CA,2007,4,April,2007-04-01,68568,NA,2.7,NA,NA
Sequoia,SEQU,CA,2007,5,May,2007-05-01,88158,NA,3.1,NA,NA
Sequoia,SEQU,CA,2007,6,June,2007-06-01,112647,NA,3,NA,NA
Sequoia,SEQU,CA,2007,7,July,2007-07-01,137135,NA,2.7,NA,NA
Sequoia,SEQU,CA,2007,8,August,2007-08-01,127340,NA,2.6,NA,NA
Sequoia,SEQU,CA,2007,9,September,2007-09-01,102851,NA,2.5,NA,NA
Sequoia,SEQU,CA,2007,10,October,2007-10-01,83261,NA,2.5,NA,NA
Sequoia,SEQU,CA,2007,11,November,2007-11-01,68568,NA,2.5,NA,NA
Sequoia,SEQU,CA,2007,12,December,2007-12-01,63670,NA,2.3,NA,NA
Sequoia,SEQU,CA,2008,1,January,2008-01-01,32550,NA,2.1,NA,NA
Sequoia,SEQU,CA,2008,2,February,2008-02-01,37200,NA,1.9,NA,NA
Sequoia,SEQU,CA,2008,3,March,2008-03-01,51151,NA,2.4,NA,NA
Sequoia,SEQU,CA,2008,4,April,2008-04-01,65101,NA,2.7,NA,NA
Sequoia,SEQU,CA,2008,5,May,2008-05-01,83701,NA,3.1,NA,NA
Sequoia,SEQU,CA,2008,6,June,2008-06-01,106951,NA,3,NA,NA
Sequoia,SEQU,CA,2008,7,July,2008-07-01,130202,NA,2.7,NA,NA
Sequoia,SEQU,CA,2008,8,August,2008-08-01,120901,NA,2.6,NA,NA
Sequoia,SEQU,CA,2008,9,September,2008-09-01,97651,NA,2.5,NA,NA
Sequoia,SEQU,CA,2008,10,October,2008-10-01,79051,NA,2.5,NA,NA
Sequoia,SEQU,CA,2008,11,November,2008-11-01,65101,NA,2.5,NA,NA
Sequoia,SEQU,CA,2008,12,December,2008-12-01,60451,NA,2.3,NA,NA
Sequoia,SEQU,CA,2009,1,January,2009-01-01,33781,NA,2.1,NA,NA
Sequoia,SEQU,CA,2009,2,February,2009-02-01,38607,NA,1.9,NA,NA
Sequoia,SEQU,CA,2009,3,March,2009-03-01,53084,NA,2.4,NA,NA
Sequoia,SEQU,CA,2009,4,April,2009-04-01,67562,NA,2.7,NA,NA
Sequoia,SEQU,CA,2009,5,May,2009-05-01,86865,NA,3.1,NA,NA
Sequoia,SEQU,CA,2009,6,June,2009-06-01,110995,NA,3,NA,NA
Sequoia,SEQU,CA,2009,7,July,2009-07-01,135124,NA,2.7,NA,NA
Sequoia,SEQU,CA,2009,8,August,2009-08-01,125472,NA,2.6,NA,NA
Sequoia,SEQU,CA,2009,9,September,2009-09-01,101343,NA,2.5,NA,NA
Sequoia,SEQU,CA,2009,10,October,2009-10-01,82039,NA,2.5,NA,NA
Sequoia,SEQU,CA,2009,11,November,2009-11-01,67562,NA,2.5,NA,NA
Sequoia,SEQU,CA,2009,12,December,2009-12-01,62736,NA,2.3,NA,NA
Sequoia,SEQU,CA,2010,1,January,2010-01-01,35104,NA,2.1,NA,NA
Sequoia,SEQU,CA,2010,2,February,2010-02-01,40119,NA,1.9,NA,NA
Sequoia,SEQU,CA,2010,3,March,2010-03-01,55164,NA,2.4,NA,NA
Sequoia,SEQU,CA,2010,4,April,2010-04-01,70209,NA,2.7,NA,NA
Sequoia,SEQU,CA,2010,5,May,2010-05-01,90268,NA,3.1,NA,NA
Sequoia,SEQU,CA,2010,6,June,2010-06-01,115343,NA,3,NA,NA
Sequoia,SEQU,CA,2010,7,July,2010-07-01,140417,NA,2.7,NA,NA
Sequoia,SEQU,CA,2010,8,August,2010-08-01,130387,NA,2.6,NA,NA
Sequoia,SEQU,CA,2010,9,September,2010-09-01,105313,NA,2.5,NA,NA
Sequoia,SEQU,CA,2010,10,October,2010-10-01,85253,NA,2.5,NA,NA
Sequoia,SEQU,CA,2010,11,November,2010-11-01,70209,NA,2.5,NA,NA
Sequoia,SEQU,CA,2010,12,December,2010-12-01,65194,NA,2.3,NA,NA
Sequoia,SEQU,CA,2011,1,January,2011-01-01,35230,NA,2.1,NA,NA
Sequoia,SEQU,CA,2011,2,February,2011-02-01,40263,NA,1.9,NA,NA
Sequoia,SEQU,CA,2011,3,March,2011-03-01,55362,NA,2.4,NA,NA
Sequoia,SEQU,CA,2011,4,April,2011-04-01,70461,NA,2.7,NA,NA
Sequoia,SEQU,CA,2011,5,May,2011-05-01,90592,NA,3.1,NA,NA
Sequoia,SEQU,CA,2011,6,June,2011-06-01,115757,NA,3,NA,NA
Sequoia,SEQU,CA,2011,7,July,2011-07-01,140922,NA,2.7,NA,NA
Sequoia,SEQU,CA,2011,8,August,2011-08-01,130856,NA,2.6,NA,NA
Sequoia,SEQU,CA,2011,9,September,2011-09-01,105691,NA,2.5,NA,NA
Sequoia,SEQU,CA,2011,10,October,2011-10-01,85560,NA,2.5,NA,NA
Sequoia,SEQU,CA,2011,11,November,2011-11-01,70461,NA,2.5,NA,NA
Sequoia,SEQU,CA,2011,12,December,2011-12-01,65428,NA,2.3,NA,NA
Sequoia,SEQU,CA,2012,1,January,2012-01-01,38730,NA,2.1,NA,NA
Sequoia,SEQU,CA,2012,2,February,2012-02-01,44263,NA,1.9,NA,NA
Sequoia,SEQU,CA,2012,3,March,2012-03-01,60862,NA,2.4,NA,NA
Sequoia,SEQU,CA,2012,4,April,2012-04-01,77461,NA,2.7,NA,NA
Sequoia,SEQU,CA,2012,5,May,2012-05-01,99593,NA,3.1,NA,NA
Sequoia,SEQU,CA,2012,6,June,2012-06-01,127257,NA,3,NA,NA
Sequoia,SEQU,CA,2012,7,July,2012-07-01,154922,NA,2.7,NA,NA
Sequoia,SEQU,CA,2012,8,August,2012-08-01,143856,NA,2.6,NA,NA
Sequoia,SEQU,CA,2012,9,September,2012-09-01,116191,NA,2.5,NA,NA
Sequoia,SEQU,CA,2012,10,October,2012-10-01,94060,NA,2.5,NA,NA
Sequoia,SEQU,CA,2012,11,November,2012-11-01,77461,NA,2.5,NA,NA
Sequoia,SEQU,CA,2012,12,December,2012-12-01,71928,NA,2.3,NA,NA
Sequoia,SEQU,CA,2013,1,January,2013-01-01,31825,NA,2.1,NA,NA
Sequoia,SEQU,CA,2013,2,February,2013-02-01,36371,NA,1.9,NA,NA
Sequoia,SEQU,CA,2013,3,March,2013-03-01,50010,NA,2.4,NA,NA
Sequoia,SEQU,CA,2013,4,April,2013-04-01,63649,NA,2.7,NA,NA
Sequoia,SEQU,CA,2013,5,May,2013-05-01,81835,NA,3.1,NA,NA
Sequoia,SEQU,CA,2013,6,June,2013-06-01,104567,NA,3,NA,NA
Sequoia,SEQU,CA,2013,7,July,2013-07-01,127298,NA,2.7,NA,NA
Sequoia,SEQU,CA,2013,8,August,2013-08-01,118206,NA,2.6,NA,NA
Sequoia,SEQU,CA,2013,9,September,2013-09-01,95474,NA,2.5,NA,NA
Sequoia,SEQU,CA,2013,10,October,2013-10-01,77288,NA,2.5,NA,NA
Sequoia,SEQU,CA,2013,11,November,2013-11-01,63649,NA,2.5,NA,NA
Sequoia,SEQU,CA,2013,12,December,2013-12-01,59103,NA,2.3,NA,NA
Sequoia,SEQU,CA,2014,1,January,2014-01-01,36370,NA,2.1,NA,NA
Sequoia,SEQU,CA,2014,2,February,2014-02-01,41565,NA,1.9,NA,NA
Sequoia,SEQU,CA,2014,3,March,2014-03-01,57153,NA,2.4,NA,NA
Sequoia,SEQU,CA,2014,4,April,2014-04-01,72740,NA,2.7,NA,NA
Sequoia,SEQU,CA,2014,5,May,2014-05-01,93522,NA,3.1,NA,NA
Sequoia,SEQU,CA,2014,6,June,2014-06-01,119501,NA,3,NA,NA
Sequoia,SEQU,CA,2014,7,July,2014-07-01,145479,NA,2.7,NA,NA
Sequoia,SEQU,CA,2014,8,August,2014-08-01,135088,NA,2.6,NA,NA
Sequoia,SEQU,CA,2014,9,September,2014-09-01,109109,NA,2.5,NA,NA
Sequoia,SEQU,CA,2014,10,October,2014-10-01,88327,NA,2.5,NA,NA
Sequoia,SEQU,CA,2014,11,November,2014-11-01,72740,NA,2.5,NA,NA
Sequoia,SEQU,CA,2014,12,December,2014-12-01,67544,NA,2.3,NA,NA
Sequoia,SEQU,CA,2015,1,January,2015-01-01,38411,NA,2.1,NA,NA
Sequoia,SEQU,CA,2015,2,February,2015-02-01,43899,NA,1.9,NA,NA
Sequoia,SEQU,CA,2015,3,March,2015-03-01,60361,NA,2.4,NA,NA
Sequoia,SEQU,CA,2015,4,April,2015-04-01,76822,NA,2.7,NA,NA
Sequoia,SEQU,CA,2015,5,May,2015-05-01,98772,NA,3.1,NA,NA
Sequoia,SEQU,CA,2015,6,June,2015-06-01,126208,NA,3,NA,NA
Sequoia,SEQU,CA,2015,7,July,2015-07-01,153645,NA,2.7,NA,NA
Sequoia,SEQU,CA,2015,8,August,2015-08-01,142670,NA,2.6,NA,NA
Sequoia,SEQU,CA,2015,9,September,2015-09-01,115234,NA,2.5,NA,NA
Sequoia,SEQU,CA,2015,10,October,2015-10-01,93284,NA,2.5,NA,NA
Sequoia,SEQU,CA,2015,11,November,2015-11-01,76822,NA,2.5,NA,NA
Sequoia,SEQU,CA,2015,12,December,2015-12-01,71335,NA,2.3,NA,NA
Sequoia,SEQU,CA,2016,1,January,2016-01-01,43914,NA,2.1,NA,NA
Sequoia,SEQU,CA,2016,2,February,2016-02-01,50188,NA,1.9,NA,NA
Sequoia,SEQU,CA,2016,3,March,2016-03-01,69008,NA,2.4,NA,NA
Sequoia,SEQU,CA,2016,4,April,2016-04-01,87828,NA,2.7,NA,NA
Sequoia,SEQU,CA,2016,5,May,2016-05-01,112922,NA,3.1,NA,NA
Sequoia,SEQU,CA,2016,6,June,2016-06-01,144289,NA,3,NA,NA
Sequoia,SEQU,CA,2016,7,July,2016-07-01,175656,NA,2.7,NA,NA
Sequoia,SEQU,CA,2016,8,August,2016-08-01,163109,NA,2.6,NA,NA
Sequoia,SEQU,CA,2016,9,September,2016-09-01,131742,NA,2.5,NA,NA
Sequoia,SEQU,CA,2016,10,October,2016-10-01,106648,NA,2.5,NA,NA
Sequoia,SEQU,CA,2016,11,November,2016-11-01,87828,NA,2.5,NA,NA
Sequoia,SEQU,CA,2016,12,December,2016-12-01,81555,NA,2.3,NA,NA
Theodore Roosevelt,THRO,ND,2007,1,January,2007-01-01,15981,NA,2.1,NA,NA
Theodore Roosevelt,THRO,ND,2007,2,February,2007-02-01,18264,NA,1.9,NA,NA
Theodore Roosevelt,THRO,ND,2007,3,March,2007-03-01,25112,NA,2.4,NA,NA
Theodore Roosevelt,THRO,ND,2007,4,April,2007-04-01,31961,NA,2.7,NA,NA
Theodore Roosevelt,THRO,ND,2007,5,May,2007-05-01,41093,NA,3.1,NA,NA
Theodore Roosevelt,THRO,ND,2007,6,June,2007-06-01,52508,NA,3,NA,NA
Theodore Roosevelt,THRO,ND,2007,7,July,2007-07-01,63922,NA,2.7,NA,NA
Theodore Roosevelt,THRO,ND,2007,8,August,2007-08-01,59356,NA,2.6,NA,NA
Theodore Roosevelt,THRO,ND,2007,9,September,2007-09-01,47942,NA,2.5,NA,NA
Theodore Roosevelt,THRO,ND,2007,10,October,2007-10-01,38810,NA,2.5,NA,NA
Theodore Roosevelt,THRO,ND,2007,11,November,2007-11-01,31961,NA,2.5,NA,NA
Theodore Roosevelt,THRO,ND,2007,12,December,2007-12-01,29678,NA,2.3,NA,NA
Theodore Roosevelt,THRO,ND,2008,1,January,2008-01-01,18088,NA,2.1,NA,NA
Theodore Roosevelt,THRO,ND,2008,2,February,2008-02-01,20672,NA,1.9,NA,NA
Theodore Roosevelt,THRO,ND,2008,3,March,2008-03-01,28424,NA,2.4,NA,NA
Theodore Roosevelt,THRO,ND,2008,4,April,2008-04-01,36176,NA,2.7,NA,NA
Theodore Roosevelt,THRO,ND,2008,5,May,2008-05-01,46512,NA,3.1,NA,NA
Theodore Roosevelt,THRO,ND,2008,6,June,2008-06-01,59432,NA,3,NA,NA
Theodore Roosevelt,THRO,ND,2008,7,July,2008-07-01,72353,NA,2.7,NA,NA
Theodore Roosevelt,THRO,ND,2008,8,August,2008-08-01,67185,NA,2.6,NA,NA
Theodore Roosevelt,THRO,ND,2008,9,September,2008-09-01,54264,NA,2.5,NA,NA
Theodore Roosevelt,THRO,ND,2008,10,October,2008-10-01,43928,NA,2.5,NA,NA
Theodore Roosevelt,THRO,ND,2008,11,November,2008-11-01,36176,NA,2.5,NA,NA
Theodore Roosevelt,THRO,ND,2008,12,December,2008-12-01,33592,NA,2.3,NA,NA
Theodore Roosevelt,THRO,ND,2009,1,January,2009-01-01,20542,NA,2.1,NA,NA
Theodore Roosevelt,THRO,ND,2009,2,February,2009-02-01,23477,NA,1.9,NA,NA
Theodore Roosevelt,THRO,ND,2009,3,March,2009-03-01,32281,NA,2.4,NA,NA
Theodore Roosevelt,THRO,ND,2009,4,April,2009-04-01,41085,NA,2.7,NA,NA
Theodore Roosevelt,THRO,ND,2009,5,May,2009-05-01,52824,NA,3.1,NA,NA
Theodore Roosevelt,THRO,ND,2009,6,June,2009-06-01,67497,NA,3,NA,NA
Theodore Roosevelt,THRO,ND,2009,7,July,2009-07-01,82170,NA,2.7,NA,NA
Theodore Roosevelt,THRO,ND,2009,8,August,2009-08-01,76301,NA,2.6,NA,NA
Theodore Roosevelt,THRO,ND,2009,9,September,2009-09-01,61627,NA,2.5,NA,NA
Theodore Roosevelt,THRO,ND,2009,10,October,2009-10-01,49889,NA,2.5,NA,NA
Theodore Roosevelt,THRO,ND,2009,11,November,2009-11-01,41085,NA,2.5,NA,NA
Theodore Roosevelt,THRO,ND,2009,12,December,2009-12-01,38150,NA,2.3,NA,NA
Theodore Roosevelt,THRO,ND,2010,1,January,2010-01-01,21831,NA,2.1,NA,NA
Theodore Roosevelt,THRO,ND,2010,2,February,2010-02-01,24950,NA,1.9,NA,NA
Theodore Roosevelt,THRO,ND,2010,3,March,2010-03-01,34306,NA,2.4,NA,NA
Theodore Roosevelt,THRO,ND,2010,4,April,2010-04-01,43662,NA,2.7,NA,NA
Theodore Roosevelt,THRO,ND,2010,5,May,2010-05-01,56137,NA,3.1,NA,NA
Theodore Roosevelt,THRO,ND,2010,6,June,2010-06-01,71731,NA,3,NA,NA
Theodore Roosevelt,THRO,ND,2010,7,July,2010-07-01,87325,NA,2.7,NA,NA
Theodore Roosevelt,THRO,ND,2010,8,August,2010-08-01,81087,NA,2.6,NA,NA
Theodore Roosevelt,THRO,ND,2010,9,September,2010-09-01,65494,NA,2.5,NA,NA
Theodore Roosevelt,THRO,ND,2010,10,October,2010-10-01,53019,NA,2.5,NA,NA
Theodore Roosevelt,THRO,ND,2010,11,November,2010-11-01,43662,NA,2.5,NA,NA
Theodore Roosevelt,THRO,ND,2010,12,December,2010-12-01,40544,NA,2.3,NA,NA
Theodore Roosevelt,THRO,ND,2011,1,January,2011-01-01,19719,NA,2.1,NA,NA
Theodore Roosevelt,THRO,ND,2011,2,February,2011-02-01,22536,NA,1.9,NA,NA
Theodore Roosevelt,THRO,ND,2011,3,March,2011-03-01,30987,NA,2.4,NA,NA
Theodore Roosevelt,THRO,ND,2011,4,April,2011-04-01,39438,NA,2.7,NA,NA
Theodore Roosevelt,THRO,ND,2011,5,May,2011-05-01,50707,NA,3.1,NA,NA
Theodore Roosevelt,THRO,ND,2011,6,June,2011-06-01,64792,NA,3,NA,NA
Theodore Roosevelt,THRO,ND,2011,7,July,2011-07-01,78877,NA,2.7,NA,NA
Theodore Roosevelt,THRO,ND,2011,8,August,2011-08-01,73243,NA,2.6,NA,NA
Theodore Roosevelt,THRO,ND,2011,9,September,2011-09-01,59158,NA,2.5,NA,NA
Theodore Roosevelt,THRO,ND,2011,10,October,2011-10-01,47890,NA,2.5,NA,NA
Theodore Roosevelt,THRO,ND,2011,11,November,2011-11-01,39438,NA,2.5,NA,NA
Theodore Roosevelt,THRO,ND,2011,12,December,2011-12-01,36621,NA,2.3,NA,NA
Theodore Roosevelt,THRO,ND,2012,1,January,2012-01-01,22419,NA,2.1,NA,NA
Theodore Roosevelt,THRO,ND,2012,2,February,2012-02-01,25622,NA,1.9,NA,NA
Theodore Roosevelt,THRO,ND,2012,3,March,2012-03-01,35231,NA,2.4,NA,NA
Theodore Roosevelt,THRO,ND,2012,4,April,2012-04-01,44839,NA,2.7,NA,NA
Theodore Roosevelt,THRO,ND,2012,5,May,2012-05-01,57650,NA,3.1,NA,NA
Theodore Roosevelt,THRO,ND,2012,6,June,2012-06-01,73664,NA,3,NA,NA
Theodore Roosevelt,THRO,ND,2012,7,July,2012-07-01,89678,NA,2.7,NA,NA
Theodore Roosevelt,THRO,ND,2012,8,August,2012-08-01,83272,NA,2.6,NA,NA
Theodore Roosevelt,THRO,ND,2012,9,September,2012-09-01,67258,NA,2.5,NA,NA
Theodore Roosevelt,THRO,ND,2012,10,October,2012-10-01,54447,NA,2.5,NA,NA
Theodore Roosevelt,THRO,ND,2012,11,November,2012-11-01,44839,NA,2.5,NA,NA
Theodore Roosevelt,THRO,ND,2012,12,December,2012-12-01,41636,NA,2.3,NA,NA
Theodore Roosevelt,THRO,ND,2013,1,January,2013-01-01,19078,NA,2.1,NA,NA
Theodore Roosevelt,THRO,ND,2013,2,February,2013-02-01,21804,NA,1.9,NA,NA
Theodore Roosevelt,THRO,ND,2013,3,March,2013-03-01,29980,NA,2.4,NA,NA
Theodore Roosevelt,THRO,ND,2013,4,April,2013-04-01,38156,NA,2.7,NA,NA
Theodore Roosevelt,THRO,ND,2013,5,May,2013-05-01,49058,NA,3.1,NA,NA
Theodore Roosevelt,THRO,ND,2013,6,June,2013-06-01,62685,NA,3,NA,NA
Theodore Roosevelt,THRO,ND,2013,7,July,2013-07-01,76313,NA,2.7,NA,NA
Theodore Roosevelt,THRO,ND,2013,8,August,2013-08-01,70862,NA,2.6,NA,NA
Theodore Roosevelt,THRO,ND,2013,9,September,2013-09-01,57234,NA,2.5,NA,NA
Theodore Roosevelt,THRO,ND,2013,10,October,2013-10-01,46333,NA,2.5,NA,NA
Theodore Roosevelt,THRO,ND,2013,11,November,2013-11-01,38156,NA,2.5,NA,NA
Theodore Roosevelt,THRO,ND,2013,12,December,2013-12-01,35431,NA,2.3,NA,NA
Theodore Roosevelt,THRO,ND,2014,1,January,2014-01-01,19585,NA,2.1,NA,NA
Theodore Roosevelt,THRO,ND,2014,2,February,2014-02-01,22383,NA,1.9,NA,NA
Theodore Roosevelt,THRO,ND,2014,3,March,2014-03-01,30777,NA,2.4,NA,NA
Theodore Roosevelt,THRO,ND,2014,4,April,2014-04-01,39171,NA,2.7,NA,NA
Theodore Roosevelt,THRO,ND,2014,5,May,2014-05-01,50362,NA,3.1,NA,NA
Theodore Roosevelt,THRO,ND,2014,6,June,2014-06-01,64352,NA,3,NA,NA
Theodore Roosevelt,THRO,ND,2014,7,July,2014-07-01,78341,NA,2.7,NA,NA
Theodore Roosevelt,THRO,ND,2014,8,August,2014-08-01,72745,NA,2.6,NA,NA
Theodore Roosevelt,THRO,ND,2014,9,September,2014-09-01,58756,NA,2.5,NA,NA
Theodore Roosevelt,THRO,ND,2014,10,October,2014-10-01,47564,NA,2.5,NA,NA
Theodore Roosevelt,THRO,ND,2014,11,November,2014-11-01,39171,NA,2.5,NA,NA
Theodore Roosevelt,THRO,ND,2014,12,December,2014-12-01,36373,NA,2.3,NA,NA
Theodore Roosevelt,THRO,ND,2015,1,January,2015-01-01,20301,NA,2.1,NA,NA
Theodore Roosevelt,THRO,ND,2015,2,February,2015-02-01,23201,NA,1.9,NA,NA
Theodore Roosevelt,THRO,ND,2015,3,March,2015-03-01,31902,NA,2.4,NA,NA
Theodore Roosevelt,THRO,ND,2015,4,April,2015-04-01,40602,NA,2.7,NA,NA
Theodore Roosevelt,THRO,ND,2015,5,May,2015-05-01,52203,NA,3.1,NA,NA
Theodore Roosevelt,THRO,ND,2015,6,June,2015-06-01,66704,NA,3,NA,NA
Theodore Roosevelt,THRO,ND,2015,7,July,2015-07-01,81205,NA,2.7,NA,NA
Theodore Roosevelt,THRO,ND,2015,8,August,2015-08-01,75404,NA,2.6,NA,NA
Theodore Roosevelt,THRO,ND,2015,9,September,2015-09-01,60903,NA,2.5,NA,NA
Theodore Roosevelt,THRO,ND,2015,10,October,2015-10-01,49303,NA,2.5,NA,NA
Theodore Roosevelt,THRO,ND,2015,11,November,2015-11-01,40602,NA,2.5,NA,NA
Theodore Roosevelt,THRO,ND,2015,12,December,2015-12-01,37702,NA,2.3,NA,NA
Theodore Roosevelt,THRO,ND,2016,1,January,2016-01-01,26386,NA,2.1,NA,NA
Theodore Roosevelt,THRO,ND,2016,2,February,2016-02-01,30155,NA,1.9,NA,NA
Theodore Roosevelt,THRO,ND,2016,3,March,2016-03-01,41463,NA,2.4,NA,NA
Theodore Roosevelt,THRO,ND,2016,4,April,2016-04-01,52772,NA,2.7,NA,NA
Theodore Roosevelt,THRO,ND,2016,5,May,2016-05-01,67849,NA,3.1,NA,NA
Theodore Roosevelt,THRO,ND,2016,6,June,2016-06-01,86696,NA,3,NA,NA
Theodore Roosevelt,THRO,ND,2016,7,July,2016-07-01,105543,NA,2.7,NA,NA
Theodore Roosevelt,THRO,ND,2016,8,August,2016-08-01,98004,NA,2.6,NA,NA
Theodore Roosevelt,THRO,ND,2016,9,September,2016-09-01,79157,NA,2.5,NA,NA
Theodore Roosevelt,THRO,ND,2016,10,October,2016-10-01,64080,NA,2.5,NA,NA
Theodore Roosevelt,THRO,ND,2016,11,November,2016-11-01,52772,NA,2.5,NA,NA
Theodore Roosevelt,THRO,ND,2016,12,December,2016-12-01,49002,NA,2.3,NA,NA
Virgin Islands,VIIS,VI,2007,1,January,2007-01-01,19998,NA,2.1,NA,NA
Virgin Islands,VIIS,VI,2007,2,February,2007-02-01,22855,NA,1.9,NA,NA
Virgin Islands,VIIS,VI,2007,3,March,2007-03-01,31426,NA,2.4,NA,NA
Virgin Islands,VIIS,VI,2007,4,April,2007-04-01,39997,NA,2.7,NA,NA
Virgin Islands,VIIS,VI,2007,5,May,2007-05-01,51424,NA,3.1,NA,NA
Virgin Islands,VIIS,VI,2007,6,June,2007-06-01,65709,NA,3,NA,NA
Virgin Islands,VIIS,VI,2007,7,July,2007-07-01,79993,NA,2.7,NA,NA
Virgin Islands,VIIS,VI,2007,8,August,2007-08-01,74280,NA,2.6,NA,NA
Virgin Islands,VIIS,VI,2007,9,September,2007-09-01,59995,NA,2.5,NA,NA
Virgin Islands,VIIS,VI,2007,10,October,2007-10-01,48567,NA,2.5,NA,NA
Virgin Islands,VIIS,VI,2007,11,November,2007-11-01,39997,NA,2.5,NA,NA
Virgin Islands,VIIS,VI,2007,12,December,2007-12-01,37140,NA,2.3,NA,NA
Virgin Islands,VIIS,VI,2008,1,January,2008-01-01,16416,NA,2.1,NA,NA
Virgin Islands,VIIS,VI,2008,2,February,2008-02-01,18761,NA,1.9,NA,NA
Virgin Islands,VIIS,VI,2008,3,March,2008-03-01,25797,NA,2.4,NA,NA
Virgin Islands,VIIS,VI,2008,4,April,2008-04-01,32832,NA,2.7,NA,NA
Virgin Islands,VIIS,VI,2008,5,May,2008-05-01,42213,NA,3.1,NA,NA
Virgin Islands,VIIS,VI,2008,6,June,2008-06-01,53939,NA,3,NA,NA
Virgin Islands,VIIS,VI,2008,7,July,2008-07-01,65665,NA,2.7,NA,NA
Virgin Islands,VIIS,VI,2008,8,August,2008-08-01,60974,NA,2.6,NA,NA
Virgin Islands,VIIS,VI,2008,9,September,2008-09-01,49249,NA,2.5,NA,NA
Virgin Islands,VIIS,VI,2008,10,October,2008-10-01,39868,NA,2.5,NA,NA
Virgin Islands,VIIS,VI,2008,11,November,2008-11-01,32832,NA,2.5,NA,NA
Virgin Islands,VIIS,VI,2008,12,December,2008-12-01,30487,NA,2.3,NA,NA
Virgin Islands,VIIS,VI,2009,1,January,2009-01-01,14555,NA,2.1,NA,NA
Virgin Islands,VIIS,VI,2009,2,February,2009-02-01,16634,NA,1.9,NA,NA
Virgin Islands,VIIS,VI,2009,3,March,2009-03-01,22872,NA,2.4,NA,NA
Virgin Islands,VIIS,VI,2009,4,April,2009-04-01,29109,NA,2.7,NA,NA
Virgin Islands,VIIS,VI,2009,5,May,2009-05-01,37426,NA,3.1,NA,NA
Virgin Islands,VIIS,VI,2009,6,June,2009-06-01,47822,NA,3,NA,NA
Virgin Islands,VIIS,VI,2009,7,July,2009-07-01,58219,NA,2.7,NA,NA
Virgin Islands,VIIS,VI,2009,8,August,2009-08-01,54060,NA,2.6,NA,NA
Virgin Islands,VIIS,VI,2009,9,September,2009-09-01,43664,NA,2.5,NA,NA
Virgin Islands,VIIS,VI,2009,10,October,2009-10-01,35347,NA,2.5,NA,NA
Virgin Islands,VIIS,VI,2009,11,November,2009-11-01,29109,NA,2.5,NA,NA
Virgin Islands,VIIS,VI,2009,12,December,2009-12-01,27030,NA,2.3,NA,NA
Virgin Islands,VIIS,VI,2010,1,January,2010-01-01,17272,NA,2.1,NA,NA
Virgin Islands,VIIS,VI,2010,2,February,2010-02-01,19739,NA,1.9,NA,NA
Virgin Islands,VIIS,VI,2010,3,March,2010-03-01,27141,NA,2.4,NA,NA
Virgin Islands,VIIS,VI,2010,4,April,2010-04-01,34543,NA,2.7,NA,NA
Virgin Islands,VIIS,VI,2010,5,May,2010-05-01,44413,NA,3.1,NA,NA
Virgin Islands,VIIS,VI,2010,6,June,2010-06-01,56750,NA,3,NA,NA
Virgin Islands,VIIS,VI,2010,7,July,2010-07-01,69087,NA,2.7,NA,NA
Virgin Islands,VIIS,VI,2010,8,August,2010-08-01,64152,NA,2.6,NA,NA
Virgin Islands,VIIS,VI,2010,9,September,2010-09-01,51815,NA,2.5,NA,NA
Virgin Islands,VIIS,VI,2010,10,October,2010-10-01,41946,NA,2.5,NA,NA
Virgin Islands,VIIS,VI,2010,11,November,2010-11-01,34543,NA,2.5,NA,NA
Virgin Islands,VIIS,VI,2010,12,December,2010-12-01,32076,NA,2.3,NA,NA
Virgin Islands,VIIS,VI,2011,1,January,2011-01-01,15484,NA,2.1,NA,NA
Virgin Islands,VIIS,VI,2011,2,February,2011-02-01,17697,NA,1.9,NA,NA
Virgin Islands,VIIS,VI,2011,3,March,2011-03-01,24333,NA,2.4,NA,NA
Virgin Islands,VIIS,VI,2011,4,April,2011-04-01,30969,NA,2.7,NA,NA
Virgin Islands,VIIS,VI,2011,5,May,2011-05-01,39817,NA,3.1,NA,NA
Virgin Islands,VIIS,VI,2011,6,June,2011-06-01,50878,NA,3,NA,NA
Virgin Islands,VIIS,VI,2011,7,July,2011-07-01,61938,NA,2.7,NA,NA
Virgin Islands,VIIS,VI,2011,8,August,2011-08-01,57514,NA,2.6,NA,NA
Virgin Islands,VIIS,VI,2011,9,September,2011-09-01,46453,NA,2.5,NA,NA
Virgin Islands,VIIS,VI,2011,10,October,2011-10-01,37605,NA,2.5,NA,NA
Virgin Islands,VIIS,VI,2011,11,November,2011-11-01,30969,NA,2.5,NA,NA
Virgin Islands,VIIS,VI,2011,12,December,2011-12-01,28757,NA,2.3,NA,NA
Virgin Islands,VIIS,VI,2012,1,January,2012-01-01,16917,NA,2.1,NA,NA
Virgin Islands,VIIS,VI,2012,2,February,2012-02-01,19334,NA,1.9,NA,NA
Virgin Islands,VIIS,VI,2012,3,March,2012-03-01,26584,NA,2.4,NA,NA
Virgin Islands,VIIS,VI,2012,4,April,2012-04-01,33834,NA,2.7,NA,NA
Virgin Islands,VIIS,VI,2012,5,May,2012-05-01,43501,NA,3.1,NA,NA
Virgin Islands,VIIS,VI,2012,6,June,2012-06-01,55584,NA,3,NA,NA
Virgin Islands,VIIS,VI,2012,7,July,2012-07-01,67668,NA,2.7,NA,NA
Virgin Islands,VIIS,VI,2012,8,August,2012-08-01,62834,NA,2.6,NA,NA
Virgin Islands,VIIS,VI,2012,9,September,2012-09-01,50751,NA,2.5,NA,NA
Virgin Islands,VIIS,VI,2012,10,October,2012-10-01,41084,NA,2.5,NA,NA
Virgin Islands,VIIS,VI,2012,11,November,2012-11-01,33834,NA,2.5,NA,NA
Virgin Islands,VIIS,VI,2012,12,December,2012-12-01,31417,NA,2.3,NA,NA
Virgin Islands,VIIS,VI,2013,1,January,2013-01-01,15351,NA,2.1,NA,NA
Virgin Islands,VIIS,VI,2013,2,February,2013-02-01,17544,NA,1.9,NA,NA
Virgin Islands,VIIS,VI,2013,3,March,2013-03-01,24123,NA,2.4,NA,NA
Virgin Islands,VIIS,VI,2013,4,April,2013-04-01,30702,NA,2.7,NA,NA
Virgin Islands,VIIS,VI,2013,5,May,2013-05-01,39474,NA,3.1,NA,NA
Virgin Islands,VIIS,VI,2013,6,June,2013-06-01,50439,NA,3,NA,NA
Virgin Islands,VIIS,VI,2013,7,July,2013-07-01,61404,NA,2.7,NA,NA
Virgin Islands,VIIS,VI,2013,8,August,2013-08-01,57018,NA,2.6,NA,NA
Virgin Islands,VIIS,VI,2013,9,September,2013-09-01,46053,NA,2.5,NA,NA
Virgin Islands,VIIS,VI,2013,10,October,2013-10-01,37281,NA,2.5,NA,NA
Virgin Islands,VIIS,VI,2013,11,November,2013-11-01,30702,NA,2.5,NA,NA
Virgin Islands,VIIS,VI,2013,12,December,2013-12-01,28509,NA,2.3,NA,NA
Virgin Islands,VIIS,VI,2014,1,January,2014-01-01,14943,NA,2.1,NA,NA
Virgin Islands,VIIS,VI,2014,2,February,2014-02-01,17077,NA,1.9,NA,NA
Virgin Islands,VIIS,VI,2014,3,March,2014-03-01,23481,NA,2.4,NA,NA
Virgin Islands,VIIS,VI,2014,4,April,2014-04-01,29885,NA,2.7,NA,NA
Virgin Islands,VIIS,VI,2014,5,May,2014-05-01,38424,NA,3.1,NA,NA
Virgin Islands,VIIS,VI,2014,6,June,2014-06-01,49097,NA,3,NA,NA
Virgin Islands,VIIS,VI,2014,7,July,2014-07-01,59770,NA,2.7,NA,NA
Virgin Islands,VIIS,VI,2014,8,August,2014-08-01,55501,NA,2.6,NA,NA
Virgin Islands,VIIS,VI,2014,9,September,2014-09-01,44828,NA,2.5,NA,NA
Virgin Islands,VIIS,VI,2014,10,October,2014-10-01,36289,NA,2.5,NA,NA
Virgin Islands,VIIS,VI,2014,11,November,2014-11-01,29885,NA,2.5,NA,NA
Virgin Islands,VIIS,VI,2014,12,December,2014-12-01,27750,NA,2.3,NA,NA
Virgin Islands,VIIS,VI,2015,1,January,2015-01-01,15343,NA,2.1,NA,NA
Virgin Islands,VIIS,VI,2015,2,February,2015-02-01,17535,NA,1.9,NA,NA
Virgin Islands,VIIS,VI,2015,3,March,2015-03-01,24110,NA,2.4,NA,NA
Virgin Islands,VIIS,VI,2015,4,April,2015-04-01,30686,NA,2.7,NA,NA
Virgin Islands,VIIS,VI,2015,5,May,2015-05-01,39453,NA,3.1,NA,NA
Virgin Islands,VIIS,VI,2015,6,June,2015-06-01,50413,NA,3,NA,NA
Virgin Islands,VIIS,VI,2015,7,July,2015-07-01,61372,NA,2.7,NA,NA
Virgin Islands,VIIS,VI,2015,8,August,2015-08-01,56988,NA,2.6,NA,NA
Virgin Islands,VIIS,VI,2015,9,September,2015-09-01,46029,NA,2.5,NA,NA
Virgin Islands,VIIS,VI,2015,10,October,2015-10-01,37262,NA,2.5,NA,NA
Virgin Islands,VIIS,VI,2015,11,November,2015-11-01,30686,NA,2.5,NA,NA
Virgin Islands,VIIS,VI,2015,12,December,2015-12-01,28494,NA,2.3,NA,NA
Virgin Islands,VIIS,VI,2016,1,January,2016-01-01,14397,NA,2.1,NA,NA
Virgin Islands,VIIS,VI,2016,2,February,2016-02-01,16454,NA,1.9,NA,NA
Virgin Islands,VIIS,VI,2016,3,March,2016-03-01,22624,NA,2.4,NA,NA
Virgin Islands,VIIS,VI,2016,4,April,2016-04-01,28794,NA,2.7,NA,NA
Virgin Islands,VIIS,VI,2016,5,May,2016-05-01,37021,NA,3.1,NA,NA
Virgin Islands,VIIS,VI,2016,6,June,2016-06-01,47304,NA,3,NA,NA
Virgin Islands,VIIS,VI,2016,7,July,2016-07-01,57588,NA,2.7,NA,NA
Virgin Islands,VIIS,VI,2016,8,August,2016-08-01,53475,NA,2.6,NA,NA
Virgin Islands,VIIS,VI,2016,9,September,2016-09-01,43191,NA,2.5,NA,NA
Virgin Islands,VIIS,VI,2016,10,October,2016-10-01,34964,NA,2.5,NA,NA
Virgin Islands,VIIS,VI,2016,11,November,2016-11-01,28794,NA,2.5,NA,NA
Virgin Islands,VIIS,VI,2016,12,December,2016-12-01,26737,NA,2.3,NA,NA
Voyageurs,VOYA,MN,2007,1,January,2007-01-01,7723,NA,2.1,NA,NA
Voyageurs,VOYA,MN,2007,2,February,2007-02-01,8826,NA,1.9,NA,NA
Voyageurs,VOYA,MN,2007,3,March,2007-03-01,12136,NA,2.4,NA,NA
Voyageurs,VOYA,MN,2007,4,April,2007-04-01,15446,NA,2.7,NA,NA
Voyageurs,VOYA,MN,2007,5,May,2007-05-01,19858,NA,3.1,NA,NA
Voyageurs,VOYA,MN,2007,6,June,2007-06-01,25375,NA,3,NA,NA
Voyageurs,VOYA,MN,2007,7,July,2007-07-01,30891,NA,2.7,NA,NA
Voyageurs,VOYA,MN,2007,8,August,2007-08-01,28684,NA,2.6,NA,NA
Voyageurs,VOYA,MN,2007,9,September,2007-09-01,23168,NA,2.5,NA,NA
Voyageurs,VOYA,MN,2007,10,October,2007-10-01,18755,NA,2.5,NA,NA
Voyageurs,VOYA,MN,2007,11,November,2007-11-01,15446,NA,2.5,NA,NA
Voyageurs,VOYA,MN,2007,12,December,2007-12-01,14342,NA,2.3,NA,NA
Voyageurs,VOYA,MN,2008,1,January,2008-01-01,7755,NA,2.1,NA,NA
Voyageurs,VOYA,MN,2008,2,February,2008-02-01,8863,NA,1.9,NA,NA
Voyageurs,VOYA,MN,2008,3,March,2008-03-01,12187,NA,2.4,NA,NA
Voyageurs,VOYA,MN,2008,4,April,2008-04-01,15511,NA,2.7,NA,NA
Voyageurs,VOYA,MN,2008,5,May,2008-05-01,19943,NA,3.1,NA,NA
Voyageurs,VOYA,MN,2008,6,June,2008-06-01,25482,NA,3,NA,NA
Voyageurs,VOYA,MN,2008,7,July,2008-07-01,31022,NA,2.7,NA,NA
Voyageurs,VOYA,MN,2008,8,August,2008-08-01,28806,NA,2.6,NA,NA
Voyageurs,VOYA,MN,2008,9,September,2008-09-01,23266,NA,2.5,NA,NA
Voyageurs,VOYA,MN,2008,10,October,2008-10-01,18835,NA,2.5,NA,NA
Voyageurs,VOYA,MN,2008,11,November,2008-11-01,15511,NA,2.5,NA,NA
Voyageurs,VOYA,MN,2008,12,December,2008-12-01,14403,NA,2.3,NA,NA
Voyageurs,VOYA,MN,2009,1,January,2009-01-01,7785,NA,2.1,NA,NA
Voyageurs,VOYA,MN,2009,2,February,2009-02-01,8897,NA,1.9,NA,NA
Voyageurs,VOYA,MN,2009,3,March,2009-03-01,12234,NA,2.4,NA,NA
Voyageurs,VOYA,MN,2009,4,April,2009-04-01,15570,NA,2.7,NA,NA
Voyageurs,VOYA,MN,2009,5,May,2009-05-01,20019,NA,3.1,NA,NA
Voyageurs,VOYA,MN,2009,6,June,2009-06-01,25579,NA,3,NA,NA
Voyageurs,VOYA,MN,2009,7,July,2009-07-01,31140,NA,2.7,NA,NA
Voyageurs,VOYA,MN,2009,8,August,2009-08-01,28916,NA,2.6,NA,NA
Voyageurs,VOYA,MN,2009,9,September,2009-09-01,23355,NA,2.5,NA,NA
Voyageurs,VOYA,MN,2009,10,October,2009-10-01,18906,NA,2.5,NA,NA
Voyageurs,VOYA,MN,2009,11,November,2009-11-01,15570,NA,2.5,NA,NA
Voyageurs,VOYA,MN,2009,12,December,2009-12-01,14458,NA,2.3,NA,NA
Voyageurs,VOYA,MN,2010,1,January,2010-01-01,8886,NA,2.1,NA,NA
Voyageurs,VOYA,MN,2010,2,February,2010-02-01,10156,NA,1.9,NA,NA
Voyageurs,VOYA,MN,2010,3,March,2010-03-01,13964,NA,2.4,NA,NA
Voyageurs,VOYA,MN,2010,4,April,2010-04-01,17772,NA,2.7,NA,NA
Voyageurs,VOYA,MN,2010,5,May,2010-05-01,22850,NA,3.1,NA,NA
Voyageurs,VOYA,MN,2010,6,June,2010-06-01,29197,NA,3,NA,NA
Voyageurs,VOYA,MN,2010,7,July,2010-07-01,35545,NA,2.7,NA,NA
Voyageurs,VOYA,MN,2010,8,August,2010-08-01,33006,NA,2.6,NA,NA
Voyageurs,VOYA,MN,2010,9,September,2010-09-01,26659,NA,2.5,NA,NA
Voyageurs,VOYA,MN,2010,10,October,2010-10-01,21581,NA,2.5,NA,NA
Voyageurs,VOYA,MN,2010,11,November,2010-11-01,17772,NA,2.5,NA,NA
Voyageurs,VOYA,MN,2010,12,December,2010-12-01,16503,NA,2.3,NA,NA
Voyageurs,VOYA,MN,2011,1,January,2011-01-01,6201,NA,2.1,NA,NA
Voyageurs,VOYA,MN,2011,2,February,2011-02-01,7087,NA,1.9,NA,NA
Voyageurs,VOYA,MN,2011,3,March,2011-03-01,9745,NA,2.4,NA,NA
Voyageurs,VOYA,MN,2011,4,April,2011-04-01,12403,NA,2.7,NA,NA
Voyageurs,VOYA,MN,2011,5,May,2011-05-01,15947,NA,3.1,NA,NA
Voyageurs,VOYA,MN,2011,6,June,2011-06-01,20376,NA,3,NA,NA
Voyageurs,VOYA,MN,2011,7,July,2011-07-01,24806,NA,2.7,NA,NA
Voyageurs,VOYA,MN,2011,8,August,2011-08-01,23034,NA,2.6,NA,NA
Voyageurs,VOYA,MN,2011,9,September,2011-09-01,18604,NA,2.5,NA,NA
Voyageurs,VOYA,MN,2011,10,October,2011-10-01,15061,NA,2.5,NA,NA
Voyageurs,VOYA,MN,2011,11,November,2011-11-01,12403,NA,2.5,NA,NA
Voyageurs,VOYA,MN,2011,12,December,2011-12-01,11517,NA,2.3,NA,NA
Voyageurs,VOYA,MN,2012,1,January,2012-01-01,7519,NA,2.1,NA,NA
Voyageurs,VOYA,MN,2012,2,February,2012-02-01,8594,NA,1.9,NA,NA
Voyageurs,VOYA,MN,2012,3,March,2012-03-01,11816,NA,2.4,NA,NA
Voyageurs,VOYA,MN,2012,4,April,2012-04-01,15039,NA,2.7,NA,NA
Voyageurs,VOYA,MN,2012,5,May,2012-05-01,19336,NA,3.1,NA,NA
Voyageurs,VOYA,MN,2012,6,June,2012-06-01,24707,NA,3,NA,NA
Voyageurs,VOYA,MN,2012,7,July,2012-07-01,30078,NA,2.7,NA,NA
Voyageurs,VOYA,MN,2012,8,August,2012-08-01,27929,NA,2.6,NA,NA
Voyageurs,VOYA,MN,2012,9,September,2012-09-01,22558,NA,2.5,NA,NA
Voyageurs,VOYA,MN,2012,10,October,2012-10-01,18261,NA,2.5,NA,NA
Voyageurs,VOYA,MN,2012,11,November,2012-11-01,15039,NA,2.5,NA,NA
Voyageurs,VOYA,MN,2012,12,December,2012-12-01,13965,NA,2.3,NA,NA
Voyageurs,VOYA,MN,2013,1,January,2013-01-01,8169,NA,2.1,NA,NA
Voyageurs,VOYA,MN,2013,2,February,2013-02-01,9336,NA,1.9,NA,NA
Voyageurs,VOYA,MN,2013,3,March,2013-03-01,12836,NA,2.4,NA,NA
Voyageurs,VOYA,MN,2013,4,April,2013-04-01,16337,NA,2.7,NA,NA
Voyageurs,VOYA,MN,2013,5,May,2013-05-01,21005,NA,3.1,NA,NA
Voyageurs,VOYA,MN,2013,6,June,2013-06-01,26840,NA,3,NA,NA
Voyageurs,VOYA,MN,2013,7,July,2013-07-01,32675,NA,2.7,NA,NA
Voyageurs,VOYA,MN,2013,8,August,2013-08-01,30341,NA,2.6,NA,NA
Voyageurs,VOYA,MN,2013,9,September,2013-09-01,24506,NA,2.5,NA,NA
Voyageurs,VOYA,MN,2013,10,October,2013-10-01,19838,NA,2.5,NA,NA
Voyageurs,VOYA,MN,2013,11,November,2013-11-01,16337,NA,2.5,NA,NA
Voyageurs,VOYA,MN,2013,12,December,2013-12-01,15170,NA,2.3,NA,NA
Voyageurs,VOYA,MN,2014,1,January,2014-01-01,8371,NA,2.1,NA,NA
Voyageurs,VOYA,MN,2014,2,February,2014-02-01,9566,NA,1.9,NA,NA
Voyageurs,VOYA,MN,2014,3,March,2014-03-01,13154,NA,2.4,NA,NA
Voyageurs,VOYA,MN,2014,4,April,2014-04-01,16741,NA,2.7,NA,NA
Voyageurs,VOYA,MN,2014,5,May,2014-05-01,21524,NA,3.1,NA,NA
Voyageurs,VOYA,MN,2014,6,June,2014-06-01,27503,NA,3,NA,NA
Voyageurs,VOYA,MN,2014,7,July,2014-07-01,33482,NA,2.7,NA,NA
Voyageurs,VOYA,MN,2014,8,August,2014-08-01,31091,NA,2.6,NA,NA
Voyageurs,VOYA,MN,2014,9,September,2014-09-01,25112,NA,2.5,NA,NA
Voyageurs,VOYA,MN,2014,10,October,2014-10-01,20329,NA,2.5,NA,NA
Voyageurs,VOYA,MN,2014,11,November,2014-11-01,16741,NA,2.5,NA,NA
Voyageurs,VOYA,MN,2014,12,December,2014-12-01,15545,NA,2.3,NA,NA
Voyageurs,VOYA,MN,2015,1,January,2015-01-01,8341,NA,2.1,NA,NA
Voyageurs,VOYA,MN,2015,2,February,2015-02-01,9533,NA,1.9,NA,NA
Voyageurs,VOYA,MN,2015,3,March,2015-03-01,13107,NA,2.4,NA,NA
Voyageurs,VOYA,MN,2015,4,April,2015-04-01,16682,NA,2.7,NA,NA
Voyageurs,VOYA,MN,2015,5,May,2015-05-01,21448,NA,3.1,NA,NA
Voyageurs,VOYA,MN,2015,6,June,2015-06-01,27406,NA,3,NA,NA
Voyageurs,VOYA,MN,2015,7,July,2015-07-01,33364,NA,2.7,NA,NA
Voyageurs,VOYA,MN,2015,8,August,2015-08-01,30981,NA,2.6,NA,NA
Voyageurs,VOYA,MN,2015,9,September,2015-09-01,25023,NA,2.5,NA,NA
Voyageurs,VOYA,MN,2015,10,October,2015-10-01,20257,NA,2.5,NA,NA
Voyageurs,VOYA,MN,2015,11,November,2015-11-01,16682,NA,2.5,NA,NA
Voyageurs,VOYA,MN,2015,12,December,2015-12-01,15490,NA,2.3,NA,NA
Voyageurs,VOYA,MN,2016,1,January,2016-01-01,8467,NA,2.1,NA,NA
Voyageurs,VOYA,MN,2016,2,February,2016-02-01,9676,NA,1.9,NA,NA
Voyageurs,VOYA,MN,2016,3,March,2016-03-01,13305,NA,2.4,NA,NA
Voyageurs,VOYA,MN,2016,4,April,2016-04-01,16934,NA,2.7,NA,NA
Voyageurs,VOYA,MN,2016,5,May,2016-05-01,21772,NA,3.1,NA,NA
Voyageurs,VOYA,MN,2016,6,June,2016-06-01,27820,NA,3,NA,NA
Voyageurs,VOYA,MN,2016,7,July,2016-07-01,33868,NA,2.7,NA,NA
Voyageurs,VOYA,MN,2016,8,August,2016-08-01,31449,NA,2.6,NA,NA
Voyageurs,VOYA,MN,2016,9,September,2016-09-01,25401,NA,2.5,NA,NA
Voyageurs,VOYA,MN,2016,10,October,2016-10-01,20563,NA,2.5,NA,NA
Voyageurs,VOYA,MN,2016,11,November,2016-11-01,16934,NA,2.5,NA,NA
Voyageurs,VOYA,MN,2016,12,December,2016-12-01,15724,NA,2.3,NA,NA
Wind Cave,WICA,SD,2007,1,January,2007-01-01,21111,NA,2.1,NA,NA
Wind Cave,WICA,SD,2007,2,February,2007-02-01,24126,NA,1.9,NA,NA
Wind Cave,WICA,SD,2007,3,March,2007-03-01,33174,NA,2.4,NA,NA
Wind Cave,WICA,SD,2007,4,April,2007-04-01,42221,NA,2.7,NA,NA
Wind Cave,WICA,SD,2007,5,May,2007-05-01,54284,NA,3.1,NA,NA
Wind Cave,WICA,SD,2007,6,June,2007-06-01,69363,NA,3,NA,NA
Wind Cave,WICA,SD,2007,7,July,2007-07-01,84442,NA,2.7,NA,NA
Wind Cave,WICA,SD,2007,8,August,2007-08-01,78411,NA,2.6,NA,NA
Wind Cave,WICA,SD,2007,9,September,2007-09-01,63332,NA,2.5,NA,NA
Wind Cave,WICA,SD,2007,10,October,2007-10-01,51268,NA,2.5,NA,NA
Wind Cave,WICA,SD,2007,11,November,2007-11-01,42221,NA,2.5,NA,NA
Wind Cave,WICA,SD,2007,12,December,2007-12-01,39205,NA,2.3,NA,NA
Wind Cave,WICA,SD,2008,1,January,2008-01-01,20070,NA,2.1,NA,NA
Wind Cave,WICA,SD,2008,2,February,2008-02-01,22937,NA,1.9,NA,NA
Wind Cave,WICA,SD,2008,3,March,2008-03-01,31539,NA,2.4,NA,NA
Wind Cave,WICA,SD,2008,4,April,2008-04-01,40140,NA,2.7,NA,NA
Wind Cave,WICA,SD,2008,5,May,2008-05-01,51609,NA,3.1,NA,NA
Wind Cave,WICA,SD,2008,6,June,2008-06-01,65945,NA,3,NA,NA
Wind Cave,WICA,SD,2008,7,July,2008-07-01,80281,NA,2.7,NA,NA
Wind Cave,WICA,SD,2008,8,August,2008-08-01,74546,NA,2.6,NA,NA
Wind Cave,WICA,SD,2008,9,September,2008-09-01,60210,NA,2.5,NA,NA
Wind Cave,WICA,SD,2008,10,October,2008-10-01,48742,NA,2.5,NA,NA
Wind Cave,WICA,SD,2008,11,November,2008-11-01,40140,NA,2.5,NA,NA
Wind Cave,WICA,SD,2008,12,December,2008-12-01,37273,NA,2.3,NA,NA
Wind Cave,WICA,SD,2009,1,January,2009-01-01,20575,NA,2.1,NA,NA
Wind Cave,WICA,SD,2009,2,February,2009-02-01,23515,NA,1.9,NA,NA
Wind Cave,WICA,SD,2009,3,March,2009-03-01,32333,NA,2.4,NA,NA
Wind Cave,WICA,SD,2009,4,April,2009-04-01,41151,NA,2.7,NA,NA
Wind Cave,WICA,SD,2009,5,May,2009-05-01,52908,NA,3.1,NA,NA
Wind Cave,WICA,SD,2009,6,June,2009-06-01,67605,NA,3,NA,NA
Wind Cave,WICA,SD,2009,7,July,2009-07-01,82302,NA,2.7,NA,NA
Wind Cave,WICA,SD,2009,8,August,2009-08-01,76423,NA,2.6,NA,NA
Wind Cave,WICA,SD,2009,9,September,2009-09-01,61726,NA,2.5,NA,NA
Wind Cave,WICA,SD,2009,10,October,2009-10-01,49969,NA,2.5,NA,NA
Wind Cave,WICA,SD,2009,11,November,2009-11-01,41151,NA,2.5,NA,NA
Wind Cave,WICA,SD,2009,12,December,2009-12-01,38211,NA,2.3,NA,NA
Wind Cave,WICA,SD,2010,1,January,2010-01-01,20200,NA,2.1,NA,NA
Wind Cave,WICA,SD,2010,2,February,2010-02-01,23086,NA,1.9,NA,NA
Wind Cave,WICA,SD,2010,3,March,2010-03-01,31743,NA,2.4,NA,NA
Wind Cave,WICA,SD,2010,4,April,2010-04-01,40400,NA,2.7,NA,NA
Wind Cave,WICA,SD,2010,5,May,2010-05-01,51943,NA,3.1,NA,NA
Wind Cave,WICA,SD,2010,6,June,2010-06-01,66371,NA,3,NA,NA
Wind Cave,WICA,SD,2010,7,July,2010-07-01,80800,NA,2.7,NA,NA
Wind Cave,WICA,SD,2010,8,August,2010-08-01,75028,NA,2.6,NA,NA
Wind Cave,WICA,SD,2010,9,September,2010-09-01,60600,NA,2.5,NA,NA
Wind Cave,WICA,SD,2010,10,October,2010-10-01,49057,NA,2.5,NA,NA
Wind Cave,WICA,SD,2010,11,November,2010-11-01,40400,NA,2.5,NA,NA
Wind Cave,WICA,SD,2010,12,December,2010-12-01,37514,NA,2.3,NA,NA
Wind Cave,WICA,SD,2011,1,January,2011-01-01,18844,NA,2.1,NA,NA
Wind Cave,WICA,SD,2011,2,February,2011-02-01,21536,NA,1.9,NA,NA
Wind Cave,WICA,SD,2011,3,March,2011-03-01,29612,NA,2.4,NA,NA
Wind Cave,WICA,SD,2011,4,April,2011-04-01,37688,NA,2.7,NA,NA
Wind Cave,WICA,SD,2011,5,May,2011-05-01,48455,NA,3.1,NA,NA
Wind Cave,WICA,SD,2011,6,June,2011-06-01,61915,NA,3,NA,NA
Wind Cave,WICA,SD,2011,7,July,2011-07-01,75375,NA,2.7,NA,NA
Wind Cave,WICA,SD,2011,8,August,2011-08-01,69991,NA,2.6,NA,NA
Wind Cave,WICA,SD,2011,9,September,2011-09-01,56531,NA,2.5,NA,NA
Wind Cave,WICA,SD,2011,10,October,2011-10-01,45763,NA,2.5,NA,NA
Wind Cave,WICA,SD,2011,11,November,2011-11-01,37688,NA,2.5,NA,NA
Wind Cave,WICA,SD,2011,12,December,2011-12-01,34996,NA,2.3,NA,NA
Wind Cave,WICA,SD,2012,1,January,2012-01-01,18518,NA,2.1,NA,NA
Wind Cave,WICA,SD,2012,2,February,2012-02-01,21163,NA,1.9,NA,NA
Wind Cave,WICA,SD,2012,3,March,2012-03-01,29100,NA,2.4,NA,NA
Wind Cave,WICA,SD,2012,4,April,2012-04-01,37036,NA,2.7,NA,NA
Wind Cave,WICA,SD,2012,5,May,2012-05-01,47617,NA,3.1,NA,NA
Wind Cave,WICA,SD,2012,6,June,2012-06-01,60845,NA,3,NA,NA
Wind Cave,WICA,SD,2012,7,July,2012-07-01,74072,NA,2.7,NA,NA
Wind Cave,WICA,SD,2012,8,August,2012-08-01,68781,NA,2.6,NA,NA
Wind Cave,WICA,SD,2012,9,September,2012-09-01,55554,NA,2.5,NA,NA
Wind Cave,WICA,SD,2012,10,October,2012-10-01,44972,NA,2.5,NA,NA
Wind Cave,WICA,SD,2012,11,November,2012-11-01,37036,NA,2.5,NA,NA
Wind Cave,WICA,SD,2012,12,December,2012-12-01,34390,NA,2.3,NA,NA
Wind Cave,WICA,SD,2013,1,January,2013-01-01,18065,NA,2.1,NA,NA
Wind Cave,WICA,SD,2013,2,February,2013-02-01,20646,NA,1.9,NA,NA
Wind Cave,WICA,SD,2013,3,March,2013-03-01,28388,NA,2.4,NA,NA
Wind Cave,WICA,SD,2013,4,April,2013-04-01,36130,NA,2.7,NA,NA
Wind Cave,WICA,SD,2013,5,May,2013-05-01,46453,NA,3.1,NA,NA
Wind Cave,WICA,SD,2013,6,June,2013-06-01,59356,NA,3,NA,NA
Wind Cave,WICA,SD,2013,7,July,2013-07-01,72260,NA,2.7,NA,NA
Wind Cave,WICA,SD,2013,8,August,2013-08-01,67098,NA,2.6,NA,NA
Wind Cave,WICA,SD,2013,9,September,2013-09-01,54195,NA,2.5,NA,NA
Wind Cave,WICA,SD,2013,10,October,2013-10-01,43872,NA,2.5,NA,NA
Wind Cave,WICA,SD,2013,11,November,2013-11-01,36130,NA,2.5,NA,NA
Wind Cave,WICA,SD,2013,12,December,2013-12-01,33549,NA,2.3,NA,NA
Wind Cave,WICA,SD,2014,1,January,2014-01-01,19146,NA,2.1,NA,NA
Wind Cave,WICA,SD,2014,2,February,2014-02-01,21881,NA,1.9,NA,NA
Wind Cave,WICA,SD,2014,3,March,2014-03-01,30086,NA,2.4,NA,NA
Wind Cave,WICA,SD,2014,4,April,2014-04-01,38292,NA,2.7,NA,NA
Wind Cave,WICA,SD,2014,5,May,2014-05-01,49232,NA,3.1,NA,NA
Wind Cave,WICA,SD,2014,6,June,2014-06-01,62908,NA,3,NA,NA
Wind Cave,WICA,SD,2014,7,July,2014-07-01,76583,NA,2.7,NA,NA
Wind Cave,WICA,SD,2014,8,August,2014-08-01,71113,NA,2.6,NA,NA
Wind Cave,WICA,SD,2014,9,September,2014-09-01,57437,NA,2.5,NA,NA
Wind Cave,WICA,SD,2014,10,October,2014-10-01,46497,NA,2.5,NA,NA
Wind Cave,WICA,SD,2014,11,November,2014-11-01,38292,NA,2.5,NA,NA
Wind Cave,WICA,SD,2014,12,December,2014-12-01,35556,NA,2.3,NA,NA
Wind Cave,WICA,SD,2015,1,January,2015-01-01,21427,NA,2.1,NA,NA
Wind Cave,WICA,SD,2015,2,February,2015-02-01,24488,NA,1.9,NA,NA
Wind Cave,WICA,SD,2015,3,March,2015-03-01,33671,NA,2.4,NA,NA
Wind Cave,WICA,SD,2015,4,April,2015-04-01,42854,NA,2.7,NA,NA
Wind Cave,WICA,SD,2015,5,May,2015-05-01,55098,NA,3.1,NA,NA
Wind Cave,WICA,SD,2015,6,June,2015-06-01,70403,NA,3,NA,NA
Wind Cave,WICA,SD,2015,7,July,2015-07-01,85708,NA,2.7,NA,NA
Wind Cave,WICA,SD,2015,8,August,2015-08-01,79586,NA,2.6,NA,NA
Wind Cave,WICA,SD,2015,9,September,2015-09-01,64281,NA,2.5,NA,NA
Wind Cave,WICA,SD,2015,10,October,2015-10-01,52037,NA,2.5,NA,NA
Wind Cave,WICA,SD,2015,11,November,2015-11-01,42854,NA,2.5,NA,NA
Wind Cave,WICA,SD,2015,12,December,2015-12-01,39793,NA,2.3,NA,NA
Wind Cave,WICA,SD,2016,1,January,2016-01-01,21608,NA,2.1,NA,NA
Wind Cave,WICA,SD,2016,2,February,2016-02-01,24695,NA,1.9,NA,NA
Wind Cave,WICA,SD,2016,3,March,2016-03-01,33956,NA,2.4,NA,NA
Wind Cave,WICA,SD,2016,4,April,2016-04-01,43216,NA,2.7,NA,NA
Wind Cave,WICA,SD,2016,5,May,2016-05-01,55564,NA,3.1,NA,NA
Wind Cave,WICA,SD,2016,6,June,2016-06-01,70998,NA,3,NA,NA
Wind Cave,WICA,SD,2016,7,July,2016-07-01,86433,NA,2.7,NA,NA
Wind Cave,WICA,SD,2016,8,August,2016-08-01,80259,NA,2.6,NA,NA
Wind Cave,WICA,SD,2016,9,September,2016-09-01,64825,NA,2.5,NA,NA
Wind Cave,WICA,SD,2016,10,October,2016-10-01,52477,NA,2.5,NA,NA
Wind Cave,WICA,SD,2016,11,November,2016-11-01,43216,NA,2.5,NA,NA
Wind Cave,WICA,SD,2016,12,December,2016-12-01,40130,NA,2.3,NA,NA
Wolf Trap Farm Park,WOTR,VA,2007,1,January,2007-01-01,17606,NA,2.1,NA,NA
Wolf Trap Farm Park,WOTR,VA,2007,2,February,2007-02-01,20121,NA,1.9,NA,NA
Wolf Trap Farm Park,WOTR,VA,2007,3,March,2007-03-01,27666,NA,2.4,NA,NA
Wolf Trap Farm Park,WOTR,VA,2007,4,April,2007-04-01,35211,NA,2.7,NA,NA
Wolf Trap Farm Park,WOTR,VA,2007,5,May,2007-05-01,45271,NA,3.1,NA,NA
Wolf Trap Farm Park,WOTR,VA,2007,6,June,2007-06-01,57847,NA,3,NA,NA
Wolf Trap Farm Park,WOTR,VA,2007,7,July,2007-07-01,70422,NA,2.7,NA,NA
Wolf Trap Farm Park,WOTR,VA,2007,8,August,2007-08-01,65392,NA,2.6,NA,NA
Wolf Trap Farm Park,WOTR,VA,2007,9,September,2007-09-01,52817,NA,2.5,NA,NA
Wolf Trap Farm Park,WOTR,VA,2007,10,October,2007-10-01,42756,NA,2.5,NA,NA
Wolf Trap Farm Park,WOTR,VA,2007,11,November,2007-11-01,35211,NA,2.5,NA,NA
Wolf Trap Farm Park,WOTR,VA,2007,12,December,2007-12-01,32696,NA,2.3,NA,NA
Wolf Trap Farm Park,WOTR,VA,2008,1,January,2008-01-01,17052,NA,2.1,NA,NA
Wolf Trap Farm Park,WOTR,VA,2008,2,February,2008-02-01,19488,NA,1.9,NA,NA
Wolf Trap Farm Park,WOTR,VA,2008,3,March,2008-03-01,26796,NA,2.4,NA,NA
Wolf Trap Farm Park,WOTR,VA,2008,4,April,2008-04-01,34104,NA,2.7,NA,NA
Wolf Trap Farm Park,WOTR,VA,2008,5,May,2008-05-01,43848,NA,3.1,NA,NA
Wolf Trap Farm Park,WOTR,VA,2008,6,June,2008-06-01,56028,NA,3,NA,NA
Wolf Trap Farm Park,WOTR,VA,2008,7,July,2008-07-01,68208,NA,2.7,NA,NA
Wolf Trap Farm Park,WOTR,VA,2008,8,August,2008-08-01,63336,NA,2.6,NA,NA
Wolf Trap Farm Park,WOTR,VA,2008,9,September,2008-09-01,51156,NA,2.5,NA,NA
Wolf Trap Farm Park,WOTR,VA,2008,10,October,2008-10-01,41412,NA,2.5,NA,NA
Wolf Trap Farm Park,WOTR,VA,2008,11,November,2008-11-01,34104,NA,2.5,NA,NA
Wolf Trap Farm Park,WOTR,VA,2008,12,December,2008-12-01,31668,NA,2.3,NA,NA
Wolf Trap Farm Park,WOTR,VA,2009,1,January,2009-01-01,16336,NA,2.1,NA,NA
Wolf Trap Farm Park,WOTR,VA,2009,2,February,2009-02-01,18670,NA,1.9,NA,NA
Wolf Trap Farm Park,WOTR,VA,2009,3,March,2009-03-01,25671,NA,2.4,NA,NA
Wolf Trap Farm Park,WOTR,VA,2009,4,April,2009-04-01,32673,NA,2.7,NA,NA
Wolf Trap Farm Park,WOTR,VA,2009,5,May,2009-05-01,42008,NA,3.1,NA,NA
Wolf Trap Farm Park,WOTR,VA,2009,6,June,2009-06-01,53676,NA,3,NA,NA
Wolf Trap Farm Park,WOTR,VA,2009,7,July,2009-07-01,65345,NA,2.7,NA,NA
Wolf Trap Farm Park,WOTR,VA,2009,8,August,2009-08-01,60678,NA,2.6,NA,NA
Wolf Trap Farm Park,WOTR,VA,2009,9,September,2009-09-01,49009,NA,2.5,NA,NA
Wolf Trap Farm Park,WOTR,VA,2009,10,October,2009-10-01,39674,NA,2.5,NA,NA
Wolf Trap Farm Park,WOTR,VA,2009,11,November,2009-11-01,32673,NA,2.5,NA,NA
Wolf Trap Farm Park,WOTR,VA,2009,12,December,2009-12-01,30339,NA,2.3,NA,NA
Wolf Trap Farm Park,WOTR,VA,2010,1,January,2010-01-01,18214,NA,2.1,NA,NA
Wolf Trap Farm Park,WOTR,VA,2010,2,February,2010-02-01,20816,NA,1.9,NA,NA
Wolf Trap Farm Park,WOTR,VA,2010,3,March,2010-03-01,28622,NA,2.4,NA,NA
Wolf Trap Farm Park,WOTR,VA,2010,4,April,2010-04-01,36428,NA,2.7,NA,NA
Wolf Trap Farm Park,WOTR,VA,2010,5,May,2010-05-01,46836,NA,3.1,NA,NA
Wolf Trap Farm Park,WOTR,VA,2010,6,June,2010-06-01,59846,NA,3,NA,NA
Wolf Trap Farm Park,WOTR,VA,2010,7,July,2010-07-01,72856,NA,2.7,NA,NA
Wolf Trap Farm Park,WOTR,VA,2010,8,August,2010-08-01,67652,NA,2.6,NA,NA
Wolf Trap Farm Park,WOTR,VA,2010,9,September,2010-09-01,54642,NA,2.5,NA,NA
Wolf Trap Farm Park,WOTR,VA,2010,10,October,2010-10-01,44234,NA,2.5,NA,NA
Wolf Trap Farm Park,WOTR,VA,2010,11,November,2010-11-01,36428,NA,2.5,NA,NA
Wolf Trap Farm Park,WOTR,VA,2010,12,December,2010-12-01,33826,NA,2.3,NA,NA
Wolf Trap Farm Park,WOTR,VA,2011,1,January,2011-01-01,14881,NA,2.1,NA,NA
Wolf Trap Farm Park,WOTR,VA,2011,2,February,2011-02-01,17007,NA,1.9,NA,NA
Wolf Trap Farm Park,WOTR,VA,2011,3,March,2011-03-01,23385,NA,2.4,NA,NA
Wolf Trap Farm Park,WOTR,VA,2011,4,April,2011-04-01,29762,NA,2.7,NA,NA
Wolf Trap Farm Park,WOTR,VA,2011,5,May,2011-05-01,38266,NA,3.1,NA,NA
Wolf Trap Farm Park,WOTR,VA,2011,6,June,2011-06-01,48895,NA,3,NA,NA
Wolf Trap Farm Park,WOTR,VA,2011,7,July,2011-07-01,59525,NA,2.7,NA,NA
Wolf Trap Farm Park,WOTR,VA,2011,8,August,2011-08-01,55273,NA,2.6,NA,NA
Wolf Trap Farm Park,WOTR,VA,2011,9,September,2011-09-01,44644,NA,2.5,NA,NA
Wolf Trap Farm Park,WOTR,VA,2011,10,October,2011-10-01,36140,NA,2.5,NA,NA
Wolf Trap Farm Park,WOTR,VA,2011,11,November,2011-11-01,29762,NA,2.5,NA,NA
Wolf Trap Farm Park,WOTR,VA,2011,12,December,2011-12-01,27637,NA,2.3,NA,NA
Wolf Trap Farm Park,WOTR,VA,2012,1,January,2012-01-01,14945,NA,2.1,NA,NA
Wolf Trap Farm Park,WOTR,VA,2012,2,February,2012-02-01,17080,NA,1.9,NA,NA
Wolf Trap Farm Park,WOTR,VA,2012,3,March,2012-03-01,23485,NA,2.4,NA,NA
Wolf Trap Farm Park,WOTR,VA,2012,4,April,2012-04-01,29890,NA,2.7,NA,NA
Wolf Trap Farm Park,WOTR,VA,2012,5,May,2012-05-01,38430,NA,3.1,NA,NA
Wolf Trap Farm Park,WOTR,VA,2012,6,June,2012-06-01,49105,NA,3,NA,NA
Wolf Trap Farm Park,WOTR,VA,2012,7,July,2012-07-01,59779,NA,2.7,NA,NA
Wolf Trap Farm Park,WOTR,VA,2012,8,August,2012-08-01,55509,NA,2.6,NA,NA
Wolf Trap Farm Park,WOTR,VA,2012,9,September,2012-09-01,44835,NA,2.5,NA,NA
Wolf Trap Farm Park,WOTR,VA,2012,10,October,2012-10-01,36295,NA,2.5,NA,NA
Wolf Trap Farm Park,WOTR,VA,2012,11,November,2012-11-01,29890,NA,2.5,NA,NA
Wolf Trap Farm Park,WOTR,VA,2012,12,December,2012-12-01,27755,NA,2.3,NA,NA
Wolf Trap Farm Park,WOTR,VA,2013,1,January,2013-01-01,15441,NA,2.1,NA,NA
Wolf Trap Farm Park,WOTR,VA,2013,2,February,2013-02-01,17647,NA,1.9,NA,NA
Wolf Trap Farm Park,WOTR,VA,2013,3,March,2013-03-01,24264,NA,2.4,NA,NA
Wolf Trap Farm Park,WOTR,VA,2013,4,April,2013-04-01,30882,NA,2.7,NA,NA
Wolf Trap Farm Park,WOTR,VA,2013,5,May,2013-05-01,39705,NA,3.1,NA,NA
Wolf Trap Farm Park,WOTR,VA,2013,6,June,2013-06-01,50734,NA,3,NA,NA
Wolf Trap Farm Park,WOTR,VA,2013,7,July,2013-07-01,61763,NA,2.7,NA,NA
Wolf Trap Farm Park,WOTR,VA,2013,8,August,2013-08-01,57352,NA,2.6,NA,NA
Wolf Trap Farm Park,WOTR,VA,2013,9,September,2013-09-01,46322,NA,2.5,NA,NA
Wolf Trap Farm Park,WOTR,VA,2013,10,October,2013-10-01,37499,NA,2.5,NA,NA
Wolf Trap Farm Park,WOTR,VA,2013,11,November,2013-11-01,30882,NA,2.5,NA,NA
Wolf Trap Farm Park,WOTR,VA,2013,12,December,2013-12-01,28676,NA,2.3,NA,NA
Wolf Trap Farm Park,WOTR,VA,2014,1,January,2014-01-01,13590,NA,2.1,NA,NA
Wolf Trap Farm Park,WOTR,VA,2014,2,February,2014-02-01,15531,NA,1.9,NA,NA
Wolf Trap Farm Park,WOTR,VA,2014,3,March,2014-03-01,21356,NA,2.4,NA,NA
Wolf Trap Farm Park,WOTR,VA,2014,4,April,2014-04-01,27180,NA,2.7,NA,NA
Wolf Trap Farm Park,WOTR,VA,2014,5,May,2014-05-01,34945,NA,3.1,NA,NA
Wolf Trap Farm Park,WOTR,VA,2014,6,June,2014-06-01,44653,NA,3,NA,NA
Wolf Trap Farm Park,WOTR,VA,2014,7,July,2014-07-01,54360,NA,2.7,NA,NA
Wolf Trap Farm Park,WOTR,VA,2014,8,August,2014-08-01,50477,NA,2.6,NA,NA
Wolf Trap Farm Park,WOTR,VA,2014,9,September,2014-09-01,40770,NA,2.5,NA,NA
Wolf Trap Farm Park,WOTR,VA,2014,10,October,2014-10-01,33004,NA,2.5,NA,NA
Wolf Trap Farm Park,WOTR,VA,2014,11,November,2014-11-01,27180,NA,2.5,NA,NA
Wolf Trap Farm Park,WOTR,VA,2014,12,December,2014-12-01,25238,NA,2.3,NA,NA
Wolf Trap Farm Park,WOTR,VA,2015,1,January,2015-01-01,14257,NA,2.1,NA,NA
Wolf Trap Farm Park,WOTR,VA,2015,2,February,2015-02-01,16294,NA,1.9,NA,NA
Wolf Trap Farm Park,WOTR,VA,2015,3,March,2015-03-01,22404,NA,2.4,NA,NA
Wolf Trap Farm Park,WOTR,VA,2015,4,April,2015-04-01,28515,NA,2.7,NA,NA
Wolf Trap Farm Park,WOTR,VA,2015,5,May,2015-05-01,36662,NA,3.1,NA,NA
Wolf Trap Farm Park,WOTR,VA,2015,6,June,2015-06-01,46845,NA,3,NA,NA
Wolf Trap Farm Park,WOTR,VA,2015,7,July,2015-07-01,57029,NA,2.7,NA,NA
Wolf Trap Farm Park,WOTR,VA,2015,8,August,2015-08-01,52956,NA,2.6,NA,NA
Wolf Trap Farm Park,WOTR,VA,2015,9,September,2015-09-01,42772,NA,2.5,NA,NA
Wolf Trap Farm Park,WOTR,VA,2015,10,October,2015-10-01,34625,NA,2.5,NA,NA
Wolf Trap Farm Park,WOTR,VA,2015,11,November,2015-11-01,28515,NA,2.5,NA,NA
Wolf Trap Farm Park,WOTR,VA,2015,12,December,2015-12-01,26478,NA,2.3,NA,NA
Wolf Trap Farm Park,WOTR,VA,2016,1,January,2016-01-01,15313,NA,2.1,NA,NA
Wolf Trap Farm Park,WOTR,VA,2016,2,February,2016-02-01,17501,NA,1.9,NA,NA
Wolf Trap Farm Park,WOTR,VA,2016,3,March,2016-03-01,24063,NA,2.4,NA,NA
Wolf Trap Farm Park,WOTR,VA,2016,4,April,2016-04-01,30626,NA,2.7,NA,NA
Wolf Trap Farm Park,WOTR,VA,2016,5,May,2016-05-01,39376,NA,3.1,NA,NA
Wolf Trap Farm Park,WOTR,VA,2016,6,June,2016-06-01,50314,NA,3,NA,NA
Wolf Trap Farm Park,WOTR,VA,2016,7,July,2016-07-01,61252,NA,2.7,NA,NA
Wolf Trap Farm Park,WOTR,VA,2016,8,August,2016-08-01,56877,NA,2.6,NA,NA
Wolf Trap Farm Park,WOTR,VA,2016,9,September,2016-09-01,45939,NA,2.5,NA,NA
Wolf Trap Farm Park,WOTR,VA,2016,10,October,2016-10-01,37189,NA,2.5,NA,NA
Wolf Trap Farm Park,WOTR,VA,2016,11,November,2016-11-01,30626,NA,2.5,NA,NA
Wolf Trap Farm Park,WOTR,VA,2016,12,December,2016-12-01,28438,NA,2.3,NA,NA
Wrangell-St. Elias,WRST,AK,2007,1,January,2007-01-01,2138,NA,2.1,NA,NA
Wrangell-St. Elias,WRST,AK,2007,2,February,2007-02-01,2443,NA,1.9,NA,NA
Wrangell-St. Elias,WRST,AK,2007,3,March,2007-03-01,3360,NA,2.4,NA,NA
Wrangell-St. Elias,WRST,AK,2007,4,April,2007-04-01,4276,NA,2.7,NA,NA
Wrangell-St. Elias,WRST,AK,2007,5,May,2007-05-01,5498,NA,3.1,NA,NA
Wrangell-St. Elias,WRST,AK,2007,6,June,2007-06-01,7025,NA,3,NA,NA
Wrangell-St. Elias,WRST,AK,2007,7,July,2007-07-01,8552,NA,2.7,NA,NA
Wrangell-St. Elias,WRST,AK,2007,8,August,2007-08-01,7941,NA,2.6,NA,NA
Wrangell-St. Elias,WRST,AK,2007,9,September,2007-09-01,6414,NA,2.5,NA,NA
Wrangell-St. Elias,WRST,AK,2007,10,October,2007-10-01,5192,NA,2.5,NA,NA
Wrangell-St. Elias,WRST,AK,2007,11,November,2007-11-01,4276,NA,2.5,NA,NA
Wrangell-St. Elias,WRST,AK,2007,12,December,2007-12-01,3971,NA,2.3,NA,NA
Wrangell-St. Elias,WRST,AK,2008,1,January,2008-01-01,2299,NA,2.1,NA,NA
Wrangell-St. Elias,WRST,AK,2008,2,February,2008-02-01,2628,NA,1.9,NA,NA
Wrangell-St. Elias,WRST,AK,2008,3,March,2008-03-01,3613,NA,2.4,NA,NA
Wrangell-St. Elias,WRST,AK,2008,4,April,2008-04-01,4599,NA,2.7,NA,NA
Wrangell-St. Elias,WRST,AK,2008,5,May,2008-05-01,5912,NA,3.1,NA,NA
Wrangell-St. Elias,WRST,AK,2008,6,June,2008-06-01,7555,NA,3,NA,NA
Wrangell-St. Elias,WRST,AK,2008,7,July,2008-07-01,9197,NA,2.7,NA,NA
Wrangell-St. Elias,WRST,AK,2008,8,August,2008-08-01,8540,NA,2.6,NA,NA
Wrangell-St. Elias,WRST,AK,2008,9,September,2008-09-01,6898,NA,2.5,NA,NA
Wrangell-St. Elias,WRST,AK,2008,10,October,2008-10-01,5584,NA,2.5,NA,NA
Wrangell-St. Elias,WRST,AK,2008,11,November,2008-11-01,4599,NA,2.5,NA,NA
Wrangell-St. Elias,WRST,AK,2008,12,December,2008-12-01,4270,NA,2.3,NA,NA
Wrangell-St. Elias,WRST,AK,2009,1,January,2009-01-01,2099,NA,2.1,NA,NA
Wrangell-St. Elias,WRST,AK,2009,2,February,2009-02-01,2399,NA,1.9,NA,NA
Wrangell-St. Elias,WRST,AK,2009,3,March,2009-03-01,3298,NA,2.4,NA,NA
Wrangell-St. Elias,WRST,AK,2009,4,April,2009-04-01,4198,NA,2.7,NA,NA
Wrangell-St. Elias,WRST,AK,2009,5,May,2009-05-01,5397,NA,3.1,NA,NA
Wrangell-St. Elias,WRST,AK,2009,6,June,2009-06-01,6896,NA,3,NA,NA
Wrangell-St. Elias,WRST,AK,2009,7,July,2009-07-01,8395,NA,2.7,NA,NA
Wrangell-St. Elias,WRST,AK,2009,8,August,2009-08-01,7796,NA,2.6,NA,NA
Wrangell-St. Elias,WRST,AK,2009,9,September,2009-09-01,6296,NA,2.5,NA,NA
Wrangell-St. Elias,WRST,AK,2009,10,October,2009-10-01,5097,NA,2.5,NA,NA
Wrangell-St. Elias,WRST,AK,2009,11,November,2009-11-01,4198,NA,2.5,NA,NA
Wrangell-St. Elias,WRST,AK,2009,12,December,2009-12-01,3898,NA,2.3,NA,NA
Wrangell-St. Elias,WRST,AK,2010,1,January,2010-01-01,2561,NA,2.1,NA,NA
Wrangell-St. Elias,WRST,AK,2010,2,February,2010-02-01,2927,NA,1.9,NA,NA
Wrangell-St. Elias,WRST,AK,2010,3,March,2010-03-01,4024,NA,2.4,NA,NA
Wrangell-St. Elias,WRST,AK,2010,4,April,2010-04-01,5122,NA,2.7,NA,NA
Wrangell-St. Elias,WRST,AK,2010,5,May,2010-05-01,6585,NA,3.1,NA,NA
Wrangell-St. Elias,WRST,AK,2010,6,June,2010-06-01,8415,NA,3,NA,NA
Wrangell-St. Elias,WRST,AK,2010,7,July,2010-07-01,10244,NA,2.7,NA,NA
Wrangell-St. Elias,WRST,AK,2010,8,August,2010-08-01,9512,NA,2.6,NA,NA
Wrangell-St. Elias,WRST,AK,2010,9,September,2010-09-01,7683,NA,2.5,NA,NA
Wrangell-St. Elias,WRST,AK,2010,10,October,2010-10-01,6219,NA,2.5,NA,NA
Wrangell-St. Elias,WRST,AK,2010,11,November,2010-11-01,5122,NA,2.5,NA,NA
Wrangell-St. Elias,WRST,AK,2010,12,December,2010-12-01,4756,NA,2.3,NA,NA
Wrangell-St. Elias,WRST,AK,2011,1,January,2011-01-01,2283,NA,2.1,NA,NA
Wrangell-St. Elias,WRST,AK,2011,2,February,2011-02-01,2609,NA,1.9,NA,NA
Wrangell-St. Elias,WRST,AK,2011,3,March,2011-03-01,3587,NA,2.4,NA,NA
Wrangell-St. Elias,WRST,AK,2011,4,April,2011-04-01,4566,NA,2.7,NA,NA
Wrangell-St. Elias,WRST,AK,2011,5,May,2011-05-01,5870,NA,3.1,NA,NA
Wrangell-St. Elias,WRST,AK,2011,6,June,2011-06-01,7501,NA,3,NA,NA
Wrangell-St. Elias,WRST,AK,2011,7,July,2011-07-01,9132,NA,2.7,NA,NA
Wrangell-St. Elias,WRST,AK,2011,8,August,2011-08-01,8479,NA,2.6,NA,NA
Wrangell-St. Elias,WRST,AK,2011,9,September,2011-09-01,6849,NA,2.5,NA,NA
Wrangell-St. Elias,WRST,AK,2011,10,October,2011-10-01,5544,NA,2.5,NA,NA
Wrangell-St. Elias,WRST,AK,2011,11,November,2011-11-01,4566,NA,2.5,NA,NA
Wrangell-St. Elias,WRST,AK,2011,12,December,2011-12-01,4240,NA,2.3,NA,NA
Wrangell-St. Elias,WRST,AK,2012,1,January,2012-01-01,3051,NA,2.1,NA,NA
Wrangell-St. Elias,WRST,AK,2012,2,February,2012-02-01,3486,NA,1.9,NA,NA
Wrangell-St. Elias,WRST,AK,2012,3,March,2012-03-01,4794,NA,2.4,NA,NA
Wrangell-St. Elias,WRST,AK,2012,4,April,2012-04-01,6101,NA,2.7,NA,NA
Wrangell-St. Elias,WRST,AK,2012,5,May,2012-05-01,7844,NA,3.1,NA,NA
Wrangell-St. Elias,WRST,AK,2012,6,June,2012-06-01,10023,NA,3,NA,NA
Wrangell-St. Elias,WRST,AK,2012,7,July,2012-07-01,12202,NA,2.7,NA,NA
Wrangell-St. Elias,WRST,AK,2012,8,August,2012-08-01,11331,NA,2.6,NA,NA
Wrangell-St. Elias,WRST,AK,2012,9,September,2012-09-01,9152,NA,2.5,NA,NA
Wrangell-St. Elias,WRST,AK,2012,10,October,2012-10-01,7408,NA,2.5,NA,NA
Wrangell-St. Elias,WRST,AK,2012,11,November,2012-11-01,6101,NA,2.5,NA,NA
Wrangell-St. Elias,WRST,AK,2012,12,December,2012-12-01,5665,NA,2.3,NA,NA
Wrangell-St. Elias,WRST,AK,2013,1,January,2013-01-01,2449,NA,2.1,NA,NA
Wrangell-St. Elias,WRST,AK,2013,2,February,2013-02-01,2799,NA,1.9,NA,NA
Wrangell-St. Elias,WRST,AK,2013,3,March,2013-03-01,3849,NA,2.4,NA,NA
Wrangell-St. Elias,WRST,AK,2013,4,April,2013-04-01,4899,NA,2.7,NA,NA
Wrangell-St. Elias,WRST,AK,2013,5,May,2013-05-01,6299,NA,3.1,NA,NA
Wrangell-St. Elias,WRST,AK,2013,6,June,2013-06-01,8048,NA,3,NA,NA
Wrangell-St. Elias,WRST,AK,2013,7,July,2013-07-01,9798,NA,2.7,NA,NA
Wrangell-St. Elias,WRST,AK,2013,8,August,2013-08-01,9098,NA,2.6,NA,NA
Wrangell-St. Elias,WRST,AK,2013,9,September,2013-09-01,7348,NA,2.5,NA,NA
Wrangell-St. Elias,WRST,AK,2013,10,October,2013-10-01,5949,NA,2.5,NA,NA
Wrangell-St. Elias,WRST,AK,2013,11,November,2013-11-01,4899,NA,2.5,NA,NA
Wrangell-St. Elias,WRST,AK,2013,12,December,2013-12-01,4549,NA,2.3,NA,NA
Wrangell-St. Elias,WRST,AK,2014,1,January,2014-01-01,2615,NA,2.1,NA,NA
Wrangell-St. Elias,WRST,AK,2014,2,February,2014-02-01,2989,NA,1.9,NA,NA
Wrangell-St. Elias,WRST,AK,2014,3,March,2014-03-01,4110,NA,2.4,NA,NA
Wrangell-St. Elias,WRST,AK,2014,4,April,2014-04-01,5231,NA,2.7,NA,NA
Wrangell-St. Elias,WRST,AK,2014,5,May,2014-05-01,6725,NA,3.1,NA,NA
Wrangell-St. Elias,WRST,AK,2014,6,June,2014-06-01,8593,NA,3,NA,NA
Wrangell-St. Elias,WRST,AK,2014,7,July,2014-07-01,10461,NA,2.7,NA,NA
Wrangell-St. Elias,WRST,AK,2014,8,August,2014-08-01,9714,NA,2.6,NA,NA
Wrangell-St. Elias,WRST,AK,2014,9,September,2014-09-01,7846,NA,2.5,NA,NA
Wrangell-St. Elias,WRST,AK,2014,10,October,2014-10-01,6351,NA,2.5,NA,NA
Wrangell-St. Elias,WRST,AK,2014,11,November,2014-11-01,5231,NA,2.5,NA,NA
Wrangell-St. Elias,WRST,AK,2014,12,December,2014-12-01,4857,NA,2.3,NA,NA
Wrangell-St. Elias,WRST,AK,2015,1,January,2015-01-01,2813,NA,2.1,NA,NA
Wrangell-St. Elias,WRST,AK,2015,2,February,2015-02-01,3215,NA,1.9,NA,NA
Wrangell-St. Elias,WRST,AK,2015,3,March,2015-03-01,4420,NA,2.4,NA,NA
Wrangell-St. Elias,WRST,AK,2015,4,April,2015-04-01,5626,NA,2.7,NA,NA
Wrangell-St. Elias,WRST,AK,2015,5,May,2015-05-01,7233,NA,3.1,NA,NA
Wrangell-St. Elias,WRST,AK,2015,6,June,2015-06-01,9242,NA,3,NA,NA
Wrangell-St. Elias,WRST,AK,2015,7,July,2015-07-01,11251,NA,2.7,NA,NA
Wrangell-St. Elias,WRST,AK,2015,8,August,2015-08-01,10448,NA,2.6,NA,NA
Wrangell-St. Elias,WRST,AK,2015,9,September,2015-09-01,8438,NA,2.5,NA,NA
Wrangell-St. Elias,WRST,AK,2015,10,October,2015-10-01,6831,NA,2.5,NA,NA
Wrangell-St. Elias,WRST,AK,2015,11,November,2015-11-01,5626,NA,2.5,NA,NA
Wrangell-St. Elias,WRST,AK,2015,12,December,2015-12-01,5224,NA,2.3,NA,NA
Wrangell-St. Elias,WRST,AK,2016,1,January,2016-01-01,2767,NA,2.1,NA,NA
Wrangell-St. Elias,WRST,AK,2016,2,February,2016-02-01,3162,NA,1.9,NA,NA
Wrangell-St. Elias,WRST,AK,2016,3,March,2016-03-01,4348,NA,2.4,NA,NA
Wrangell-St. Elias,WRST,AK,2016,4,April,2016-04-01,5533,NA,2.7,NA,NA
Wrangell-St. Elias,WRST,AK,2016,5,May,2016-05-01,7114,NA,3.1,NA,NA
Wrangell-St. Elias,WRST,AK,2016,6,June,2016-06-01,9090,NA,3,NA,NA
Wrangell-St. Elias,WRST,AK,2016,7,July,2016-07-01,11067,NA,2.7,NA,NA
Wrangell-St. Elias,WRST,AK,2016,8,August,2016-08-01,10276,NA,2.6,NA,NA
Wrangell-St. Elias,WRST,AK,2016,9,September,2016-09-01,8300,NA,2.5,NA,NA
Wrangell-St. Elias,WRST,AK,2016,10,October,2016-10-01,6719,NA,2.5,NA,NA
Wrangell-St. Elias,WRST,AK,2016,11,November,2016-11-01,5533,NA,2.5,NA,NA
Wrangell-St. Elias,WRST,AK,2016,12,December,2016-12-01,5138,NA,2.3,NA,NA
Yellowstone,YELL,WY,2007,1,January,2007-01-01,78584,11,2.1,44.6,mountain
Yellowstone,YELL,WY,2007,2,February,2007-02-01,94108,16,1.9,44.6,mountain
Yellowstone,YELL,WY,2007,3,March,2007-03-01,144655,31,2.4,44.6,mountain
Yellowstone,YELL,WY,2007,4,April,2007-04-01,200321,49,2.7,44.6,mountain
Yellowstone,YELL,WY,2007,5,May,2007-05-01,281236,67,3.1,44.6,mountain
Yellowstone,YELL,WY,2007,6,June,2007-06-01,391549,83,3,44.6,mountain
Yellowstone,YELL,WY,2007,7,July,2007-07-01,510643,93,2.7,44.6,mountain
Yellowstone,YELL,WY,2007,8,August,2007-08-01,462027,90,2.6,44.6,mountain
Yellowstone,YELL,WY,2007,9,September,2007-09-01,346298,75,2.5,44.6,mountain
Yellowstone,YELL,WY,2007,10,October,2007-10-01,260351,55,2.5,44.6,mountain
Yellowstone,YELL,WY,2007,11,November,2007-11-01,200321,32,2.5,44.6,mountain
Yellowstone,YELL,WY,2007,12,December,2007-12-01,181250,16,2.3,44.6,mountain
Yellowstone,YELL,WY,2008,1,January,2008-01-01,76471,11,2.1,44.6,mountain
Yellowstone,YELL,WY,2008,2,February,2008-02-01,91576,16,1.9,44.6,mountain
Yellowstone,YELL,WY,2008,3,March,2008-03-01,140764,31,2.4,44.6,mountain
Yellowstone,YELL,WY,2008,4,April,2008-04-01,194933,49,2.7,44.6,mountain
Yellowstone,YELL,WY,2008,5,May,2008-05-01,273672,67,3.1,44.6,mountain
Yellowstone,YELL,WY,2008,6,June,2008-06-01,381017,83,3,44.6,mountain
Yellowstone,YELL,WY,2008,7,July,2008-07-01,496908,93,2.7,44.6,mountain
Yellowstone,YELL,WY,2008,8,August,2008-08-01,449600,90,2.6,44.6,mountain
Yellowstone,YELL,WY,2008,9,September,2008-09-01,336983,75,2.5,44.6,mountain
Yellowstone,YELL,WY,2008,10,October,2008-10-01,253348,55,2.5,44.6,mountain
Yellowstone,YELL,WY,2008,11,November,2008-11-01,194933,32,2.5,44.6,mountain
Yellowstone,YELL,WY,2008,12,December,2008-12-01,176374,16,2.3,44.6,mountain
Yellowstone,YELL,WY,2009,1,January,2009-01-01,82171,11,2.1,44.6,mountain
Yellowstone,YELL,WY,2009,2,February,2009-02-01,98403,16,1.9,44.6,mountain
Yellowstone,YELL,WY,2009,3,March,2009-03-01,151258,31,2.4,44.6,mountain
Yellowstone,YELL,WY,2009,4,April,2009-04-01,209465,49,2.7,44.6,mountain
Yellowstone,YELL,WY,2009,5,May,2009-05-01,294074,67,3.1,44.6,mountain
Yellowstone,YELL,WY,2009,6,June,2009-06-01,409421,83,3,44.6,mountain
Yellowstone,YELL,WY,2009,7,July,2009-07-01,533951,93,2.7,44.6,mountain
Yellowstone,YELL,WY,2009,8,August,2009-08-01,483117,90,2.6,44.6,mountain
Yellowstone,YELL,WY,2009,9,September,2009-09-01,362105,75,2.5,44.6,mountain
Yellowstone,YELL,WY,2009,10,October,2009-10-01,272235,55,2.5,44.6,mountain
Yellowstone,YELL,WY,2009,11,November,2009-11-01,209465,32,2.5,44.6,mountain
Yellowstone,YELL,WY,2009,12,December,2009-12-01,189523,16,2.3,44.6,mountain
Yellowstone,YELL,WY,2010,1,January,2010-01-01,90774,11,2.1,44.6,mountain
Yellowstone,YELL,WY,2010,2,February,2010-02-01,108706,16,1.9,44.6,mountain
Yellowstone,YELL,WY,2010,3,March,2010-03-01,167094,31,2.4,44.6,mountain
Yellowstone,YELL,WY,2010,4,April,2010-04-01,231395,49,2.7,44.6,mountain
Yellowstone,YELL,WY,2010,5,May,2010-05-01,324862,67,3.1,44.6,mountain
Yellowstone,YELL,WY,2010,6,June,2010-06-01,452287,83,3,44.6,mountain
Yellowstone,YELL,WY,2010,7,July,2010-07-01,589854,93,2.7,44.6,mountain
Yellowstone,YELL,WY,2010,8,August,2010-08-01,533698,90,2.6,44.6,mountain
Yellowstone,YELL,WY,2010,9,September,2010-09-01,400016,75,2.5,44.6,mountain
Yellowstone,YELL,WY,2010,10,October,2010-10-01,300737,55,2.5,44.6,mountain
Yellowstone,YELL,WY,2010,11,November,2010-11-01,231395,32,2.5,44.6,mountain
Yellowstone,YELL,WY,2010,12,December,2010-12-01,209365,16,2.3,44.6,mountain
Yellowstone,YELL,WY,2011,1,January,2011-01-01,84644,11,2.1,44.6,mountain
Yellowstone,YELL,WY,2011,2,February,2011-02-01,101364,16,1.9,44.6,mountain
Yellowstone,YELL,WY,2011,3,March,2011-03-01,155809,31,2.4,44.6,mountain
Yellowstone,YELL,WY,2011,4,April,2011-04-01,215767,49,2.7,44.6,mountain
Yellowstone,YELL,WY,2011,5,May,2011-05-01,302921,67,3.1,44.6,mountain
Yellowstone,YELL,WY,2011,6,June,2011-06-01,421739,83,3,44.6,mountain
Yellowstone,YELL,WY,2011,7,July,2011-07-01,550015,93,2.7,44.6,mountain
Yellowstone,YELL,WY,2011,8,August,2011-08-01,497652,90,2.6,44.6,mountain
Yellowstone,YELL,WY,2011,9,September,2011-09-01,372999,75,2.5,44.6,mountain
Yellowstone,YELL,WY,2011,10,October,2011-10-01,280426,55,2.5,44.6,mountain
Yellowstone,YELL,WY,2011,11,November,2011-11-01,215767,32,2.5,44.6,mountain
Yellowstone,YELL,WY,2011,12,December,2011-12-01,195225,16,2.3,44.6,mountain
Yellowstone,YELL,WY,2012,1,January,2012-01-01,85975,11,2.1,44.6,mountain
Yellowstone,YELL,WY,2012,2,February,2012-02-01,102959,16,1.9,44.6,mountain
Yellowstone,YELL,WY,2012,3,March,2012-03-01,158260,31,2.4,44.6,mountain
Yellowstone,YELL,WY,2012,4,April,2012-04-01,219161,49,2.7,44.6,mountain
Yellowstone,YELL,WY,2012,5,May,2012-05-01,307687,67,3.1,44.6,mountain
Yellowstone,YELL,WY,2012,6,June,2012-06-01,428375,83,3,44.6,mountain
Yellowstone,YELL,WY,2012,7,July,2012-07-01,558669,93,2.7,44.6,mountain
Yellowstone,YELL,WY,2012,8,August,2012-08-01,505481,90,2.6,44.6,mountain
Yellowstone,YELL,WY,2012,9,September,2012-09-01,378867,75,2.5,44.6,mountain
Yellowstone,YELL,WY,2012,10,October,2012-10-01,284837,55,2.5,44.6,mountain
Yellowstone,YELL,WY,2012,11,November,2012-11-01,219161,32,2.5,44.6,mountain
Yellowstone,YELL,WY,2012,12,December,2012-12-01,198296,16,2.3,44.6,mountain
Yellowstone,YELL,WY,2013,1,January,2013-01-01,79499,11,2.1,44.6,mountain
Yellowstone,YELL,WY,2013,2,February,2013-02-01,95203,16,1.9,44.6,mountain
Yellowstone,YELL,WY,2013,3,March,2013-03-01,146339,31,2.4,44.6,mountain
Yellowstone,YELL,WY,2013,4,April,2013-04-01,202653,49,2.7,44.6,mountain
Yellowstone,YELL,WY,2013,5,May,2013-05-01,284510,67,3.1,44.6,mountain
Yellowstone,YELL,WY,2013,6,June,2013-06-01,396107,83,3,44.6,mountain
Yellowstone,YELL,WY,2013,7,July,2013-07-01,516587,93,2.7,44.6,mountain
Yellowstone,YELL,WY,2013,8,August,2013-08-01,467406,90,2.6,44.6,mountain
Yellowstone,YELL,WY,2013,9,September,2013-09-01,350329,75,2.5,44.6,mountain
Yellowstone,YELL,WY,2013,10,October,2013-10-01,263382,55,2.5,44.6,mountain
Yellowstone,YELL,WY,2013,11,November,2013-11-01,202653,32,2.5,44.6,mountain
Yellowstone,YELL,WY,2013,12,December,2013-12-01,183360,16,2.3,44.6,mountain
Yellowstone,YELL,WY,2014,1,January,2014-01-01,87615,11,2.1,44.6,mountain
Yellowstone,YELL,WY,2014,2,February,2014-02-01,104922,16,1.9,44.6,mountain
Yellowstone,YELL,WY,2014,3,March,2014-03-01,161278,31,2.4,44.6,mountain
Yellowstone,YELL,WY,2014,4,April,2014-04-01,223341,49,2.7,44.6,mountain
Yellowstone,YELL,WY,2014,5,May,2014-05-01,313555,67,3.1,44.6,mountain
Yellowstone,YELL,WY,2014,6,June,2014-06-01,436544,83,3,44.6,mountain
Yellowstone,YELL,WY,2014,7,July,2014-07-01,569324,93,2.7,44.6,mountain
Yellowstone,YELL,WY,2014,8,August,2014-08-01,515122,90,2.6,44.6,mountain
Yellowstone,YELL,WY,2014,9,September,2014-09-01,386093,75,2.5,44.6,mountain
Yellowstone,YELL,WY,2014,10,October,2014-10-01,290270,55,2.5,44.6,mountain
Yellowstone,YELL,WY,2014,11,November,2014-11-01,223341,32,2.5,44.6,mountain
Yellowstone,YELL,WY,2014,12,December,2014-12-01,202078,16,2.3,44.6,mountain
Yellowstone,YELL,WY,2015,1,January,2015-01-01,102184,11,2.1,44.6,mountain
Yellowstone,YELL,WY,2015,2,February,2015-02-01,122369,16,1.9,44.6,mountain
Yellowstone,YELL,WY,2015,3,March,2015-03-01,188096,31,2.4,44.6,mountain
Yellowstone,YELL,WY,2015,4,April,2015-04-01,260479,49,2.7,44.6,mountain
Yellowstone,YELL,WY,2015,5,May,2015-05-01,365693,67,3.1,44.6,mountain
Yellowstone,YELL,WY,2015,6,June,2015-06-01,509134,83,3,44.6,mountain
Yellowstone,YELL,WY,2015,7,July,2015-07-01,663991,93,2.7,44.6,mountain
Yellowstone,YELL,WY,2015,8,August,2015-08-01,600777,90,2.6,44.6,mountain
Yellowstone,YELL,WY,2015,9,September,2015-09-01,450293,75,2.5,44.6,mountain
Yellowstone,YELL,WY,2015,10,October,2015-10-01,338536,55,2.5,44.6,mountain
Yellowstone,YELL,WY,2015,11,November,2015-11-01,260479,32,2.5,44.6,mountain
Yellowstone,YELL,WY,2015,12,December,2015-12-01,235680,16,2.3,44.6,mountain
Yellowstone,YELL,WY,2016,1,January,2016-01-01,106160,11,2.1,44.6,mountain
Yellowstone,YELL,WY,2016,2,February,2016-02-01,127131,16,1.9,44.6,mountain
Yellowstone,YELL,WY,2016,3,March,2016-03-01,195416,31,2.4,44.6,mountain
Yellowstone,YELL,WY,2016,4,April,2016-04-01,270615,49,2.7,44.6,mountain
Yellowstone,YELL,WY,2016,5,May,2016-05-01,379925,67,3.1,44.6,mountain
Yellowstone,YELL,WY,2016,6,June,2016-06-01,528947,83,3,44.6,mountain
Yellowstone,YELL,WY,2016,7,July,2016-07-01,689831,93,2.7,44.6,mountain
Yellowstone,YELL,WY,2016,8,August,2016-08-01,624157,90,2.6,44.6,mountain
Yellowstone,YELL,WY,2016,9,September,2016-09-01,467817,75,2.5,44.6,mountain
Yellowstone,YELL,WY,2016,10,October,2016-10-01,351711,55,2.5,44.6,mountain
Yellowstone,YELL,WY,2016,11,November,2016-11-01,270615,32,2.5,44.6,mountain
Yellowstone,YELL,WY,2016,12,December,2016-12-01,244852,16,2.3,44.6,mountain
Yosemite,YOSE,CA,2007,1,January,2007-01-01,101228,13,2.1,37.87,mountain
Yosemite,YOSE,CA,2007,2,February,2007-02-01,118821,18,1.9,37.87,mountain
Yosemite,YOSE,CA,2007,3,March,2007-03-01,174123,33,2.4,37.87,mountain
Yosemite,YOSE,CA,2007,4,April,2007-04-01,232561,51,2.7,37.87,mountain
Yosemite,YOSE,CA,2007,5,May,2007-05-01,314420,69,3.1,37.87,mountain
Yosemite,YOSE,CA,2007,6,June,2007-06-01,421946,85,3,37.87,mountain
Yosemite,YOSE,CA,2007,7,July,2007-07-01,534285,95,2.7,37.87,mountain
Yosemite,YOSE,CA,2007,8,August,2007-08-01,488823,92,2.6,37.87,mountain
Yosemite,YOSE,CA,2007,9,September,2007-09-01,378309,77,2.5,37.87,mountain
Yosemite,YOSE,CA,2007,10,October,2007-10-01,293577,57,2.5,37.87,mountain
Yosemite,YOSE,CA,2007,11,November,2007-11-01,232561,34,2.5,37.87,mountain
Yosemite,YOSE,CA,2007,12,December,2007-12-01,212773,18,2.3,37.87,mountain
Yosemite,YOSE,CA,2008,1,January,2008-01-01,99150,13,2.1,37.87,mountain
Yosemite,YOSE,CA,2008,2,February,2008-02-01,116382,18,1.9,37.87,mountain
Yosemite,YOSE,CA,2008,3,March,2008-03-01,170548,33,2.4,37.87,mountain
Yosemite,YOSE,CA,2008,4,April,2008-04-01,227788,51,2.7,37.87,mountain
Yosemite,YOSE,CA,2008,5,May,2008-05-01,307966,69,3.1,37.87,mountain
Yosemite,YOSE,CA,2008,6,June,2008-06-01,413285,85,3,37.87,mountain
Yosemite,YOSE,CA,2008,7,July,2008-07-01,523318,95,2.7,37.87,mountain
Yosemite,YOSE,CA,2008,8,August,2008-08-01,478789,92,2.6,37.87,mountain
Yosemite,YOSE,CA,2008,9,September,2008-09-01,370544,77,2.5,37.87,mountain
Yosemite,YOSE,CA,2008,10,October,2008-10-01,287551,57,2.5,37.87,mountain
Yosemite,YOSE,CA,2008,11,November,2008-11-01,227788,34,2.5,37.87,mountain
Yosemite,YOSE,CA,2008,12,December,2008-12-01,208405,18,2.3,37.87,mountain
Yosemite,YOSE,CA,2009,1,January,2009-01-01,107991,13,2.1,37.87,mountain
Yosemite,YOSE,CA,2009,2,February,2009-02-01,126758,18,1.9,37.87,mountain
Yosemite,YOSE,CA,2009,3,March,2009-03-01,185755,33,2.4,37.87,mountain
Yosemite,YOSE,CA,2009,4,April,2009-04-01,248097,51,2.7,37.87,mountain
Yosemite,YOSE,CA,2009,5,May,2009-05-01,335425,69,3.1,37.87,mountain
Yosemite,YOSE,CA,2009,6,June,2009-06-01,450134,85,3,37.87,mountain
Yosemite,YOSE,CA,2009,7,July,2009-07-01,569978,95,2.7,37.87,mountain
Yosemite,YOSE,CA,2009,8,August,2009-08-01,521479,92,2.6,37.87,mountain
Yosemite,YOSE,CA,2009,9,September,2009-09-01,403582,77,2.5,37.87,mountain
Yosemite,YOSE,CA,2009,10,October,2009-10-01,313189,57,2.5,37.87,mountain
Yosemite,YOSE,CA,2009,11,November,2009-11-01,248097,34,2.5,37.87,mountain
Yosemite,YOSE,CA,2009,12,December,2009-12-01,226987,18,2.3,37.87,mountain
Yosemite,YOSE,CA,2010,1,January,2010-01-01,112727,13,2.1,37.87,mountain
Yosemite,YOSE,CA,2010,2,February,2010-02-01,132318,18,1.9,37.87,mountain
Yosemite,YOSE,CA,2010,3,March,2010-03-01,193902,33,2.4,37.87,mountain
Yosemite,YOSE,CA,2010,4,April,2010-04-01,258980,51,2.7,37.87,mountain
Yosemite,YOSE,CA,2010,5,May,2010-05-01,350138,69,3.1,37.87,mountain
Yosemite,YOSE,CA,2010,6,June,2010-06-01,469878,85,3,37.87,mountain
Yosemite,YOSE,CA,2010,7,July,2010-07-01,594979,95,2.7,37.87,mountain
Yosemite,YOSE,CA,2010,8,August,2010-08-01,544352,92,2.6,37.87,mountain
Yosemite,YOSE,CA,2010,9,September,2010-09-01,421284,77,2.5,37.87,mountain
Yosemite,YOSE,CA,2010,10,October,2010-10-01,326927,57,2.5,37.87,mountain
Yosemite,YOSE,CA,2010,11,November,2010-11-01,258980,34,2.5,37.87,mountain
Yosemite,YOSE,CA,2010,12,December,2010-12-01,236943,18,2.3,37.87,mountain
Yosemite,YOSE,CA,2011,1,January,2011-01-01,114172,13,2.1,37.87,mountain
Yosemite,YOSE,CA,2011,2,February,2011-02-01,134014,18,1.9,37.87,mountain
Yosemite,YOSE,CA,2011,3,March,2011-03-01,196387,33,2.4,37.87,mountain
Yosemite,YOSE,CA,2011,4,April,2011-04-01,262298,51,2.7,37.87,mountain
Yosemite,YOSE,CA,2011,5,May,2011-05-01,354624,69,3.1,37.87,mountain
Yosemite,YOSE,CA,2011,6,June,2011-06-01,475898,85,3,37.87,mountain
Yosemite,YOSE,CA,2011,7,July,2011-07-01,602602,95,2.7,37.87,mountain
Yosemite,YOSE,CA,2011,8,August,2011-08-01,551326,92,2.6,37.87,mountain
Yosemite,YOSE,CA,2011,9,September,2011-09-01,426682,77,2.5,37.87,mountain
Yosemite,YOSE,CA,2011,10,October,2011-10-01,331115,57,2.5,37.87,mountain
Yosemite,YOSE,CA,2011,11,November,2011-11-01,262298,34,2.5,37.87,mountain
Yosemite,YOSE,CA,2011,12,December,2011-12-01,239979,18,2.3,37.87,mountain
Yosemite,YOSE,CA,2012,1,January,2012-01-01,111340,13,2.1,37.87,mountain
Yosemite,YOSE,CA,2012,2,February,2012-02-01,130690,18,1.9,37.87,mountain
Yosemite,YOSE,CA,2012,3,March,2012-03-01,191517,33,2.4,37.87,mountain
Yosemite,YOSE,CA,2012,4,April,2012-04-01,255793,51,2.7,37.87,mountain
Yosemite,YOSE,CA,2012,5,May,2012-05-01,345830,69,3.1,37.87,mountain
Yosemite,YOSE,CA,2012,6,June,2012-06-01,464097,85,3,37.87,mountain
Yosemite,YOSE,CA,2012,7,July,2012-07-01,587658,95,2.7,37.87,mountain
Yosemite,YOSE,CA,2012,8,August,2012-08-01,537654,92,2.6,37.87,mountain
Yosemite,YOSE,CA,2012,9,September,2012-09-01,416100,77,2.5,37.87,mountain
Yosemite,YOSE,CA,2012,10,October,2012-10-01,322904,57,2.5,37.87,mountain
Yosemite,YOSE,CA,2012,11,November,2012-11-01,255793,34,2.5,37.87,mountain
Yosemite,YOSE,CA,2012,12,December,2012-12-01,234028,18,2.3,37.87,mountain
Yosemite,YOSE,CA,2013,1,January,2013-01-01,106653,13,2.1,37.87,mountain
Yosemite,YOSE,CA,2013,2,February,2013-02-01,125189,18,1.9,37.87,mountain
Yosemite,YOSE,CA,2013,3,March,2013-03-01,183454,33,2.4,37.87,mountain
Yosemite,YOSE,CA,2013,4,April,2013-04-01,245025,51,2.7,37.87,mountain
Yosemite,YOSE,CA,2013,5,May,2013-05-01,331271,69,3.1,37.87,mountain
Yosemite,YOSE,CA,2013,6,June,2013-06-01,444560,85,3,37.87,mountain
Yosemite,YOSE,CA,2013,7,July,2013-07-01,562920,95,2.7,37.87,mountain
Yosemite,YOSE,CA,2013,8,August,2013-08-01,515021,92,2.6,37.87,mountain
Yosemite,YOSE,CA,2013,9,September,2013-09-01,398584,77,2.5,37.87,mountain
Yosemite,YOSE,CA,2013,10,October,2013-10-01,309311,57,2.5,37.87,mountain
Yosemite,YOSE,CA,2013,11,November,2013-11-01,245025,34,2.5,37.87,mountain
Yosemite,YOSE,CA,2013,12,December,2013-12-01,224176,18,2.3,37.87,mountain
Yosemite,YOSE,CA,2014,1,January,2014-01-01,112185,13,2.1,37.87,mountain
Yosemite,YOSE,CA,2014,2,February,2014-02-01,131682,18,1.9,37.87,mountain
Yosemite,YOSE,CA,2014,3,March,2014-03-01,192970,33,2.4,37.87,mountain
Yosemite,YOSE,CA,2014,4,April,2014-04-01,257734,51,2.7,37.87,mountain
Yosemite,YOSE,CA,2014,5,May,2014-05-01,348454,69,3.1,37.87,mountain
Yosemite,YOSE,CA,2014,6,June,2014-06-01,467618,85,3,37.87,mountain
Yosemite,YOSE,CA,2014,7,July,2014-07-01,592117,95,2.7,37.87,mountain
Yosemite,YOSE,CA,2014,8,August,2014-08-01,541734,92,2.6,37.87,mountain
Yosemite,YOSE,CA,2014,9,September,2014-09-01,419258,77,2.5,37.87,mountain
Yosemite,YOSE,CA,2014,10,October,2014-10-01,325354,57,2.5,37.87,mountain
Yosemite,YOSE,CA,2014,11,November,2014-11-01,257734,34,2.5,37.87,mountain
Yosemite,YOSE,CA,2014,12,December,2014-12-01,235803,18,2.3,37.87,mountain
Yosemite,YOSE,CA,2015,1,January,2015-01-01,119917,13,2.1,37.87,mountain
Yosemite,YOSE,CA,2015,2,February,2015-02-01,140757,18,1.9,37.87,mountain
Yosemite,YOSE,CA,2015,3,March,2015-03-01,206268,33,2.4,37.87,mountain
Yosemite,YOSE,CA,2015,4,April,2015-04-01,275496,51,2.7,37.87,mountain
Yosemite,YOSE,CA,2015,5,May,2015-05-01,372467,69,3.1,37.87,mountain
Yosemite,YOSE,CA,2015,6,June,2015-06-01,499844,85,3,37.87,mountain
Yosemite,YOSE,CA,2015,7,July,2015-07-01,632923,95,2.7,37.87,mountain
Yosemite,YOSE,CA,2015,8,August,2015-08-01,579068,92,2.6,37.87,mountain
Yosemite,YOSE,CA,2015,9,September,2015-09-01,448151,77,2.5,37.87,mountain
Yosemite,YOSE,CA,2015,10,October,2015-10-01,347776,57,2.5,37.87,mountain
Yosemite,YOSE,CA,2015,11,November,2015-11-01,275496,34,2.5,37.87,mountain
Yosemite,YOSE,CA,2015,12,December,2015-12-01,252054,18,2.3,37.87,mountain
Yosemite,YOSE,CA,2016,1,January,2016-01-01,145304,13,2.1,37.87,mountain
Yosemite,YOSE,CA,2016,2,February,2016-02-01,170557,18,1.9,37.87,mountain
Yosemite,YOSE,CA,2016,3,March,2016-03-01,249938,33,2.4,37.87,mountain
Yosemite,YOSE,CA,2016,4,April,2016-04-01,333822,51,2.7,37.87,mountain
Yosemite,YOSE,CA,2016,5,May,2016-05-01,451323,69,3.1,37.87,mountain
Yosemite,YOSE,CA,2016,6,June,2016-06-01,605667,85,3,37.87,mountain
Yosemite,YOSE,CA,2016,7,July,2016-07-01,766921,95,2.7,37.87,mountain
Yosemite,YOSE,CA,2016,8,August,2016-08-01,701663,92,2.6,37.87,mountain
Yosemite,YOSE,CA,2016,9,September,2016-09-01,543030,77,2.5,37.87,mountain
Yosemite,YOSE,CA,2016,10,October,2016-10-01,421405,57,2.5,37.87,mountain
Yosemite,YOSE,CA,2016,11,November,2016-11-01,333822,34,2.5,37.87,mountain
Yosemite,YOSE,CA,2016,12,December,2016-12-01,305417,18,2.3,37.87,mountain
Zion,ZION,UT,2007,1,January,2007-01-01,204594,58,0.7,37.3,desert
Zion,ZION,UT,2007,2,February,2007-02-01,220831,61,0.7,37.3,desert
Zion,ZION,UT,2007,3,March,2007-03-01,250059,68,0.8,37.3,desert
Zion,ZION,UT,2007,4,April,2007-04-01,227326,76,0.9,37.3,desert
Zion,ZION,UT,2007,5,May,2007-05-01,219207,81,1.1,37.3,desert
Zion,ZION,UT,2007,6,June,2007-06-01,130713,85,1,37.3,desert
Zion,ZION,UT,2007,7,July,2007-07-01,90930,87,0.9,37.3,desert
Zion,ZION,UT,2007,8,August,2007-08-01,105544,87,0.9,37.3,desert
Zion,ZION,UT,2007,9,September,2007-09-01,204594,85,0.9,37.3,desert
Zion,ZION,UT,2007,10,October,2007-10-01,303643,78,0.9,37.3,desert
Zion,ZION,UT,2007,11,November,2007-11-01,340989,69,0.9,37.3,desert
Zion,ZION,UT,2007,12,December,2007-12-01,358851,62,0.8,37.3,desert
Zion,ZION,UT,2008,1,January,2008-01-01,207125,58,0.7,37.3,desert
Zion,ZION,UT,2008,2,February,2008-02-01,223563,61,0.7,37.3,desert
Zion,ZION,UT,2008,3,March,2008-03-01,253152,68,0.8,37.3,desert
Zion,ZION,UT,2008,4,April,2008-04-01,230138,76,0.9,37.3,desert
Zion,ZION,UT,2008,5,May,2008-05-01,221919,81,1.1,37.3,desert
Zion,ZION,UT,2008,6,June,2008-06-01,132330,85,1,37.3,desert
Zion,ZION,UT,2008,7,July,2008-07-01,92055,87,0.9,37.3,desert
Zion,ZION,UT,2008,8,August,2008-08-01,106850,87,0.9,37.3,desert
Zion,ZION,UT,2008,9,September,2008-09-01,207125,85,0.9,37.3,desert
Zion,ZION,UT,2008,10,October,2008-10-01,307399,78,0.9,37.3,desert
Zion,ZION,UT,2008,11,November,2008-11-01,345208,69,0.9,37.3,desert
Zion,ZION,UT,2008,12,December,2008-12-01,363290,62,0.8,37.3,desert
Zion,ZION,UT,2009,1,January,2009-01-01,210608,58,0.7,37.3,desert
Zion,ZION,UT,2009,2,February,2009-02-01,227323,61,0.7,37.3,desert
Zion,ZION,UT,2009,3,March,2009-03-01,257410,68,0.8,37.3,desert
Zion,ZION,UT,2009,4,April,2009-04-01,234009,76,0.9,37.3,desert
Zion,ZION,UT,2009,5,May,2009-05-01,225652,81,1.1,37.3,desert
Zion,ZION,UT,2009,6,June,2009-06-01,134555,85,1,37.3,desert
Zion,ZION,UT,2009,7,July,2009-07-01,93604,87,0.9,37.3,desert
Zion,ZION,UT,2009,8,August,2009-08-01,108647,87,0.9,37.3,desert
Zion,ZION,UT,2009,9,September,2009-09-01,210608,85,0.9,37.3,desert
Zion,ZION,UT,2009,10,October,2009-10-01,312570,78,0.9,37.3,desert
Zion,ZION,UT,2009,11,November,2009-11-01,351014,69,0.9,37.3,desert
Zion,ZION,UT,2009,12,December,2009-12-01,369400,62,0.8,37.3,desert
Zion,ZION,UT,2010,1,January,2010-01-01,205263,58,0.7,37.3,desert
Zion,ZION,UT,2010,2,February,2010-02-01,221553,61,0.7,37.3,desert
Zion,ZION,UT,2010,3,March,2010-03-01,250877,68,0.8,37.3,desert
Zion,ZION,UT,2010,4,April,2010-04-01,228070,76,0.9,37.3,desert
Zion,ZION,UT,2010,5,May,2010-05-01,219924,81,1.1,37.3,desert
Zion,ZION,UT,2010,6,June,2010-06-01,131140,85,1,37.3,desert
Zion,ZION,UT,2010,7,July,2010-07-01,91228,87,0.9,37.3,desert
Zion,ZION,UT,2010,8,August,2010-08-01,105890,87,0.9,37.3,desert
Zion,ZION,UT,2010,9,September,2010-09-01,205263,85,0.9,37.3,desert
Zion,ZION,UT,2010,10,October,2010-10-01,304636,78,0.9,37.3,desert
Zion,ZION,UT,2010,11,November,2010-11-01,342105,69,0.9,37.3,desert
Zion,ZION,UT,2010,12,December,2010-12-01,360024,62,0.8,37.3,desert
Zion,ZION,UT,2011,1,January,2011-01-01,217546,58,0.7,37.3,desert
Zion,ZION,UT,2011,2,February,2011-02-01,234811,61,0.7,37.3,desert
Zion,ZION,UT,2011,3,March,2011-03-01,265889,68,0.8,37.3,desert
Zion,ZION,UT,2011,4,April,2011-04-01,241718,76,0.9,37.3,desert
Zion,ZION,UT,2011,5,May,2011-05-01,233085,81,1.1,37.3,desert
Zion,ZION,UT,2011,6,June,2011-06-01,138988,85,1,37.3,desert
Zion,ZION,UT,2011,7,July,2011-07-01,96687,87,0.9,37.3,desert
Zion,ZION,UT,2011,8,August,2011-08-01,112226,87,0.9,37.3,desert
Zion,ZION,UT,2011,9,September,2011-09-01,217546,85,0.9,37.3,desert
Zion,ZION,UT,2011,10,October,2011-10-01,322866,78,0.9,37.3,desert
Zion,ZION,UT,2011,11,November,2011-11-01,362576,69,0.9,37.3,desert
Zion,ZION,UT,2011,12,December,2011-12-01,381568,62,0.8,37.3,desert
Zion,ZION,UT,2012,1,January,2012-01-01,228949,58,0.7,37.3,desert
Zion,ZION,UT,2012,2,February,2012-02-01,247119,61,0.7,37.3,desert
Zion,ZION,UT,2012,3,March,2012-03-01,279826,68,0.8,37.3,desert
Zion,ZION,UT,2012,4,April,2012-04-01,254387,76,0.9,37.3,desert
Zion,ZION,UT,2012,5,May,2012-05-01,245302,81,1.1,37.3,desert
Zion,ZION,UT,2012,6,June,2012-06-01,146273,85,1,37.3,desert
Zion,ZION,UT,2012,7,July,2012-07-01,101755,87,0.9,37.3,desert
Zion,ZION,UT,2012,8,August,2012-08-01,118108,87,0.9,37.3,desert
Zion,ZION,UT,2012,9,September,2012-09-01,228949,85,0.9,37.3,desert
Zion,ZION,UT,2012,10,October,2012-10-01,339789,78,0.9,37.3,desert
Zion,ZION,UT,2012,11,November,2012-11-01,381581,69,0.9,37.3,desert
Zion,ZION,UT,2012,12,December,2012-12-01,401569,62,0.8,37.3,desert
Zion,ZION,UT,2013,1,January,2013-01-01,216151,58,0.7,37.3,desert
Zion,ZION,UT,2013,2,February,2013-02-01,233306,61,0.7,37.3,desert
Zion,ZION,UT,2013,3,March,2013-03-01,264184,68,0.8,37.3,desert
Zion,ZION,UT,2013,4,April,2013-04-01,240168,76,0.9,37.3,desert
Zion,ZION,UT,2013,5,May,2013-05-01,231590,81,1.1,37.3,desert
Zion,ZION,UT,2013,6,June,2013-06-01,138096,85,1,37.3,desert
Zion,ZION,UT,2013,7,July,2013-07-01,96067,87,0.9,37.3,desert
Zion,ZION,UT,2013,8,August,2013-08-01,111506,87,0.9,37.3,desert
Zion,ZION,UT,2013,9,September,2013-09-01,216151,85,0.9,37.3,desert
Zion,ZION,UT,2013,10,October,2013-10-01,320795,78,0.9,37.3,desert
Zion,ZION,UT,2013,11,November,2013-11-01,360251,69,0.9,37.3,desert
Zion,ZION,UT,2013,12,December,2013-12-01,379122,62,0.8,37.3,desert
Zion,ZION,UT,2014,1,January,2014-01-01,245586,58,0.7,37.3,desert
Zion,ZION,UT,2014,2,February,2014-02-01,265077,61,0.7,37.3,desert
Zion,ZION,UT,2014,3,March,2014-03-01,300161,68,0.8,37.3,desert
Zion,ZION,UT,2014,4,April,2014-04-01,272873,76,0.9,37.3,desert
Zion,ZION,UT,2014,5,May,2014-05-01,263128,81,1.1,37.3,desert
Zion,ZION,UT,2014,6,June,2014-06-01,156902,85,1,37.3,desert
Zion,ZION,UT,2014,7,July,2014-07-01,109149,87,0.9,37.3,desert
Zion,ZION,UT,2014,8,August,2014-08-01,126691,87,0.9,37.3,desert
Zion,ZION,UT,2014,9,September,2014-09-01,245586,85,0.9,37.3,desert
Zion,ZION,UT,2014,10,October,2014-10-01,364481,78,0.9,37.3,desert
Zion,ZION,UT,2014,11,November,2014-11-01,409310,69,0.9,37.3,desert
Zion,ZION,UT,2014,12,December,2014-12-01,430750,62,0.8,37.3,desert
Zion,ZION,UT,2015,1,January,2015-01-01,280938,58,0.7,37.3,desert
Zion,ZION,UT,2015,2,February,2015-02-01,303234,61,0.7,37.3,desert
Zion,ZION,UT,2015,3,March,2015-03-01,343368,68,0.8,37.3,desert
Zion,ZION,UT,2015,4,April,2015-04-01,312153,76,0.9,37.3,desert
Zion,ZION,UT,2015,5,May,2015-05-01,301005,81,1.1,37.3,desert
Zion,ZION,UT,2015,6,June,2015-06-01,179488,85,1,37.3,desert
Zion,ZION,UT,2015,7,July,2015-07-01,124861,87,0.9,37.3,desert
Zion,ZION,UT,2015,8,August,2015-08-01,144928,87,0.9,37.3,desert
Zion,ZION,UT,2015,9,September,2015-09-01,280938,85,0.9,37.3,desert
Zion,ZION,UT,2015,10,October,2015-10-01,416947,78,0.9,37.3,desert
Zion,ZION,UT,2015,11,November,2015-11-01,468230,69,0.9,37.3,desert
Zion,ZION,UT,2015,12,December,2015-12-01,492756,62,0.8,37.3,desert
Zion,ZION,UT,2016,1,January,2016-01-01,330697,58,0.7,37.3,desert
Zion,ZION,UT,2016,2,February,2016-02-01,356943,61,0.7,37.3,desert
Zion,ZION,UT,2016,3,March,2016-03-01,404185,68,0.8,37.3,desert
Zion,ZION,UT,2016,4,April,2016-04-01,367441,76,0.9,37.3,desert
Zion,ZION,UT,2016,5,May,2016-05-01,354318,81,1.1,37.3,desert
Zion,ZION,UT,2016,6,June,2016-06-01,211279,85,1,37.3,desert
Zion,ZION,UT,2016,7,July,2016-07-01,146977,87,0.9,37.3,desert
Zion,ZION,UT,2016,8,August,2016-08-01,170598,87,0.9,37.3,desert
Zion,ZION,UT,2016,9,September,2016-09-01,330697,85,0.9,37.3,desert
Zion,ZION,UT,2016,10,October,2016-10-01,490797,78,0.9,37.3,desert
Zion,ZION,UT,2016,11,November,2016-11-01,551162,69,0.9,37.3,desert
Zion,ZION,UT,2016,12,December,2016-12-01,580032,62,0.8,37.3,desert
NA,ACAD,ME,2007,1,January,2007-01-01,54916,20.1,2.1,44.34,northern
NA,BIBE,TX,2007,1,January,2007-01-01,12770,NA,2.1,NA,NA
NA,EVER,FL,2007,1,January,2007-01-01,63572,66.8,4.8,25.29,tropical
NA,GRSM,NC,2007,1,January,2007-01-01,328029,39,2.1,35.6,southern
NA,ISRO,MI,2007,1,January,2007-01-01,559,NA,2.1,NA,NA
NA,REDW,CA,2007,1,January,2007-01-01,13481,NA,2.1,NA,NA
NA,SHEN,VA,2007,1,January,2007-01-01,38753,NA,2.1,NA,NA
NA,ACAD,ME,2007,2,February,2007-02-01,65765,24.2,1.9,44.34,northern
NA,BIBE,TX,2007,2,February,2007-02-01,14594,NA,1.9,NA,NA
NA,EVER,FL,2007,2,February,2007-02-01,68113,69.2,4.4,25.29,tropical
NA,GRSM,NC,2007,2,February,2007-02-01,374890,42,1.9,35.6,southern
NA,ISRO,MI,2007,2,February,2007-02-01,639,NA,1.9,NA,NA
NA,REDW,CA,2007,2,February,2007-02-01,15407,NA,1.9,NA,NA
NA,SHEN,VA,2007,2,February,2007-02-01,44289,NA,1.9,NA,NA
NA,ACAD,ME,2007,3,March,2007-03-01,101088,36.5,2.4,44.34,northern
NA,BIBE,TX,2007,3,March,2007-03-01,20067,NA,2.4,NA,NA
NA,EVER,FL,2007,3,March,2007-03-01,74924,76.4,5.5,25.29,tropical
NA,GRSM,NC,2007,3,March,2007-03-01,515474,51,2.4,35.6,southern
NA,ISRO,MI,2007,3,March,2007-03-01,879,NA,2.4,NA,NA
NA,REDW,CA,2007,3,March,2007-03-01,21184,NA,2.4,NA,NA
NA,SHEN,VA,2007,3,March,2007-03-01,60897,NA,2.4,NA,NA
NA,ACAD,ME,2007,4,April,2007-04-01,139989,51.4,2.7,44.34,northern
NA,BIBE,TX,2007,4,April,2007-04-01,25540,NA,2.7,NA,NA
NA,EVER,FL,2007,4,April,2007-04-01,79465,85.2,6.2,25.29,tropical
NA,GRSM,NC,2007,4,April,2007-04-01,656058,62,2.7,35.6,southern
NA,ISRO,MI,2007,4,April,2007-04-01,1118,NA,2.7,NA,NA
NA,REDW,CA,2007,4,April,2007-04-01,26962,NA,2.7,NA,NA
NA,SHEN,VA,2007,4,April,2007-04-01,77506,NA,2.7,NA,NA
NA,ACAD,ME,2007,5,May,2007-05-01,196534,65.8,3.1,44.34,northern
NA,BIBE,TX,2007,5,May,2007-05-01,32837,NA,3.1,NA,NA
NA,EVER,FL,2007,5,May,2007-05-01,81735,93.2,7.1,25.29,tropical
NA,GRSM,NC,2007,5,May,2007-05-01,843503,72,3.1,35.6,southern
NA,ISRO,MI,2007,5,May,2007-05-01,1438,NA,3.1,NA,NA
NA,REDW,CA,2007,5,May,2007-05-01,34665,NA,3.1,NA,NA
NA,SHEN,VA,2007,5,May,2007-05-01,99650,NA,3.1,NA,NA
NA,ACAD,ME,2007,6,June,2007-06-01,273623,78.6,3,44.34,northern
NA,BIBE,TX,2007,6,June,2007-06-01,41958,NA,3,NA,NA
NA,EVER,FL,2007,6,June,2007-06-01,84857,100.4,6.9,25.29,tropical
NA,GRSM,NC,2007,6,June,2007-06-01,1077809,81,3,35.6,southern
NA,ISRO,MI,2007,6,June,2007-06-01,1837,NA,3,NA,NA
NA,REDW,CA,2007,6,June,2007-06-01,44295,NA,3,NA,NA
NA,SHEN,VA,2007,6,June,2007-06-01,127331,NA,3,NA,NA
NA,ACAD,ME,2007,7,July,2007-07-01,356848,86.3,2.7,44.34,northern
NA,BIBE,TX,2007,7,July,2007-07-01,51080,NA,2.7,NA,NA
NA,EVER,FL,2007,7,July,2007-07-01,95358,104.4,6.2,25.29,tropical
NA,GRSM,NC,2007,7,July,2007-07-01,1312115,86,2.7,35.6,southern
NA,ISRO,MI,2007,7,July,2007-07-01,2236,NA,2.7,NA,NA
NA,REDW,CA,2007,7,July,2007-07-01,53924,NA,2.7,NA,NA
NA,SHEN,VA,2007,7,July,2007-07-01,155012,NA,2.7,NA,NA
NA,ACAD,ME,2007,8,August,2007-08-01,322875,83.8,2.6,44.34,northern
NA,BIBE,TX,2007,8,August,2007-08-01,47431,NA,2.6,NA,NA
NA,EVER,FL,2007,8,August,2007-08-01,95926,102.8,6,25.29,tropical
NA,GRSM,NC,2007,8,August,2007-08-01,1218393,84,2.6,35.6,southern
NA,ISRO,MI,2007,8,August,2007-08-01,2076,NA,2.6,NA,NA
NA,REDW,CA,2007,8,August,2007-08-01,50072,NA,2.6,NA,NA
NA,SHEN,VA,2007,8,August,2007-08-01,143940,NA,2.6,NA,NA
NA,ACAD,ME,2007,9,September,2007-09-01,242001,72,2.5,44.34,northern
NA,BIBE,TX,2007,9,September,2007-09-01,38310,NA,2.5,NA,NA
NA,EVER,FL,2007,9,September,2007-09-01,95358,96.4,5.8,25.29,tropical
NA,GRSM,NC,2007,9,September,2007-09-01,984087,76,2.5,35.6,southern
NA,ISRO,MI,2007,9,September,2007-09-01,1677,NA,2.5,NA,NA
NA,REDW,CA,2007,9,September,2007-09-01,40443,NA,2.5,NA,NA
NA,SHEN,VA,2007,9,September,2007-09-01,116259,NA,2.5,NA,NA
NA,ACAD,ME,2007,10,October,2007-10-01,181939,55.5,2.5,44.34,northern
NA,BIBE,TX,2007,10,October,2007-10-01,31013,NA,2.5,NA,NA
NA,EVER,FL,2007,10,October,2007-10-01,106143,86.8,5.8,25.29,tropical
NA,GRSM,NC,2007,10,October,2007-10-01,796642,64,2.5,35.6,southern
NA,ISRO,MI,2007,10,October,2007-10-01,1358,NA,2.5,NA,NA
NA,REDW,CA,2007,10,October,2007-10-01,32740,NA,2.5,NA,NA
NA,SHEN,VA,2007,10,October,2007-10-01,94114,NA,2.5,NA,NA
NA,ACAD,ME,2007,11,November,2007-11-01,139989,37,2.5,44.34,northern
NA,BIBE,TX,2007,11,November,2007-11-01,25540,NA,2.5,NA,NA
NA,EVER,FL,2007,11,November,2007-11-01,111251,76.4,5.8,25.29,tropical
NA,GRSM,NC,2007,11,November,2007-11-01,656058,51,2.5,35.6,southern
NA,ISRO,MI,2007,11,November,2007-11-01,1118,NA,2.5,NA,NA
NA,REDW,CA,2007,11,November,2007-11-01,26962,NA,2.5,NA,NA
NA,SHEN,VA,2007,11,November,2007-11-01,77506,NA,2.5,NA,NA
NA,ACAD,ME,2007,12,December,2007-12-01,126661,24.2,2.3,44.34,northern
NA,BIBE,TX,2007,12,December,2007-12-01,23716,NA,2.3,NA,NA
NA,EVER,FL,2007,12,December,2007-12-01,118062,69.2,5.3,25.29,tropical
NA,GRSM,NC,2007,12,December,2007-12-01,609196,42,2.3,35.6,southern
NA,ISRO,MI,2007,12,December,2007-12-01,1038,NA,2.3,NA,NA
NA,REDW,CA,2007,12,December,2007-12-01,25036,NA,2.3,NA,NA
NA,SHEN,VA,2007,12,December,2007-12-01,71970,NA,2.3,NA,NA
NA,ACAD,ME,2008,1,January,2008-01-01,51765,20.1,2.1,44.34,northern
NA,BIBE,TX,2008,1,January,2008-01-01,12688,NA,2.1,NA,NA
NA,EVER,FL,2008,1,January,2008-01-01,48628,66.8,4.8,25.29,tropical
NA,GRSM,NC,2008,1,January,2008-01-01,316540,39,2.1,35.6,southern
NA,ISRO,MI,2008,1,January,2008-01-01,491,NA,2.1,NA,NA
NA,REDW,CA,2008,1,January,2008-01-01,13891,NA,2.1,NA,NA
NA,SHEN,VA,2008,1,January,2008-01-01,37656,NA,2.1,NA,NA
NA,ACAD,ME,2008,2,February,2008-02-01,61991,24.2,1.9,44.34,northern
NA,BIBE,TX,2008,2,February,2008-02-01,14500,NA,1.9,NA,NA
NA,EVER,FL,2008,2,February,2008-02-01,52101,69.2,4.4,25.29,tropical
NA,GRSM,NC,2008,2,February,2008-02-01,361760,42,1.9,35.6,southern
NA,ISRO,MI,2008,2,February,2008-02-01,562,NA,1.9,NA,NA
NA,REDW,CA,2008,2,February,2008-02-01,15876,NA,1.9,NA,NA
NA,SHEN,VA,2008,2,February,2008-02-01,43035,NA,1.9,NA,NA
NA,ACAD,ME,2008,3,March,2008-03-01,95287,36.5,2.4,44.34,northern
NA,BIBE,TX,2008,3,March,2008-03-01,19938,NA,2.4,NA,NA
NA,EVER,FL,2008,3,March,2008-03-01,57312,76.4,5.5,25.29,tropical
NA,GRSM,NC,2008,3,March,2008-03-01,497421,51,2.4,35.6,southern
NA,ISRO,MI,2008,3,March,2008-03-01,772,NA,2.4,NA,NA
NA,REDW,CA,2008,3,March,2008-03-01,21829,NA,2.4,NA,NA
NA,SHEN,VA,2008,3,March,2008-03-01,59173,NA,2.4,NA,NA
NA,ACAD,ME,2008,4,April,2008-04-01,131956,51.4,2.7,44.34,northern
NA,BIBE,TX,2008,4,April,2008-04-01,25376,NA,2.7,NA,NA
NA,EVER,FL,2008,4,April,2008-04-01,60785,85.2,6.2,25.29,tropical
NA,GRSM,NC,2008,4,April,2008-04-01,633081,62,2.7,35.6,southern
NA,ISRO,MI,2008,4,April,2008-04-01,983,NA,2.7,NA,NA
NA,REDW,CA,2008,4,April,2008-04-01,27783,NA,2.7,NA,NA
NA,SHEN,VA,2008,4,April,2008-04-01,75311,NA,2.7,NA,NA
NA,ACAD,ME,2008,5,May,2008-05-01,185256,65.8,3.1,44.34,northern
NA,BIBE,TX,2008,5,May,2008-05-01,32626,NA,3.1,NA,NA
NA,EVER,FL,2008,5,May,2008-05-01,62522,93.2,7.1,25.29,tropical
NA,GRSM,NC,2008,5,May,2008-05-01,813961,72,3.1,35.6,southern
NA,ISRO,MI,2008,5,May,2008-05-01,1263,NA,3.1,NA,NA
NA,REDW,CA,2008,5,May,2008-05-01,35721,NA,3.1,NA,NA
NA,SHEN,VA,2008,5,May,2008-05-01,96829,NA,3.1,NA,NA
NA,ACAD,ME,2008,6,June,2008-06-01,257922,78.6,3,44.34,northern
NA,BIBE,TX,2008,6,June,2008-06-01,41689,NA,3,NA,NA
NA,EVER,FL,2008,6,June,2008-06-01,64910,100.4,6.9,25.29,tropical
NA,GRSM,NC,2008,6,June,2008-06-01,1040061,81,3,35.6,southern
NA,ISRO,MI,2008,6,June,2008-06-01,1614,NA,3,NA,NA
NA,REDW,CA,2008,6,June,2008-06-01,45643,NA,3,NA,NA
NA,SHEN,VA,2008,6,June,2008-06-01,123726,NA,3,NA,NA
NA,ACAD,ME,2008,7,July,2008-07-01,336371,86.3,2.7,44.34,northern
NA,BIBE,TX,2008,7,July,2008-07-01,50752,NA,2.7,NA,NA
NA,EVER,FL,2008,7,July,2008-07-01,72942,104.4,6.2,25.29,tropical
NA,GRSM,NC,2008,7,July,2008-07-01,1266161,86,2.7,35.6,southern
NA,ISRO,MI,2008,7,July,2008-07-01,1965,NA,2.7,NA,NA
NA,REDW,CA,2008,7,July,2008-07-01,55566,NA,2.7,NA,NA
NA,SHEN,VA,2008,7,July,2008-07-01,150623,NA,2.7,NA,NA
NA,ACAD,ME,2008,8,August,2008-08-01,304347,83.8,2.6,44.34,northern
NA,BIBE,TX,2008,8,August,2008-08-01,47127,NA,2.6,NA,NA
NA,EVER,FL,2008,8,August,2008-08-01,73376,102.8,6,25.29,tropical
NA,GRSM,NC,2008,8,August,2008-08-01,1175721,84,2.6,35.6,southern
NA,ISRO,MI,2008,8,August,2008-08-01,1825,NA,2.6,NA,NA
NA,REDW,CA,2008,8,August,2008-08-01,51597,NA,2.6,NA,NA
NA,SHEN,VA,2008,8,August,2008-08-01,139864,NA,2.6,NA,NA
NA,ACAD,ME,2008,9,September,2008-09-01,228114,72,2.5,44.34,northern
NA,BIBE,TX,2008,9,September,2008-09-01,38064,NA,2.5,NA,NA
NA,EVER,FL,2008,9,September,2008-09-01,72942,96.4,5.8,25.29,tropical
NA,GRSM,NC,2008,9,September,2008-09-01,949621,76,2.5,35.6,southern
NA,ISRO,MI,2008,9,September,2008-09-01,1474,NA,2.5,NA,NA
NA,REDW,CA,2008,9,September,2008-09-01,41674,NA,2.5,NA,NA
NA,SHEN,VA,2008,9,September,2008-09-01,112967,NA,2.5,NA,NA
NA,ACAD,ME,2008,10,October,2008-10-01,171499,55.5,2.5,44.34,northern
NA,BIBE,TX,2008,10,October,2008-10-01,30814,NA,2.5,NA,NA
NA,EVER,FL,2008,10,October,2008-10-01,81191,86.8,5.8,25.29,tropical
NA,GRSM,NC,2008,10,October,2008-10-01,768741,64,2.5,35.6,southern
NA,ISRO,MI,2008,10,October,2008-10-01,1193,NA,2.5,NA,NA
NA,REDW,CA,2008,10,October,2008-10-01,33736,NA,2.5,NA,NA
NA,SHEN,VA,2008,10,October,2008-10-01,91450,NA,2.5,NA,NA
NA,ACAD,ME,2008,11,November,2008-11-01,131956,37,2.5,44.34,northern
NA,BIBE,TX,2008,11,November,2008-11-01,25376,NA,2.5,NA,NA
NA,EVER,FL,2008,11,November,2008-11-01,85099,76.4,5.8,25.29,tropical
NA,GRSM,NC,2008,11,November,2008-11-01,633081,51,2.5,35.6,southern
NA,ISRO,MI,2008,11,November,2008-11-01,983,NA,2.5,NA,NA
NA,REDW,CA,2008,11,November,2008-11-01,27783,NA,2.5,NA,NA
NA,SHEN,VA,2008,11,November,2008-11-01,75311,NA,2.5,NA,NA
NA,ACAD,ME,2008,12,December,2008-12-01,119393,24.2,2.3,44.34,northern
NA,BIBE,TX,2008,12,December,2008-12-01,23563,NA,2.3,NA,NA
NA,EVER,FL,2008,12,December,2008-12-01,90309,69.2,5.3,25.29,tropical
NA,GRSM,NC,2008,12,December,2008-12-01,587861,42,2.3,35.6,southern
NA,ISRO,MI,2008,12,December,2008-12-01,912,NA,2.3,NA,NA
NA,REDW,CA,2008,12,December,2008-12-01,25798,NA,2.3,NA,NA
NA,SHEN,VA,2008,12,December,2008-12-01,69932,NA,2.3,NA,NA
NA,ACAD,ME,2009,1,January,2009-01-01,55552,20.1,2.1,44.34,northern
NA,BIBE,TX,2009,1,January,2009-01-01,12737,NA,2.1,NA,NA
NA,EVER,FL,2009,1,January,2009-01-01,53287,66.8,4.8,25.29,tropical
NA,GRSM,NC,2009,1,January,2009-01-01,332200,39,2.1,35.6,southern
NA,ISRO,MI,2009,1,January,2009-01-01,513,NA,2.1,NA,NA
NA,REDW,CA,2009,1,January,2009-01-01,15555,NA,2.1,NA,NA
NA,SHEN,VA,2009,1,January,2009-01-01,39234,NA,2.1,NA,NA
NA,ACAD,ME,2009,2,February,2009-02-01,66525,24.2,1.9,44.34,northern
NA,BIBE,TX,2009,2,February,2009-02-01,14556,NA,1.9,NA,NA
NA,EVER,FL,2009,2,February,2009-02-01,57093,69.2,4.4,25.29,tropical
NA,GRSM,NC,2009,2,February,2009-02-01,379657,42,1.9,35.6,southern
NA,ISRO,MI,2009,2,February,2009-02-01,586,NA,1.9,NA,NA
NA,REDW,CA,2009,2,February,2009-02-01,17777,NA,1.9,NA,NA
NA,SHEN,VA,2009,2,February,2009-02-01,44839,NA,1.9,NA,NA
NA,ACAD,ME,2009,3,March,2009-03-01,102257,36.5,2.4,44.34,northern
NA,BIBE,TX,2009,3,March,2009-03-01,20015,NA,2.4,NA,NA
NA,EVER,FL,2009,3,March,2009-03-01,62802,76.4,5.5,25.29,tropical
NA,GRSM,NC,2009,3,March,2009-03-01,522029,51,2.4,35.6,southern
NA,ISRO,MI,2009,3,March,2009-03-01,806,NA,2.4,NA,NA
NA,REDW,CA,2009,3,March,2009-03-01,24443,NA,2.4,NA,NA
NA,SHEN,VA,2009,3,March,2009-03-01,61654,NA,2.4,NA,NA
NA,ACAD,ME,2009,4,April,2009-04-01,141608,51.4,2.7,44.34,northern
NA,BIBE,TX,2009,4,April,2009-04-01,25473,NA,2.7,NA,NA
NA,EVER,FL,2009,4,April,2009-04-01,66609,85.2,6.2,25.29,tropical
NA,GRSM,NC,2009,4,April,2009-04-01,664401,62,2.7,35.6,southern
NA,ISRO,MI,2009,4,April,2009-04-01,1026,NA,2.7,NA,NA
NA,REDW,CA,2009,4,April,2009-04-01,31110,NA,2.7,NA,NA
NA,SHEN,VA,2009,4,April,2009-04-01,78469,NA,2.7,NA,NA
NA,ACAD,ME,2009,5,May,2009-05-01,198807,65.8,3.1,44.34,northern
NA,BIBE,TX,2009,5,May,2009-05-01,32751,NA,3.1,NA,NA
NA,EVER,FL,2009,5,May,2009-05-01,68512,93.2,7.1,25.29,tropical
NA,GRSM,NC,2009,5,May,2009-05-01,854229,72,3.1,35.6,southern
NA,ISRO,MI,2009,5,May,2009-05-01,1319,NA,3.1,NA,NA
NA,REDW,CA,2009,5,May,2009-05-01,39998,NA,3.1,NA,NA
NA,SHEN,VA,2009,5,May,2009-05-01,100888,NA,3.1,NA,NA
NA,ACAD,ME,2009,6,June,2009-06-01,276788,78.6,3,44.34,northern
NA,BIBE,TX,2009,6,June,2009-06-01,41849,NA,3,NA,NA
NA,EVER,FL,2009,6,June,2009-06-01,71129,100.4,6.9,25.29,tropical
NA,GRSM,NC,2009,6,June,2009-06-01,1091515,81,3,35.6,southern
NA,ISRO,MI,2009,6,June,2009-06-01,1685,NA,3,NA,NA
NA,REDW,CA,2009,6,June,2009-06-01,51109,NA,3,NA,NA
NA,SHEN,VA,2009,6,June,2009-06-01,128913,NA,3,NA,NA
NA,ACAD,ME,2009,7,July,2009-07-01,360975,86.3,2.7,44.34,northern
NA,BIBE,TX,2009,7,July,2009-07-01,50947,NA,2.7,NA,NA
NA,EVER,FL,2009,7,July,2009-07-01,79930,104.4,6.2,25.29,tropical
NA,GRSM,NC,2009,7,July,2009-07-01,1328801,86,2.7,35.6,southern
NA,ISRO,MI,2009,7,July,2009-07-01,2051,NA,2.7,NA,NA
NA,REDW,CA,2009,7,July,2009-07-01,62220,NA,2.7,NA,NA
NA,SHEN,VA,2009,7,July,2009-07-01,156937,NA,2.7,NA,NA
NA,ACAD,ME,2009,8,August,2009-08-01,326609,83.8,2.6,44.34,northern
NA,BIBE,TX,2009,8,August,2009-08-01,47308,NA,2.6,NA,NA
NA,EVER,FL,2009,8,August,2009-08-01,80406,102.8,6,25.29,tropical
NA,GRSM,NC,2009,8,August,2009-08-01,1233887,84,2.6,35.6,southern
NA,ISRO,MI,2009,8,August,2009-08-01,1905,NA,2.6,NA,NA
NA,REDW,CA,2009,8,August,2009-08-01,57775,NA,2.6,NA,NA
NA,SHEN,VA,2009,8,August,2009-08-01,145728,NA,2.6,NA,NA
NA,ACAD,ME,2009,9,September,2009-09-01,244799,72,2.5,44.34,northern
NA,BIBE,TX,2009,9,September,2009-09-01,38210,NA,2.5,NA,NA
NA,EVER,FL,2009,9,September,2009-09-01,79930,96.4,5.8,25.29,tropical
NA,GRSM,NC,2009,9,September,2009-09-01,996601,76,2.5,35.6,southern
NA,ISRO,MI,2009,9,September,2009-09-01,1539,NA,2.5,NA,NA
NA,REDW,CA,2009,9,September,2009-09-01,46665,NA,2.5,NA,NA
NA,SHEN,VA,2009,9,September,2009-09-01,117703,NA,2.5,NA,NA
NA,ACAD,ME,2009,10,October,2009-10-01,184043,55.5,2.5,44.34,northern
NA,BIBE,TX,2009,10,October,2009-10-01,30932,NA,2.5,NA,NA
NA,EVER,FL,2009,10,October,2009-10-01,88970,86.8,5.8,25.29,tropical
NA,GRSM,NC,2009,10,October,2009-10-01,806772,64,2.5,35.6,southern
NA,ISRO,MI,2009,10,October,2009-10-01,1246,NA,2.5,NA,NA
NA,REDW,CA,2009,10,October,2009-10-01,37776,NA,2.5,NA,NA
NA,SHEN,VA,2009,10,October,2009-10-01,95283,NA,2.5,NA,NA
NA,ACAD,ME,2009,11,November,2009-11-01,141608,37,2.5,44.34,northern
NA,BIBE,TX,2009,11,November,2009-11-01,25473,NA,2.5,NA,NA
NA,EVER,FL,2009,11,November,2009-11-01,93252,76.4,5.8,25.29,tropical
NA,GRSM,NC,2009,11,November,2009-11-01,664401,51,2.5,35.6,southern
NA,ISRO,MI,2009,11,November,2009-11-01,1026,NA,2.5,NA,NA
NA,REDW,CA,2009,11,November,2009-11-01,31110,NA,2.5,NA,NA
NA,SHEN,VA,2009,11,November,2009-11-01,78469,NA,2.5,NA,NA
NA,ACAD,ME,2009,12,December,2009-12-01,128126,24.2,2.3,44.34,northern
NA,BIBE,TX,2009,12,December,2009-12-01,23654,NA,2.3,NA,NA
NA,EVER,FL,2009,12,December,2009-12-01,98961,69.2,5.3,25.29,tropical
NA,GRSM,NC,2009,12,December,2009-12-01,616943,42,2.3,35.6,southern
NA,ISRO,MI,2009,12,December,2009-12-01,952,NA,2.3,NA,NA
NA,REDW,CA,2009,12,December,2009-12-01,28888,NA,2.3,NA,NA
NA,SHEN,VA,2009,12,December,2009-12-01,72864,NA,2.3,NA,NA
NA,ACAD,ME,2010,1,January,2010-01-01,62447,20.1,2.1,44.34,northern
NA,BIBE,TX,2010,1,January,2010-01-01,13032,NA,2.1,NA,NA
NA,EVER,FL,2010,1,January,2010-01-01,54154,66.8,4.8,25.29,tropical
NA,GRSM,NC,2010,1,January,2010-01-01,331224,39,2.1,35.6,southern
NA,ISRO,MI,2010,1,January,2010-01-01,553,NA,2.1,NA,NA
NA,REDW,CA,2010,1,January,2010-01-01,14659,NA,2.1,NA,NA
NA,SHEN,VA,2010,1,January,2010-01-01,43869,NA,2.1,NA,NA
NA,ACAD,ME,2010,2,February,2010-02-01,74782,24.2,1.9,44.34,northern
NA,BIBE,TX,2010,2,February,2010-02-01,14893,NA,1.9,NA,NA
NA,EVER,FL,2010,2,February,2010-02-01,58022,69.2,4.4,25.29,tropical
NA,GRSM,NC,2010,2,February,2010-02-01,378542,42,1.9,35.6,southern
NA,ISRO,MI,2010,2,February,2010-02-01,632,NA,1.9,NA,NA
NA,REDW,CA,2010,2,February,2010-02-01,16753,NA,1.9,NA,NA
NA,SHEN,VA,2010,2,February,2010-02-01,50135,NA,1.9,NA,NA
NA,ACAD,ME,2010,3,March,2010-03-01,114950,36.5,2.4,44.34,northern
NA,BIBE,TX,2010,3,March,2010-03-01,20478,NA,2.4,NA,NA
NA,EVER,FL,2010,3,March,2010-03-01,63824,76.4,5.5,25.29,tropical
NA,GRSM,NC,2010,3,March,2010-03-01,520495,51,2.4,35.6,southern
NA,ISRO,MI,2010,3,March,2010-03-01,869,NA,2.4,NA,NA
NA,REDW,CA,2010,3,March,2010-03-01,23035,NA,2.4,NA,NA
NA,SHEN,VA,2010,3,March,2010-03-01,68936,NA,2.4,NA,NA
NA,ACAD,ME,2010,4,April,2010-04-01,159185,51.4,2.7,44.34,northern
NA,BIBE,TX,2010,4,April,2010-04-01,26063,NA,2.7,NA,NA
NA,EVER,FL,2010,4,April,2010-04-01,67692,85.2,6.2,25.29,tropical
NA,GRSM,NC,2010,4,April,2010-04-01,662448,62,2.7,35.6,southern
NA,ISRO,MI,2010,4,April,2010-04-01,1106,NA,2.7,NA,NA
NA,REDW,CA,2010,4,April,2010-04-01,29317,NA,2.7,NA,NA
NA,SHEN,VA,2010,4,April,2010-04-01,87737,NA,2.7,NA,NA
NA,ACAD,ME,2010,5,May,2010-05-01,223484,65.8,3.1,44.34,northern
NA,BIBE,TX,2010,5,May,2010-05-01,33510,NA,3.1,NA,NA
NA,EVER,FL,2010,5,May,2010-05-01,69626,93.2,7.1,25.29,tropical
NA,GRSM,NC,2010,5,May,2010-05-01,851718,72,3.1,35.6,southern
NA,ISRO,MI,2010,5,May,2010-05-01,1421,NA,3.1,NA,NA
NA,REDW,CA,2010,5,May,2010-05-01,37694,NA,3.1,NA,NA
NA,SHEN,VA,2010,5,May,2010-05-01,112805,NA,3.1,NA,NA
NA,ACAD,ME,2010,6,June,2010-06-01,311144,78.6,3,44.34,northern
NA,BIBE,TX,2010,6,June,2010-06-01,42818,NA,3,NA,NA
NA,EVER,FL,2010,6,June,2010-06-01,72286,100.4,6.9,25.29,tropical
NA,GRSM,NC,2010,6,June,2010-06-01,1088307,81,3,35.6,southern
NA,ISRO,MI,2010,6,June,2010-06-01,1816,NA,3,NA,NA
NA,REDW,CA,2010,6,June,2010-06-01,48164,NA,3,NA,NA
NA,SHEN,VA,2010,6,June,2010-06-01,144139,NA,3,NA,NA
NA,ACAD,ME,2010,7,July,2010-07-01,405781,86.3,2.7,44.34,northern
NA,BIBE,TX,2010,7,July,2010-07-01,52126,NA,2.7,NA,NA
NA,EVER,FL,2010,7,July,2010-07-01,81231,104.4,6.2,25.29,tropical
NA,GRSM,NC,2010,7,July,2010-07-01,1324895,86,2.7,35.6,southern
NA,ISRO,MI,2010,7,July,2010-07-01,2211,NA,2.7,NA,NA
NA,REDW,CA,2010,7,July,2010-07-01,58635,NA,2.7,NA,NA
NA,SHEN,VA,2010,7,July,2010-07-01,175474,NA,2.7,NA,NA
NA,ACAD,ME,2010,8,August,2010-08-01,367149,83.8,2.6,44.34,northern
NA,BIBE,TX,2010,8,August,2010-08-01,48403,NA,2.6,NA,NA
NA,EVER,FL,2010,8,August,2010-08-01,81714,102.8,6,25.29,tropical
NA,GRSM,NC,2010,8,August,2010-08-01,1230260,84,2.6,35.6,southern
NA,ISRO,MI,2010,8,August,2010-08-01,2053,NA,2.6,NA,NA
NA,REDW,CA,2010,8,August,2010-08-01,54447,NA,2.6,NA,NA
NA,SHEN,VA,2010,8,August,2010-08-01,162940,NA,2.6,NA,NA
NA,ACAD,ME,2010,9,September,2010-09-01,275185,72,2.5,44.34,northern
NA,BIBE,TX,2010,9,September,2010-09-01,39095,NA,2.5,NA,NA
NA,EVER,FL,2010,9,September,2010-09-01,81231,96.4,5.8,25.29,tropical
NA,GRSM,NC,2010,9,September,2010-09-01,993671,76,2.5,35.6,southern
NA,ISRO,MI,2010,9,September,2010-09-01,1658,NA,2.5,NA,NA
NA,REDW,CA,2010,9,September,2010-09-01,43976,NA,2.5,NA,NA
NA,SHEN,VA,2010,9,September,2010-09-01,131606,NA,2.5,NA,NA
NA,ACAD,ME,2010,10,October,2010-10-01,206888,55.5,2.5,44.34,northern
NA,BIBE,TX,2010,10,October,2010-10-01,31648,NA,2.5,NA,NA
NA,EVER,FL,2010,10,October,2010-10-01,90418,86.8,5.8,25.29,tropical
NA,GRSM,NC,2010,10,October,2010-10-01,804401,64,2.5,35.6,southern
NA,ISRO,MI,2010,10,October,2010-10-01,1342,NA,2.5,NA,NA
NA,REDW,CA,2010,10,October,2010-10-01,35600,NA,2.5,NA,NA
NA,SHEN,VA,2010,10,October,2010-10-01,106538,NA,2.5,NA,NA
NA,ACAD,ME,2010,11,November,2010-11-01,159185,37,2.5,44.34,northern
NA,BIBE,TX,2010,11,November,2010-11-01,26063,NA,2.5,NA,NA
NA,EVER,FL,2010,11,November,2010-11-01,94769,76.4,5.8,25.29,tropical
NA,GRSM,NC,2010,11,November,2010-11-01,662448,51,2.5,35.6,southern
NA,ISRO,MI,2010,11,November,2010-11-01,1106,NA,2.5,NA,NA
NA,REDW,CA,2010,11,November,2010-11-01,29317,NA,2.5,NA,NA
NA,SHEN,VA,2010,11,November,2010-11-01,87737,NA,2.5,NA,NA
NA,ACAD,ME,2010,12,December,2010-12-01,144030,24.2,2.3,44.34,northern
NA,BIBE,TX,2010,12,December,2010-12-01,24201,NA,2.3,NA,NA
NA,EVER,FL,2010,12,December,2010-12-01,100571,69.2,5.3,25.29,tropical
NA,GRSM,NC,2010,12,December,2010-12-01,615130,42,2.3,35.6,southern
NA,ISRO,MI,2010,12,December,2010-12-01,1027,NA,2.3,NA,NA
NA,REDW,CA,2010,12,December,2010-12-01,27223,NA,2.3,NA,NA
NA,SHEN,VA,2010,12,December,2010-12-01,81470,NA,2.3,NA,NA
NA,ACAD,ME,2011,1,January,2011-01-01,59216,20.1,2.1,44.34,northern
NA,BIBE,TX,2011,1,January,2011-01-01,12665,NA,2.1,NA,NA
NA,EVER,FL,2011,1,January,2011-01-01,55267,66.8,4.8,25.29,tropical
NA,GRSM,NC,2011,1,January,2011-01-01,315309,39,2.1,35.6,southern
NA,ISRO,MI,2011,1,January,2011-01-01,556,NA,2.1,NA,NA
NA,REDW,CA,2011,1,January,2011-01-01,13306,NA,2.1,NA,NA
NA,SHEN,VA,2011,1,January,2011-01-01,42346,NA,2.1,NA,NA
NA,ACAD,ME,2011,2,February,2011-02-01,70913,24.2,1.9,44.34,northern
NA,BIBE,TX,2011,2,February,2011-02-01,14474,NA,1.9,NA,NA
NA,EVER,FL,2011,2,February,2011-02-01,59214,69.2,4.4,25.29,tropical
NA,GRSM,NC,2011,2,February,2011-02-01,360353,42,1.9,35.6,southern
NA,ISRO,MI,2011,2,February,2011-02-01,636,NA,1.9,NA,NA
NA,REDW,CA,2011,2,February,2011-02-01,15207,NA,1.9,NA,NA
NA,SHEN,VA,2011,2,February,2011-02-01,48395,NA,1.9,NA,NA
NA,ACAD,ME,2011,3,March,2011-03-01,109003,36.5,2.4,44.34,northern
NA,BIBE,TX,2011,3,March,2011-03-01,19902,NA,2.4,NA,NA
NA,EVER,FL,2011,3,March,2011-03-01,65136,76.4,5.5,25.29,tropical
NA,GRSM,NC,2011,3,March,2011-03-01,495486,51,2.4,35.6,southern
NA,ISRO,MI,2011,3,March,2011-03-01,874,NA,2.4,NA,NA
NA,REDW,CA,2011,3,March,2011-03-01,20909,NA,2.4,NA,NA
NA,SHEN,VA,2011,3,March,2011-03-01,66544,NA,2.4,NA,NA
NA,ACAD,ME,2011,4,April,2011-04-01,150949,51.4,2.7,44.34,northern
NA,BIBE,TX,2011,4,April,2011-04-01,25330,NA,2.7,NA,NA
NA,EVER,FL,2011,4,April,2011-04-01,69083,85.2,6.2,25.29,tropical
NA,GRSM,NC,2011,4,April,2011-04-01,630618,62,2.7,35.6,southern
NA,ISRO,MI,2011,4,April,2011-04-01,1112,NA,2.7,NA,NA
NA,REDW,CA,2011,4,April,2011-04-01,26612,NA,2.7,NA,NA
NA,SHEN,VA,2011,4,April,2011-04-01,84692,NA,2.7,NA,NA
NA,ACAD,ME,2011,5,May,2011-05-01,211921,65.8,3.1,44.34,northern
NA,BIBE,TX,2011,5,May,2011-05-01,32568,NA,3.1,NA,NA
NA,EVER,FL,2011,5,May,2011-05-01,71057,93.2,7.1,25.29,tropical
NA,GRSM,NC,2011,5,May,2011-05-01,810795,72,3.1,35.6,southern
NA,ISRO,MI,2011,5,May,2011-05-01,1430,NA,3.1,NA,NA
NA,REDW,CA,2011,5,May,2011-05-01,34215,NA,3.1,NA,NA
NA,SHEN,VA,2011,5,May,2011-05-01,108889,NA,3.1,NA,NA
NA,ACAD,ME,2011,6,June,2011-06-01,295046,78.6,3,44.34,northern
NA,BIBE,TX,2011,6,June,2011-06-01,41614,NA,3,NA,NA
NA,EVER,FL,2011,6,June,2011-06-01,73771,100.4,6.9,25.29,tropical
NA,GRSM,NC,2011,6,June,2011-06-01,1036015,81,3,35.6,southern
NA,ISRO,MI,2011,6,June,2011-06-01,1828,NA,3,NA,NA
NA,REDW,CA,2011,6,June,2011-06-01,43719,NA,3,NA,NA
NA,SHEN,VA,2011,6,June,2011-06-01,139137,NA,3,NA,NA
NA,ACAD,ME,2011,7,July,2011-07-01,384787,86.3,2.7,44.34,northern
NA,BIBE,TX,2011,7,July,2011-07-01,50661,NA,2.7,NA,NA
NA,EVER,FL,2011,7,July,2011-07-01,82900,104.4,6.2,25.29,tropical
NA,GRSM,NC,2011,7,July,2011-07-01,1261236,86,2.7,35.6,southern
NA,ISRO,MI,2011,7,July,2011-07-01,2225,NA,2.7,NA,NA
NA,REDW,CA,2011,7,July,2011-07-01,53223,NA,2.7,NA,NA
NA,SHEN,VA,2011,7,July,2011-07-01,169384,NA,2.7,NA,NA
NA,ACAD,ME,2011,8,August,2011-08-01,348153,83.8,2.6,44.34,northern
NA,BIBE,TX,2011,8,August,2011-08-01,47042,NA,2.6,NA,NA
NA,EVER,FL,2011,8,August,2011-08-01,83393,102.8,6,25.29,tropical
NA,GRSM,NC,2011,8,August,2011-08-01,1171148,84,2.6,35.6,southern
NA,ISRO,MI,2011,8,August,2011-08-01,2066,NA,2.6,NA,NA
NA,REDW,CA,2011,8,August,2011-08-01,49422,NA,2.6,NA,NA
NA,SHEN,VA,2011,8,August,2011-08-01,157285,NA,2.6,NA,NA
NA,ACAD,ME,2011,9,September,2011-09-01,260947,72,2.5,44.34,northern
NA,BIBE,TX,2011,9,September,2011-09-01,37996,NA,2.5,NA,NA
NA,EVER,FL,2011,9,September,2011-09-01,82900,96.4,5.8,25.29,tropical
NA,GRSM,NC,2011,9,September,2011-09-01,945927,76,2.5,35.6,southern
NA,ISRO,MI,2011,9,September,2011-09-01,1669,NA,2.5,NA,NA
NA,REDW,CA,2011,9,September,2011-09-01,39918,NA,2.5,NA,NA
NA,SHEN,VA,2011,9,September,2011-09-01,127038,NA,2.5,NA,NA
NA,ACAD,ME,2011,10,October,2011-10-01,196184,55.5,2.5,44.34,northern
NA,BIBE,TX,2011,10,October,2011-10-01,30758,NA,2.5,NA,NA
NA,EVER,FL,2011,10,October,2011-10-01,92275,86.8,5.8,25.29,tropical
NA,GRSM,NC,2011,10,October,2011-10-01,765751,64,2.5,35.6,southern
NA,ISRO,MI,2011,10,October,2011-10-01,1351,NA,2.5,NA,NA
NA,REDW,CA,2011,10,October,2011-10-01,32314,NA,2.5,NA,NA
NA,SHEN,VA,2011,10,October,2011-10-01,102840,NA,2.5,NA,NA
NA,ACAD,ME,2011,11,November,2011-11-01,150949,37,2.5,44.34,northern
NA,BIBE,TX,2011,11,November,2011-11-01,25330,NA,2.5,NA,NA
NA,EVER,FL,2011,11,November,2011-11-01,96717,76.4,5.8,25.29,tropical
NA,GRSM,NC,2011,11,November,2011-11-01,630618,51,2.5,35.6,southern
NA,ISRO,MI,2011,11,November,2011-11-01,1112,NA,2.5,NA,NA
NA,REDW,CA,2011,11,November,2011-11-01,26612,NA,2.5,NA,NA
NA,SHEN,VA,2011,11,November,2011-11-01,84692,NA,2.5,NA,NA
NA,ACAD,ME,2011,12,December,2011-12-01,136578,24.2,2.3,44.34,northern
NA,BIBE,TX,2011,12,December,2011-12-01,23521,NA,2.3,NA,NA
NA,EVER,FL,2011,12,December,2011-12-01,102638,69.2,5.3,25.29,tropical
NA,GRSM,NC,2011,12,December,2011-12-01,585574,42,2.3,35.6,southern
NA,ISRO,MI,2011,12,December,2011-12-01,1033,NA,2.3,NA,NA
NA,REDW,CA,2011,12,December,2011-12-01,24711,NA,2.3,NA,NA
NA,SHEN,VA,2011,12,December,2011-12-01,78642,NA,2.3,NA,NA
NA,ACAD,ME,2012,1,January,2012-01-01,60623,20.1,2.1,44.34,northern
NA,BIBE,TX,2012,1,January,2012-01-01,10222,NA,2.1,NA,NA
NA,EVER,FL,2012,1,January,2012-01-01,67543,66.8,4.8,25.29,tropical
NA,GRSM,NC,2012,1,January,2012-01-01,339004,39,2.1,35.6,southern
NA,ISRO,MI,2012,1,January,2012-01-01,583,NA,2.1,NA,NA
NA,REDW,CA,2012,1,January,2012-01-01,12338,NA,2.1,NA,NA
NA,SHEN,VA,2012,1,January,2012-01-01,42357,NA,2.1,NA,NA
NA,ACAD,ME,2012,2,February,2012-02-01,72598,24.2,1.9,44.34,northern
NA,BIBE,TX,2012,2,February,2012-02-01,11682,NA,1.9,NA,NA
NA,EVER,FL,2012,2,February,2012-02-01,72368,69.2,4.4,25.29,tropical
NA,GRSM,NC,2012,2,February,2012-02-01,387433,42,1.9,35.6,southern
NA,ISRO,MI,2012,2,February,2012-02-01,667,NA,1.9,NA,NA
NA,REDW,CA,2012,2,February,2012-02-01,14101,NA,1.9,NA,NA
NA,SHEN,VA,2012,2,February,2012-02-01,48408,NA,1.9,NA,NA
NA,ACAD,ME,2012,3,March,2012-03-01,111592,36.5,2.4,44.34,northern
NA,BIBE,TX,2012,3,March,2012-03-01,16063,NA,2.4,NA,NA
NA,EVER,FL,2012,3,March,2012-03-01,79605,76.4,5.5,25.29,tropical
NA,GRSM,NC,2012,3,March,2012-03-01,532721,51,2.4,35.6,southern
NA,ISRO,MI,2012,3,March,2012-03-01,916,NA,2.4,NA,NA
NA,REDW,CA,2012,3,March,2012-03-01,19388,NA,2.4,NA,NA
NA,SHEN,VA,2012,3,March,2012-03-01,66561,NA,2.4,NA,NA
NA,ACAD,ME,2012,4,April,2012-04-01,154534,51.4,2.7,44.34,northern
NA,BIBE,TX,2012,4,April,2012-04-01,20444,NA,2.7,NA,NA
NA,EVER,FL,2012,4,April,2012-04-01,84429,85.2,6.2,25.29,tropical
NA,GRSM,NC,2012,4,April,2012-04-01,678008,62,2.7,35.6,southern
NA,ISRO,MI,2012,4,April,2012-04-01,1166,NA,2.7,NA,NA
NA,REDW,CA,2012,4,April,2012-04-01,24676,NA,2.7,NA,NA
NA,SHEN,VA,2012,4,April,2012-04-01,84714,NA,2.7,NA,NA
NA,ACAD,ME,2012,5,May,2012-05-01,216955,65.8,3.1,44.34,northern
NA,BIBE,TX,2012,5,May,2012-05-01,26285,NA,3.1,NA,NA
NA,EVER,FL,2012,5,May,2012-05-01,86842,93.2,7.1,25.29,tropical
NA,GRSM,NC,2012,5,May,2012-05-01,871725,72,3.1,35.6,southern
NA,ISRO,MI,2012,5,May,2012-05-01,1500,NA,3.1,NA,NA
NA,REDW,CA,2012,5,May,2012-05-01,31727,NA,3.1,NA,NA
NA,SHEN,VA,2012,5,May,2012-05-01,108918,NA,3.1,NA,NA
NA,ACAD,ME,2012,6,June,2012-06-01,302054,78.6,3,44.34,northern
NA,BIBE,TX,2012,6,June,2012-06-01,33586,NA,3,NA,NA
NA,EVER,FL,2012,6,June,2012-06-01,90158,100.4,6.9,25.29,tropical
NA,GRSM,NC,2012,6,June,2012-06-01,1113870,81,3,35.6,southern
NA,ISRO,MI,2012,6,June,2012-06-01,1916,NA,3,NA,NA
NA,REDW,CA,2012,6,June,2012-06-01,40539,NA,3,NA,NA
NA,SHEN,VA,2012,6,June,2012-06-01,139173,NA,3,NA,NA
NA,ACAD,ME,2012,7,July,2012-07-01,393927,86.3,2.7,44.34,northern
NA,BIBE,TX,2012,7,July,2012-07-01,40888,NA,2.7,NA,NA
NA,EVER,FL,2012,7,July,2012-07-01,101315,104.4,6.2,25.29,tropical
NA,GRSM,NC,2012,7,July,2012-07-01,1356016,86,2.7,35.6,southern
NA,ISRO,MI,2012,7,July,2012-07-01,2333,NA,2.7,NA,NA
NA,REDW,CA,2012,7,July,2012-07-01,49352,NA,2.7,NA,NA
NA,SHEN,VA,2012,7,July,2012-07-01,169428,NA,2.7,NA,NA
NA,ACAD,ME,2012,8,August,2012-08-01,356423,83.8,2.6,44.34,northern
NA,BIBE,TX,2012,8,August,2012-08-01,37967,NA,2.6,NA,NA
NA,EVER,FL,2012,8,August,2012-08-01,101918,102.8,6,25.29,tropical
NA,GRSM,NC,2012,8,August,2012-08-01,1259158,84,2.6,35.6,southern
NA,ISRO,MI,2012,8,August,2012-08-01,2166,NA,2.6,NA,NA
NA,REDW,CA,2012,8,August,2012-08-01,45827,NA,2.6,NA,NA
NA,SHEN,VA,2012,8,August,2012-08-01,157326,NA,2.6,NA,NA
NA,ACAD,ME,2012,9,September,2012-09-01,267146,72,2.5,44.34,northern
NA,BIBE,TX,2012,9,September,2012-09-01,30666,NA,2.5,NA,NA
NA,EVER,FL,2012,9,September,2012-09-01,101315,96.4,5.8,25.29,tropical
NA,GRSM,NC,2012,9,September,2012-09-01,1017012,76,2.5,35.6,southern
NA,ISRO,MI,2012,9,September,2012-09-01,1750,NA,2.5,NA,NA
NA,REDW,CA,2012,9,September,2012-09-01,37014,NA,2.5,NA,NA
NA,SHEN,VA,2012,9,September,2012-09-01,127071,NA,2.5,NA,NA
NA,ACAD,ME,2012,10,October,2012-10-01,200844,55.5,2.5,44.34,northern
NA,BIBE,TX,2012,10,October,2012-10-01,24825,NA,2.5,NA,NA
NA,EVER,FL,2012,10,October,2012-10-01,112773,86.8,5.8,25.29,tropical
NA,GRSM,NC,2012,10,October,2012-10-01,823295,64,2.5,35.6,southern
NA,ISRO,MI,2012,10,October,2012-10-01,1416,NA,2.5,NA,NA
NA,REDW,CA,2012,10,October,2012-10-01,29964,NA,2.5,NA,NA
NA,SHEN,VA,2012,10,October,2012-10-01,102867,NA,2.5,NA,NA
NA,ACAD,ME,2012,11,November,2012-11-01,154534,37,2.5,44.34,northern
NA,BIBE,TX,2012,11,November,2012-11-01,20444,NA,2.5,NA,NA
NA,EVER,FL,2012,11,November,2012-11-01,118201,76.4,5.8,25.29,tropical
NA,GRSM,NC,2012,11,November,2012-11-01,678008,51,2.5,35.6,southern
NA,ISRO,MI,2012,11,November,2012-11-01,1166,NA,2.5,NA,NA
NA,REDW,CA,2012,11,November,2012-11-01,24676,NA,2.5,NA,NA
NA,SHEN,VA,2012,11,November,2012-11-01,84714,NA,2.5,NA,NA
NA,ACAD,ME,2012,12,December,2012-12-01,139822,24.2,2.3,44.34,northern
NA,BIBE,TX,2012,12,December,2012-12-01,18984,NA,2.3,NA,NA
NA,EVER,FL,2012,12,December,2012-12-01,125438,69.2,5.3,25.29,tropical
NA,GRSM,NC,2012,12,December,2012-12-01,629579,42,2.3,35.6,southern
NA,ISRO,MI,2012,12,December,2012-12-01,1083,NA,2.3,NA,NA
NA,REDW,CA,2012,12,December,2012-12-01,22914,NA,2.3,NA,NA
NA,SHEN,VA,2012,12,December,2012-12-01,78663,NA,2.3,NA,NA
NA,ACAD,ME,2013,1,January,2013-01-01,56230,20.1,2.1,44.34,northern
NA,BIBE,TX,2013,1,January,2013-01-01,11093,NA,2.1,NA,NA
NA,EVER,FL,2013,1,January,2013-01-01,61937,66.8,4.8,25.29,tropical
NA,GRSM,NC,2013,1,January,2013-01-01,327414,39,2.1,35.6,southern
NA,ISRO,MI,2013,1,January,2013-01-01,570,NA,2.1,NA,NA
NA,REDW,CA,2013,1,January,2013-01-01,13768,NA,2.1,NA,NA
NA,SHEN,VA,2013,1,January,2013-01-01,39778,NA,2.1,NA,NA
NA,ACAD,ME,2013,2,February,2013-02-01,67338,24.2,1.9,44.34,northern
NA,BIBE,TX,2013,2,February,2013-02-01,12678,NA,1.9,NA,NA
NA,EVER,FL,2013,2,February,2013-02-01,66361,69.2,4.4,25.29,tropical
NA,GRSM,NC,2013,2,February,2013-02-01,374188,42,1.9,35.6,southern
NA,ISRO,MI,2013,2,February,2013-02-01,651,NA,1.9,NA,NA
NA,REDW,CA,2013,2,February,2013-02-01,15735,NA,1.9,NA,NA
NA,SHEN,VA,2013,2,February,2013-02-01,45460,NA,1.9,NA,NA
NA,ACAD,ME,2013,3,March,2013-03-01,103507,36.5,2.4,44.34,northern
NA,BIBE,TX,2013,3,March,2013-03-01,17432,NA,2.4,NA,NA
NA,EVER,FL,2013,3,March,2013-03-01,72997,76.4,5.5,25.29,tropical
NA,GRSM,NC,2013,3,March,2013-03-01,514508,51,2.4,35.6,southern
NA,ISRO,MI,2013,3,March,2013-03-01,895,NA,2.4,NA,NA
NA,REDW,CA,2013,3,March,2013-03-01,21635,NA,2.4,NA,NA
NA,SHEN,VA,2013,3,March,2013-03-01,62508,NA,2.4,NA,NA
NA,ACAD,ME,2013,4,April,2013-04-01,143338,51.4,2.7,44.34,northern
NA,BIBE,TX,2013,4,April,2013-04-01,22187,NA,2.7,NA,NA
NA,EVER,FL,2013,4,April,2013-04-01,77421,85.2,6.2,25.29,tropical
NA,GRSM,NC,2013,4,April,2013-04-01,654829,62,2.7,35.6,southern
NA,ISRO,MI,2013,4,April,2013-04-01,1139,NA,2.7,NA,NA
NA,REDW,CA,2013,4,April,2013-04-01,27535,NA,2.7,NA,NA
NA,SHEN,VA,2013,4,April,2013-04-01,79555,NA,2.7,NA,NA
NA,ACAD,ME,2013,5,May,2013-05-01,201237,65.8,3.1,44.34,northern
NA,BIBE,TX,2013,5,May,2013-05-01,28526,NA,3.1,NA,NA
NA,EVER,FL,2013,5,May,2013-05-01,79633,93.2,7.1,25.29,tropical
NA,GRSM,NC,2013,5,May,2013-05-01,841923,72,3.1,35.6,southern
NA,ISRO,MI,2013,5,May,2013-05-01,1465,NA,3.1,NA,NA
NA,REDW,CA,2013,5,May,2013-05-01,35403,NA,3.1,NA,NA
NA,SHEN,VA,2013,5,May,2013-05-01,102285,NA,3.1,NA,NA
NA,ACAD,ME,2013,6,June,2013-06-01,280170,78.6,3,44.34,northern
NA,BIBE,TX,2013,6,June,2013-06-01,36450,NA,3,NA,NA
NA,EVER,FL,2013,6,June,2013-06-01,82674,100.4,6.9,25.29,tropical
NA,GRSM,NC,2013,6,June,2013-06-01,1075790,81,3,35.6,southern
NA,ISRO,MI,2013,6,June,2013-06-01,1872,NA,3,NA,NA
NA,REDW,CA,2013,6,June,2013-06-01,45237,NA,3,NA,NA
NA,SHEN,VA,2013,6,June,2013-06-01,130698,NA,3,NA,NA
NA,ACAD,ME,2013,7,July,2013-07-01,365387,86.3,2.7,44.34,northern
NA,BIBE,TX,2013,7,July,2013-07-01,44373,NA,2.7,NA,NA
NA,EVER,FL,2013,7,July,2013-07-01,92905,104.4,6.2,25.29,tropical
NA,GRSM,NC,2013,7,July,2013-07-01,1309657,86,2.7,35.6,southern
NA,ISRO,MI,2013,7,July,2013-07-01,2278,NA,2.7,NA,NA
NA,REDW,CA,2013,7,July,2013-07-01,55071,NA,2.7,NA,NA
NA,SHEN,VA,2013,7,July,2013-07-01,159111,NA,2.7,NA,NA
NA,ACAD,ME,2013,8,August,2013-08-01,330600,83.8,2.6,44.34,northern
NA,BIBE,TX,2013,8,August,2013-08-01,41204,NA,2.6,NA,NA
NA,EVER,FL,2013,8,August,2013-08-01,93458,102.8,6,25.29,tropical
NA,GRSM,NC,2013,8,August,2013-08-01,1216110,84,2.6,35.6,southern
NA,ISRO,MI,2013,8,August,2013-08-01,2116,NA,2.6,NA,NA
NA,REDW,CA,2013,8,August,2013-08-01,51137,NA,2.6,NA,NA
NA,SHEN,VA,2013,8,August,2013-08-01,147746,NA,2.6,NA,NA
NA,ACAD,ME,2013,9,September,2013-09-01,247791,72,2.5,44.34,northern
NA,BIBE,TX,2013,9,September,2013-09-01,33280,NA,2.5,NA,NA
NA,EVER,FL,2013,9,September,2013-09-01,92905,96.4,5.8,25.29,tropical
NA,GRSM,NC,2013,9,September,2013-09-01,982243,76,2.5,35.6,southern
NA,ISRO,MI,2013,9,September,2013-09-01,1709,NA,2.5,NA,NA
NA,REDW,CA,2013,9,September,2013-09-01,41303,NA,2.5,NA,NA
NA,SHEN,VA,2013,9,September,2013-09-01,119333,NA,2.5,NA,NA
NA,ACAD,ME,2013,10,October,2013-10-01,186293,55.5,2.5,44.34,northern
NA,BIBE,TX,2013,10,October,2013-10-01,26941,NA,2.5,NA,NA
NA,EVER,FL,2013,10,October,2013-10-01,103412,86.8,5.8,25.29,tropical
NA,GRSM,NC,2013,10,October,2013-10-01,795149,64,2.5,35.6,southern
NA,ISRO,MI,2013,10,October,2013-10-01,1383,NA,2.5,NA,NA
NA,REDW,CA,2013,10,October,2013-10-01,33436,NA,2.5,NA,NA
NA,SHEN,VA,2013,10,October,2013-10-01,96603,NA,2.5,NA,NA
NA,ACAD,ME,2013,11,November,2013-11-01,143338,37,2.5,44.34,northern
NA,BIBE,TX,2013,11,November,2013-11-01,22187,NA,2.5,NA,NA
NA,EVER,FL,2013,11,November,2013-11-01,108389,76.4,5.8,25.29,tropical
NA,GRSM,NC,2013,11,November,2013-11-01,654829,51,2.5,35.6,southern
NA,ISRO,MI,2013,11,November,2013-11-01,1139,NA,2.5,NA,NA
NA,REDW,CA,2013,11,November,2013-11-01,27535,NA,2.5,NA,NA
NA,SHEN,VA,2013,11,November,2013-11-01,79555,NA,2.5,NA,NA
NA,ACAD,ME,2013,12,December,2013-12-01,129692,24.2,2.3,44.34,northern
NA,BIBE,TX,2013,12,December,2013-12-01,20602,NA,2.3,NA,NA
NA,EVER,FL,2013,12,December,2013-12-01,115025,69.2,5.3,25.29,tropical
NA,GRSM,NC,2013,12,December,2013-12-01,608055,42,2.3,35.6,southern
NA,ISRO,MI,2013,12,December,2013-12-01,1058,NA,2.3,NA,NA
NA,REDW,CA,2013,12,December,2013-12-01,25569,NA,2.3,NA,NA
NA,SHEN,VA,2013,12,December,2013-12-01,73873,NA,2.3,NA,NA
NA,ACAD,ME,2014,1,January,2014-01-01,63916,20.1,2.1,44.34,northern
NA,BIBE,TX,2014,1,January,2014-01-01,10994,NA,2.1,NA,NA
NA,EVER,FL,2014,1,January,2014-01-01,65709,66.8,4.8,25.29,tropical
NA,GRSM,NC,2014,1,January,2014-01-01,353475,39,2.1,35.6,southern
NA,ISRO,MI,2014,1,January,2014-01-01,510,NA,2.1,NA,NA
NA,REDW,CA,2014,1,January,2014-01-01,15021,NA,2.1,NA,NA
NA,SHEN,VA,2014,1,January,2014-01-01,43936,NA,2.1,NA,NA
NA,ACAD,ME,2014,2,February,2014-02-01,76542,24.2,1.9,44.34,northern
NA,BIBE,TX,2014,2,February,2014-02-01,12564,NA,1.9,NA,NA
NA,EVER,FL,2014,2,February,2014-02-01,70403,69.2,4.4,25.29,tropical
NA,GRSM,NC,2014,2,February,2014-02-01,403971,42,1.9,35.6,southern
NA,ISRO,MI,2014,2,February,2014-02-01,582,NA,1.9,NA,NA
NA,REDW,CA,2014,2,February,2014-02-01,17167,NA,1.9,NA,NA
NA,SHEN,VA,2014,2,February,2014-02-01,50213,NA,1.9,NA,NA
NA,ACAD,ME,2014,3,March,2014-03-01,117654,36.5,2.4,44.34,northern
NA,BIBE,TX,2014,3,March,2014-03-01,17276,NA,2.4,NA,NA
NA,EVER,FL,2014,3,March,2014-03-01,77443,76.4,5.5,25.29,tropical
NA,GRSM,NC,2014,3,March,2014-03-01,555460,51,2.4,35.6,southern
NA,ISRO,MI,2014,3,March,2014-03-01,801,NA,2.4,NA,NA
NA,REDW,CA,2014,3,March,2014-03-01,23604,NA,2.4,NA,NA
NA,SHEN,VA,2014,3,March,2014-03-01,69043,NA,2.4,NA,NA
NA,ACAD,ME,2014,4,April,2014-04-01,162930,51.4,2.7,44.34,northern
NA,BIBE,TX,2014,4,April,2014-04-01,21987,NA,2.7,NA,NA
NA,EVER,FL,2014,4,April,2014-04-01,82137,85.2,6.2,25.29,tropical
NA,GRSM,NC,2014,4,April,2014-04-01,706949,62,2.7,35.6,southern
NA,ISRO,MI,2014,4,April,2014-04-01,1019,NA,2.7,NA,NA
NA,REDW,CA,2014,4,April,2014-04-01,30042,NA,2.7,NA,NA
NA,SHEN,VA,2014,4,April,2014-04-01,87872,NA,2.7,NA,NA
NA,ACAD,ME,2014,5,May,2014-05-01,228742,65.8,3.1,44.34,northern
NA,BIBE,TX,2014,5,May,2014-05-01,28269,NA,3.1,NA,NA
NA,EVER,FL,2014,5,May,2014-05-01,84484,93.2,7.1,25.29,tropical
NA,GRSM,NC,2014,5,May,2014-05-01,908935,72,3.1,35.6,southern
NA,ISRO,MI,2014,5,May,2014-05-01,1310,NA,3.1,NA,NA
NA,REDW,CA,2014,5,May,2014-05-01,38625,NA,3.1,NA,NA
NA,SHEN,VA,2014,5,May,2014-05-01,112979,NA,3.1,NA,NA
NA,ACAD,ME,2014,6,June,2014-06-01,318464,78.6,3,44.34,northern
NA,BIBE,TX,2014,6,June,2014-06-01,36122,NA,3,NA,NA
NA,EVER,FL,2014,6,June,2014-06-01,87710,100.4,6.9,25.29,tropical
NA,GRSM,NC,2014,6,June,2014-06-01,1161417,81,3,35.6,southern
NA,ISRO,MI,2014,6,June,2014-06-01,1674,NA,3,NA,NA
NA,REDW,CA,2014,6,June,2014-06-01,49354,NA,3,NA,NA
NA,SHEN,VA,2014,6,June,2014-06-01,144362,NA,3,NA,NA
NA,ACAD,ME,2014,7,July,2014-07-01,415329,86.3,2.7,44.34,northern
NA,BIBE,TX,2014,7,July,2014-07-01,43974,NA,2.7,NA,NA
NA,EVER,FL,2014,7,July,2014-07-01,98564,104.4,6.2,25.29,tropical
NA,GRSM,NC,2014,7,July,2014-07-01,1413899,86,2.7,35.6,southern
NA,ISRO,MI,2014,7,July,2014-07-01,2038,NA,2.7,NA,NA
NA,REDW,CA,2014,7,July,2014-07-01,60083,NA,2.7,NA,NA
NA,SHEN,VA,2014,7,July,2014-07-01,175745,NA,2.7,NA,NA
NA,ACAD,ME,2014,8,August,2014-08-01,375788,83.8,2.6,44.34,northern
NA,BIBE,TX,2014,8,August,2014-08-01,40833,NA,2.6,NA,NA
NA,EVER,FL,2014,8,August,2014-08-01,99151,102.8,6,25.29,tropical
NA,GRSM,NC,2014,8,August,2014-08-01,1312906,84,2.6,35.6,southern
NA,ISRO,MI,2014,8,August,2014-08-01,1893,NA,2.6,NA,NA
NA,REDW,CA,2014,8,August,2014-08-01,55792,NA,2.6,NA,NA
NA,SHEN,VA,2014,8,August,2014-08-01,163192,NA,2.6,NA,NA
NA,ACAD,ME,2014,9,September,2014-09-01,281660,72,2.5,44.34,northern
NA,BIBE,TX,2014,9,September,2014-09-01,32981,NA,2.5,NA,NA
NA,EVER,FL,2014,9,September,2014-09-01,98564,96.4,5.8,25.29,tropical
NA,GRSM,NC,2014,9,September,2014-09-01,1060424,76,2.5,35.6,southern
NA,ISRO,MI,2014,9,September,2014-09-01,1529,NA,2.5,NA,NA
NA,REDW,CA,2014,9,September,2014-09-01,45062,NA,2.5,NA,NA
NA,SHEN,VA,2014,9,September,2014-09-01,131809,NA,2.5,NA,NA
NA,ACAD,ME,2014,10,October,2014-10-01,211755,55.5,2.5,44.34,northern
NA,BIBE,TX,2014,10,October,2014-10-01,26699,NA,2.5,NA,NA
NA,EVER,FL,2014,10,October,2014-10-01,109711,86.8,5.8,25.29,tropical
NA,GRSM,NC,2014,10,October,2014-10-01,858438,64,2.5,35.6,southern
NA,ISRO,MI,2014,10,October,2014-10-01,1238,NA,2.5,NA,NA
NA,REDW,CA,2014,10,October,2014-10-01,36479,NA,2.5,NA,NA
NA,SHEN,VA,2014,10,October,2014-10-01,106702,NA,2.5,NA,NA
NA,ACAD,ME,2014,11,November,2014-11-01,162930,37,2.5,44.34,northern
NA,BIBE,TX,2014,11,November,2014-11-01,21987,NA,2.5,NA,NA
NA,EVER,FL,2014,11,November,2014-11-01,114992,76.4,5.8,25.29,tropical
NA,GRSM,NC,2014,11,November,2014-11-01,706949,51,2.5,35.6,southern
NA,ISRO,MI,2014,11,November,2014-11-01,1019,NA,2.5,NA,NA
NA,REDW,CA,2014,11,November,2014-11-01,30042,NA,2.5,NA,NA
NA,SHEN,VA,2014,11,November,2014-11-01,87872,NA,2.5,NA,NA
NA,ACAD,ME,2014,12,December,2014-12-01,147418,24.2,2.3,44.34,northern
NA,BIBE,TX,2014,12,December,2014-12-01,20417,NA,2.3,NA,NA
NA,EVER,FL,2014,12,December,2014-12-01,122032,69.2,5.3,25.29,tropical
NA,GRSM,NC,2014,12,December,2014-12-01,656453,42,2.3,35.6,southern
NA,ISRO,MI,2014,12,December,2014-12-01,946,NA,2.3,NA,NA
NA,REDW,CA,2014,12,December,2014-12-01,27896,NA,2.3,NA,NA
NA,SHEN,VA,2014,12,December,2014-12-01,81596,NA,2.3,NA,NA
NA,ACAD,ME,2015,1,January,2015-01-01,70102,20.1,2.1,44.34,northern
NA,BIBE,TX,2015,1,January,2015-01-01,13361,NA,2.1,NA,NA
NA,EVER,FL,2015,1,January,2015-01-01,63730,66.8,4.8,25.29,tropical
NA,GRSM,NC,2015,1,January,2015-01-01,374944,39,2.1,35.6,southern
NA,ISRO,MI,2015,1,January,2015-01-01,654,NA,2.1,NA,NA
NA,REDW,CA,2015,1,January,2015-01-01,18450,NA,2.1,NA,NA
NA,SHEN,VA,2015,1,January,2015-01-01,46266,NA,2.1,NA,NA
NA,ACAD,ME,2015,2,February,2015-02-01,83950,24.2,1.9,44.34,northern
NA,BIBE,TX,2015,2,February,2015-02-01,15270,NA,1.9,NA,NA
NA,EVER,FL,2015,2,February,2015-02-01,68282,69.2,4.4,25.29,tropical
NA,GRSM,NC,2015,2,February,2015-02-01,428507,42,1.9,35.6,southern
NA,ISRO,MI,2015,2,February,2015-02-01,747,NA,1.9,NA,NA
NA,REDW,CA,2015,2,February,2015-02-01,21086,NA,1.9,NA,NA
NA,SHEN,VA,2015,2,February,2015-02-01,52875,NA,1.9,NA,NA
NA,ACAD,ME,2015,3,March,2015-03-01,129041,36.5,2.4,44.34,northern
NA,BIBE,TX,2015,3,March,2015-03-01,20996,NA,2.4,NA,NA
NA,EVER,FL,2015,3,March,2015-03-01,75110,76.4,5.5,25.29,tropical
NA,GRSM,NC,2015,3,March,2015-03-01,589197,51,2.4,35.6,southern
NA,ISRO,MI,2015,3,March,2015-03-01,1028,NA,2.4,NA,NA
NA,REDW,CA,2015,3,March,2015-03-01,28993,NA,2.4,NA,NA
NA,SHEN,VA,2015,3,March,2015-03-01,72703,NA,2.4,NA,NA
NA,ACAD,ME,2015,4,April,2015-04-01,178698,51.4,2.7,44.34,northern
NA,BIBE,TX,2015,4,April,2015-04-01,26722,NA,2.7,NA,NA
NA,EVER,FL,2015,4,April,2015-04-01,79662,85.2,6.2,25.29,tropical
NA,GRSM,NC,2015,4,April,2015-04-01,749887,62,2.7,35.6,southern
NA,ISRO,MI,2015,4,April,2015-04-01,1308,NA,2.7,NA,NA
NA,REDW,CA,2015,4,April,2015-04-01,36900,NA,2.7,NA,NA
NA,SHEN,VA,2015,4,April,2015-04-01,92531,NA,2.7,NA,NA
NA,ACAD,ME,2015,5,May,2015-05-01,250879,65.8,3.1,44.34,northern
NA,BIBE,TX,2015,5,May,2015-05-01,34357,NA,3.1,NA,NA
NA,EVER,FL,2015,5,May,2015-05-01,81938,93.2,7.1,25.29,tropical
NA,GRSM,NC,2015,5,May,2015-05-01,964141,72,3.1,35.6,southern
NA,ISRO,MI,2015,5,May,2015-05-01,1682,NA,3.1,NA,NA
NA,REDW,CA,2015,5,May,2015-05-01,47443,NA,3.1,NA,NA
NA,SHEN,VA,2015,5,May,2015-05-01,118969,NA,3.1,NA,NA
NA,ACAD,ME,2015,6,June,2015-06-01,349285,78.6,3,44.34,northern
NA,BIBE,TX,2015,6,June,2015-06-01,43901,NA,3,NA,NA
NA,EVER,FL,2015,6,June,2015-06-01,85068,100.4,6.9,25.29,tropical
NA,GRSM,NC,2015,6,June,2015-06-01,1231958,81,3,35.6,southern
NA,ISRO,MI,2015,6,June,2015-06-01,2149,NA,3,NA,NA
NA,REDW,CA,2015,6,June,2015-06-01,60621,NA,3,NA,NA
NA,SHEN,VA,2015,6,June,2015-06-01,152015,NA,3,NA,NA
NA,ACAD,ME,2015,7,July,2015-07-01,455523,86.3,2.7,44.34,northern
NA,BIBE,TX,2015,7,July,2015-07-01,53445,NA,2.7,NA,NA
NA,EVER,FL,2015,7,July,2015-07-01,95594,104.4,6.2,25.29,tropical
NA,GRSM,NC,2015,7,July,2015-07-01,1499774,86,2.7,35.6,southern
NA,ISRO,MI,2015,7,July,2015-07-01,2616,NA,2.7,NA,NA
NA,REDW,CA,2015,7,July,2015-07-01,73800,NA,2.7,NA,NA
NA,SHEN,VA,2015,7,July,2015-07-01,185062,NA,2.7,NA,NA
NA,ACAD,ME,2015,8,August,2015-08-01,412156,83.8,2.6,44.34,northern
NA,BIBE,TX,2015,8,August,2015-08-01,49627,NA,2.6,NA,NA
NA,EVER,FL,2015,8,August,2015-08-01,96163,102.8,6,25.29,tropical
NA,GRSM,NC,2015,8,August,2015-08-01,1392648,84,2.6,35.6,southern
NA,ISRO,MI,2015,8,August,2015-08-01,2429,NA,2.6,NA,NA
NA,REDW,CA,2015,8,August,2015-08-01,68529,NA,2.6,NA,NA
NA,SHEN,VA,2015,8,August,2015-08-01,171843,NA,2.6,NA,NA
NA,ACAD,ME,2015,9,September,2015-09-01,308918,72,2.5,44.34,northern
NA,BIBE,TX,2015,9,September,2015-09-01,40083,NA,2.5,NA,NA
NA,EVER,FL,2015,9,September,2015-09-01,95594,96.4,5.8,25.29,tropical
NA,GRSM,NC,2015,9,September,2015-09-01,1124831,76,2.5,35.6,southern
NA,ISRO,MI,2015,9,September,2015-09-01,1962,NA,2.5,NA,NA
NA,REDW,CA,2015,9,September,2015-09-01,55350,NA,2.5,NA,NA
NA,SHEN,VA,2015,9,September,2015-09-01,138797,NA,2.5,NA,NA
NA,ACAD,ME,2015,10,October,2015-10-01,232249,55.5,2.5,44.34,northern
NA,BIBE,TX,2015,10,October,2015-10-01,32448,NA,2.5,NA,NA
NA,EVER,FL,2015,10,October,2015-10-01,106406,86.8,5.8,25.29,tropical
NA,GRSM,NC,2015,10,October,2015-10-01,910577,64,2.5,35.6,southern
NA,ISRO,MI,2015,10,October,2015-10-01,1588,NA,2.5,NA,NA
NA,REDW,CA,2015,10,October,2015-10-01,44807,NA,2.5,NA,NA
NA,SHEN,VA,2015,10,October,2015-10-01,112359,NA,2.5,NA,NA
NA,ACAD,ME,2015,11,November,2015-11-01,178698,37,2.5,44.34,northern
NA,BIBE,TX,2015,11,November,2015-11-01,26722,NA,2.5,NA,NA
NA,EVER,FL,2015,11,November,2015-11-01,111527,76.4,5.8,25.29,tropical
NA,GRSM,NC,2015,11,November,2015-11-01,749887,51,2.5,35.6,southern
NA,ISRO,MI,2015,11,November,2015-11-01,1308,NA,2.5,NA,NA
NA,REDW,CA,2015,11,November,2015-11-01,36900,NA,2.5,NA,NA
NA,SHEN,VA,2015,11,November,2015-11-01,92531,NA,2.5,NA,NA
NA,ACAD,ME,2015,12,December,2015-12-01,161685,24.2,2.3,44.34,northern
NA,BIBE,TX,2015,12,December,2015-12-01,24814,NA,2.3,NA,NA
NA,EVER,FL,2015,12,December,2015-12-01,118355,69.2,5.3,25.29,tropical
NA,GRSM,NC,2015,12,December,2015-12-01,696324,42,2.3,35.6,southern
NA,ISRO,MI,2015,12,December,2015-12-01,1214,NA,2.3,NA,NA
NA,REDW,CA,2015,12,December,2015-12-01,34264,NA,2.3,NA,NA
NA,SHEN,VA,2015,12,December,2015-12-01,85922,NA,2.3,NA,NA
NA,ACAD,ME,2016,1,January,2016-01-01,82376,20.1,2.1,44.34,northern
NA,BIBE,TX,2016,1,January,2016-01-01,13590,NA,2.1,NA,NA
NA,EVER,FL,2016,1,January,2016-01-01,55063,66.8,4.8,25.29,tropical
NA,GRSM,NC,2016,1,January,2016-01-01,395948,39,2.1,35.6,southern
NA,ISRO,MI,2016,1,January,2016-01-01,874,NA,2.1,NA,NA
NA,REDW,CA,2016,1,January,2016-01-01,18770,NA,2.1,NA,NA
NA,SHEN,VA,2016,1,January,2016-01-01,50307,NA,2.1,NA,NA
NA,ACAD,ME,2016,2,February,2016-02-01,98648,24.2,1.9,44.34,northern
NA,BIBE,TX,2016,2,February,2016-02-01,15532,NA,1.9,NA,NA
NA,EVER,FL,2016,2,February,2016-02-01,58996,69.2,4.4,25.29,tropical
NA,GRSM,NC,2016,2,February,2016-02-01,452511,42,1.9,35.6,southern
NA,ISRO,MI,2016,2,February,2016-02-01,999,NA,1.9,NA,NA
NA,REDW,CA,2016,2,February,2016-02-01,21452,NA,1.9,NA,NA
NA,SHEN,VA,2016,2,February,2016-02-01,57494,NA,1.9,NA,NA
NA,ACAD,ME,2016,3,March,2016-03-01,151635,36.5,2.4,44.34,northern
NA,BIBE,TX,2016,3,March,2016-03-01,21356,NA,2.4,NA,NA
NA,EVER,FL,2016,3,March,2016-03-01,64896,76.4,5.5,25.29,tropical
NA,GRSM,NC,2016,3,March,2016-03-01,622203,51,2.4,35.6,southern
NA,ISRO,MI,2016,3,March,2016-03-01,1373,NA,2.4,NA,NA
NA,REDW,CA,2016,3,March,2016-03-01,29496,NA,2.4,NA,NA
NA,SHEN,VA,2016,3,March,2016-03-01,79054,NA,2.4,NA,NA
NA,ACAD,ME,2016,4,April,2016-04-01,209986,51.4,2.7,44.34,northern
NA,BIBE,TX,2016,4,April,2016-04-01,27180,NA,2.7,NA,NA
NA,EVER,FL,2016,4,April,2016-04-01,68829,85.2,6.2,25.29,tropical
NA,GRSM,NC,2016,4,April,2016-04-01,791895,62,2.7,35.6,southern
NA,ISRO,MI,2016,4,April,2016-04-01,1748,NA,2.7,NA,NA
NA,REDW,CA,2016,4,April,2016-04-01,37541,NA,2.7,NA,NA
NA,SHEN,VA,2016,4,April,2016-04-01,100614,NA,2.7,NA,NA
NA,ACAD,ME,2016,5,May,2016-05-01,294806,65.8,3.1,44.34,northern
NA,BIBE,TX,2016,5,May,2016-05-01,34946,NA,3.1,NA,NA
NA,EVER,FL,2016,5,May,2016-05-01,70795,93.2,7.1,25.29,tropical
NA,GRSM,NC,2016,5,May,2016-05-01,1018151,72,3.1,35.6,southern
NA,ISRO,MI,2016,5,May,2016-05-01,2247,NA,3.1,NA,NA
NA,REDW,CA,2016,5,May,2016-05-01,48267,NA,3.1,NA,NA
NA,SHEN,VA,2016,5,May,2016-05-01,129361,NA,3.1,NA,NA
NA,ACAD,ME,2016,6,June,2016-06-01,410441,78.6,3,44.34,northern
NA,BIBE,TX,2016,6,June,2016-06-01,44653,NA,3,NA,NA
NA,EVER,FL,2016,6,June,2016-06-01,73499,100.4,6.9,25.29,tropical
NA,GRSM,NC,2016,6,June,2016-06-01,1300970,81,3,35.6,southern
NA,ISRO,MI,2016,6,June,2016-06-01,2871,NA,3,NA,NA
NA,REDW,CA,2016,6,June,2016-06-01,61674,NA,3,NA,NA
NA,SHEN,VA,2016,6,June,2016-06-01,165294,NA,3,NA,NA
NA,ACAD,ME,2016,7,July,2016-07-01,535281,86.3,2.7,44.34,northern
NA,BIBE,TX,2016,7,July,2016-07-01,54361,NA,2.7,NA,NA
NA,EVER,FL,2016,7,July,2016-07-01,82594,104.4,6.2,25.29,tropical
NA,GRSM,NC,2016,7,July,2016-07-01,1583790,86,2.7,35.6,southern
NA,ISRO,MI,2016,7,July,2016-07-01,3495,NA,2.7,NA,NA
NA,REDW,CA,2016,7,July,2016-07-01,75082,NA,2.7,NA,NA
NA,SHEN,VA,2016,7,July,2016-07-01,201228,NA,2.7,NA,NA
NA,ACAD,ME,2016,8,August,2016-08-01,484320,83.8,2.6,44.34,northern
NA,BIBE,TX,2016,8,August,2016-08-01,50478,NA,2.6,NA,NA
NA,EVER,FL,2016,8,August,2016-08-01,83086,102.8,6,25.29,tropical
NA,GRSM,NC,2016,8,August,2016-08-01,1470662,84,2.6,35.6,southern
NA,ISRO,MI,2016,8,August,2016-08-01,3246,NA,2.6,NA,NA
NA,REDW,CA,2016,8,August,2016-08-01,69719,NA,2.6,NA,NA
NA,SHEN,VA,2016,8,August,2016-08-01,186854,NA,2.6,NA,NA
NA,ACAD,ME,2016,9,September,2016-09-01,363006,72,2.5,44.34,northern
NA,BIBE,TX,2016,9,September,2016-09-01,40770,NA,2.5,NA,NA
NA,EVER,FL,2016,9,September,2016-09-01,82594,96.4,5.8,25.29,tropical
NA,GRSM,NC,2016,9,September,2016-09-01,1187843,76,2.5,35.6,southern
NA,ISRO,MI,2016,9,September,2016-09-01,2621,NA,2.5,NA,NA
NA,REDW,CA,2016,9,September,2016-09-01,56311,NA,2.5,NA,NA
NA,SHEN,VA,2016,9,September,2016-09-01,150921,NA,2.5,NA,NA
NA,ACAD,ME,2016,10,October,2016-10-01,272913,55.5,2.5,44.34,northern
NA,BIBE,TX,2016,10,October,2016-10-01,33005,NA,2.5,NA,NA
NA,EVER,FL,2016,10,October,2016-10-01,91935,86.8,5.8,25.29,tropical
NA,GRSM,NC,2016,10,October,2016-10-01,961587,64,2.5,35.6,southern
NA,ISRO,MI,2016,10,October,2016-10-01,2122,NA,2.5,NA,NA
NA,REDW,CA,2016,10,October,2016-10-01,45585,NA,2.5,NA,NA
NA,SHEN,VA,2016,10,October,2016-10-01,122174,NA,2.5,NA,NA
NA,ACAD,ME,2016,11,November,2016-11-01,209986,37,2.5,44.34,northern
NA,BIBE,TX,2016,11,November,2016-11-01,27180,NA,2.5,NA,NA
NA,EVER,FL,2016,11,November,2016-11-01,96360,76.4,5.8,25.29,tropical
NA,GRSM,NC,2016,11,November,2016-11-01,791895,51,2.5,35.6,southern
NA,ISRO,MI,2016,11,November,2016-11-01,1748,NA,2.5,NA,NA
NA,REDW,CA,2016,11,November,2016-11-01,37541,NA,2.5,NA,NA
NA,SHEN,VA,2016,11,November,2016-11-01,100614,NA,2.5,NA,NA
NA,ACAD,ME,2016,12,December,2016-12-01,189995,24.2,2.3,44.34,northern
NA,BIBE,TX,2016,12,December,2016-12-01,25239,NA,2.3,NA,NA
NA,EVER,FL,2016,12,December,2016-12-01,102260,69.2,5.3,25.29,tropical
NA,GRSM,NC,2016,12,December,2016-12-01,735331,42,2.3,35.6,southern
NA,ISRO,MI,2016,12,December,2016-12-01,1623,NA,2.3,NA,NA
NA,REDW,CA,2016,12,December,2016-12-01,34859,NA,2.3,NA,NA
NA,SHEN,VA,2016,12,December,2016-12-01,93427,NA,2.3,NA,NA
